2026-07-19 14:41:42,613 - ============================================================
2026-07-19 14:41:42,615 - TRAINING STARTED
2026-07-19 14:41:42,616 - Epochs: 200, Batch size: 4096
2026-07-19 14:41:42,617 - Train set size: 472547
2026-07-19 14:41:42,619 - Validation set size: 202521
2026-07-19 14:41:42,620 - ============================================================
2026-07-19 14:41:42,621 - 
--- EPOCH 1/200 ---
2026-07-19 14:41:42,622 - Starting epoch 1
2026-07-19 14:41:44,045 - Epoch 1 results:
2026-07-19 14:41:44,046 -   Train Loss:           0.207747
2026-07-19 14:41:44,047 -   Val/Test Loss:        0.205143
2026-07-19 14:41:44,048 -   Train Bal.Accuracy:   0.677171
2026-07-19 14:41:44,049 -   Val/Test Bal.Accuracy:0.680938
2026-07-19 14:41:44,050 -   Loss gap:             0.002603
2026-07-19 14:41:44,051 -   Accuracy gap:         -0.003767
2026-07-19 14:41:44,052 -   Epoch time:           1.42 sec
2026-07-19 14:41:44,052 - 
--- EPOCH 2/200 ---
2026-07-19 14:41:44,053 - Starting epoch 2
2026-07-19 14:41:45,333 - Epoch 2 results:
2026-07-19 14:41:45,334 -   Train Loss:           0.206110
2026-07-19 14:41:45,335 -   Val/Test Loss:        0.203598
2026-07-19 14:41:45,336 -   Train Bal.Accuracy:   0.698762
2026-07-19 14:41:45,337 -   Val/Test Bal.Accuracy:0.700908
2026-07-19 14:41:45,338 -   Loss gap:             0.002512
2026-07-19 14:41:45,339 -   Accuracy gap:         -0.002145
2026-07-19 14:41:45,340 -   Epoch time:           1.28 sec
2026-07-19 14:41:45,341 - 
--- EPOCH 3/200 ---
2026-07-19 14:41:45,342 - Starting epoch 3
2026-07-19 14:41:46,626 - Epoch 3 results:
2026-07-19 14:41:46,627 -   Train Loss:           0.205502
2026-07-19 14:41:46,628 -   Val/Test Loss:        0.203020
2026-07-19 14:41:46,629 -   Train Bal.Accuracy:   0.706923
2026-07-19 14:41:46,630 -   Val/Test Bal.Accuracy:0.709543
2026-07-19 14:41:46,631 -   Loss gap:             0.002481
2026-07-19 14:41:46,632 -   Accuracy gap:         -0.002620
2026-07-19 14:41:46,633 -   Epoch time:           1.29 sec
2026-07-19 14:41:46,634 - 
--- EPOCH 4/200 ---
2026-07-19 14:41:46,635 - Starting epoch 4
2026-07-19 14:41:48,075 - Epoch 4 results:
2026-07-19 14:41:48,076 -   Train Loss:           0.205206
2026-07-19 14:41:48,076 -   Val/Test Loss:        0.202743
2026-07-19 14:41:48,077 -   Train Bal.Accuracy:   0.710026
2026-07-19 14:41:48,078 -   Val/Test Bal.Accuracy:0.712858
2026-07-19 14:41:48,078 -   Loss gap:             0.002462
2026-07-19 14:41:48,079 -   Accuracy gap:         -0.002831
2026-07-19 14:41:48,080 -   Epoch time:           1.44 sec
2026-07-19 14:41:48,081 - 
--- EPOCH 5/200 ---
2026-07-19 14:41:48,082 - Starting epoch 5
2026-07-19 14:41:49,278 - Epoch 5 results:
2026-07-19 14:41:49,280 -   Train Loss:           0.205038
2026-07-19 14:41:49,281 -   Val/Test Loss:        0.202591
2026-07-19 14:41:49,282 -   Train Bal.Accuracy:   0.711146
2026-07-19 14:41:49,282 -   Val/Test Bal.Accuracy:0.714318
2026-07-19 14:41:49,283 -   Loss gap:             0.002447
2026-07-19 14:41:49,284 -   Accuracy gap:         -0.003171
2026-07-19 14:41:49,285 -   Epoch time:           1.20 sec
2026-07-19 14:41:49,285 - 
--- EPOCH 6/200 ---
2026-07-19 14:41:49,286 - Starting epoch 6
2026-07-19 14:41:50,463 - Epoch 6 results:
2026-07-19 14:41:50,464 -   Train Loss:           0.204934
2026-07-19 14:41:50,465 -   Val/Test Loss:        0.202499
2026-07-19 14:41:50,466 -   Train Bal.Accuracy:   0.711569
2026-07-19 14:41:50,467 -   Val/Test Bal.Accuracy:0.714866
2026-07-19 14:41:50,468 -   Loss gap:             0.002435
2026-07-19 14:41:50,469 -   Accuracy gap:         -0.003297
2026-07-19 14:41:50,469 -   Epoch time:           1.18 sec
2026-07-19 14:41:50,470 - 
--- EPOCH 7/200 ---
2026-07-19 14:41:50,471 - Starting epoch 7
2026-07-19 14:41:51,658 - Epoch 7 results:
2026-07-19 14:41:51,659 -   Train Loss:           0.204865
2026-07-19 14:41:51,660 -   Val/Test Loss:        0.202441
2026-07-19 14:41:51,660 -   Train Bal.Accuracy:   0.711902
2026-07-19 14:41:51,661 -   Val/Test Bal.Accuracy:0.714979
2026-07-19 14:41:51,662 -   Loss gap:             0.002424
2026-07-19 14:41:51,663 -   Accuracy gap:         -0.003076
2026-07-19 14:41:51,664 -   Epoch time:           1.19 sec
2026-07-19 14:41:51,665 - 
--- EPOCH 8/200 ---
2026-07-19 14:41:51,666 - Starting epoch 8
2026-07-19 14:41:53,060 - Epoch 8 results:
2026-07-19 14:41:53,061 -   Train Loss:           0.204817
2026-07-19 14:41:53,062 -   Val/Test Loss:        0.202403
2026-07-19 14:41:53,063 -   Train Bal.Accuracy:   0.711609
2026-07-19 14:41:53,064 -   Val/Test Bal.Accuracy:0.714746
2026-07-19 14:41:53,065 -   Loss gap:             0.002414
2026-07-19 14:41:53,066 -   Accuracy gap:         -0.003138
2026-07-19 14:41:53,067 -   Epoch time:           1.40 sec
2026-07-19 14:41:53,067 - 
--- EPOCH 9/200 ---
2026-07-19 14:41:53,069 - Starting epoch 9
2026-07-19 14:41:54,320 - Epoch 9 results:
2026-07-19 14:41:54,321 -   Train Loss:           0.204782
2026-07-19 14:41:54,322 -   Val/Test Loss:        0.202377
2026-07-19 14:41:54,323 -   Train Bal.Accuracy:   0.711649
2026-07-19 14:41:54,324 -   Val/Test Bal.Accuracy:0.714825
2026-07-19 14:41:54,325 -   Loss gap:             0.002406
2026-07-19 14:41:54,326 -   Accuracy gap:         -0.003176
2026-07-19 14:41:54,327 -   Epoch time:           1.25 sec
2026-07-19 14:41:54,327 - 
--- EPOCH 10/200 ---
2026-07-19 14:41:54,328 - Starting epoch 10
2026-07-19 14:41:55,491 - Epoch 10 results:
2026-07-19 14:41:55,492 -   Train Loss:           0.204757
2026-07-19 14:41:55,492 -   Val/Test Loss:        0.202358
2026-07-19 14:41:55,493 -   Train Bal.Accuracy:   0.711678
2026-07-19 14:41:55,494 -   Val/Test Bal.Accuracy:0.714988
2026-07-19 14:41:55,495 -   Loss gap:             0.002399
2026-07-19 14:41:55,496 -   Accuracy gap:         -0.003310
2026-07-19 14:41:55,497 -   Epoch time:           1.16 sec
2026-07-19 14:41:55,497 - 
--- EPOCH 11/200 ---
2026-07-19 14:41:55,498 - Starting epoch 11
2026-07-19 14:41:56,793 - Epoch 11 results:
2026-07-19 14:41:56,794 -   Train Loss:           0.204738
2026-07-19 14:41:56,795 -   Val/Test Loss:        0.202345
2026-07-19 14:41:56,796 -   Train Bal.Accuracy:   0.711674
2026-07-19 14:41:56,797 -   Val/Test Bal.Accuracy:0.715050
2026-07-19 14:41:56,798 -   Loss gap:             0.002392
2026-07-19 14:41:56,799 -   Accuracy gap:         -0.003376
2026-07-19 14:41:56,800 -   Epoch time:           1.30 sec
2026-07-19 14:41:56,801 - 
--- EPOCH 12/200 ---
2026-07-19 14:41:56,802 - Starting epoch 12
2026-07-19 14:41:58,131 - Epoch 12 results:
2026-07-19 14:41:58,132 -   Train Loss:           0.204722
2026-07-19 14:41:58,133 -   Val/Test Loss:        0.202335
2026-07-19 14:41:58,134 -   Train Bal.Accuracy:   0.711681
2026-07-19 14:41:58,135 -   Val/Test Bal.Accuracy:0.715123
2026-07-19 14:41:58,136 -   Loss gap:             0.002387
2026-07-19 14:41:58,137 -   Accuracy gap:         -0.003441
2026-07-19 14:41:58,138 -   Epoch time:           1.33 sec
2026-07-19 14:41:58,139 - 
--- EPOCH 13/200 ---
2026-07-19 14:41:58,140 - Starting epoch 13
2026-07-19 14:41:59,393 - Epoch 13 results:
2026-07-19 14:41:59,394 -   Train Loss:           0.204710
2026-07-19 14:41:59,395 -   Val/Test Loss:        0.202328
2026-07-19 14:41:59,396 -   Train Bal.Accuracy:   0.711499
2026-07-19 14:41:59,396 -   Val/Test Bal.Accuracy:0.714914
2026-07-19 14:41:59,398 -   Loss gap:             0.002382
2026-07-19 14:41:59,399 -   Accuracy gap:         -0.003415
2026-07-19 14:41:59,400 -   Epoch time:           1.25 sec
2026-07-19 14:41:59,401 - 
--- EPOCH 14/200 ---
2026-07-19 14:41:59,402 - Starting epoch 14
2026-07-19 14:42:00,763 - Epoch 14 results:
2026-07-19 14:42:00,765 -   Train Loss:           0.204700
2026-07-19 14:42:00,766 -   Val/Test Loss:        0.202322
2026-07-19 14:42:00,767 -   Train Bal.Accuracy:   0.711602
2026-07-19 14:42:00,768 -   Val/Test Bal.Accuracy:0.714851
2026-07-19 14:42:00,769 -   Loss gap:             0.002378
2026-07-19 14:42:00,770 -   Accuracy gap:         -0.003248
2026-07-19 14:42:00,771 -   Epoch time:           1.36 sec
2026-07-19 14:42:00,772 - 
--- EPOCH 15/200 ---
2026-07-19 14:42:00,772 - Starting epoch 15
2026-07-19 14:42:02,199 - Epoch 15 results:
2026-07-19 14:42:02,200 -   Train Loss:           0.204692
2026-07-19 14:42:02,201 -   Val/Test Loss:        0.202317
2026-07-19 14:42:02,202 -   Train Bal.Accuracy:   0.711625
2026-07-19 14:42:02,203 -   Val/Test Bal.Accuracy:0.714739
2026-07-19 14:42:02,204 -   Loss gap:             0.002374
2026-07-19 14:42:02,205 -   Accuracy gap:         -0.003114
2026-07-19 14:42:02,206 -   Epoch time:           1.43 sec
2026-07-19 14:42:02,206 - 
--- EPOCH 16/200 ---
2026-07-19 14:42:02,207 - Starting epoch 16
2026-07-19 14:42:03,600 - Epoch 16 results:
2026-07-19 14:42:03,601 -   Train Loss:           0.204684
2026-07-19 14:42:03,602 -   Val/Test Loss:        0.202313
2026-07-19 14:42:03,603 -   Train Bal.Accuracy:   0.711737
2026-07-19 14:42:03,604 -   Val/Test Bal.Accuracy:0.714951
2026-07-19 14:42:03,605 -   Loss gap:             0.002371
2026-07-19 14:42:03,606 -   Accuracy gap:         -0.003214
2026-07-19 14:42:03,607 -   Epoch time:           1.39 sec
2026-07-19 14:42:03,608 - 
--- EPOCH 17/200 ---
2026-07-19 14:42:03,609 - Starting epoch 17
2026-07-19 14:42:04,892 - Epoch 17 results:
2026-07-19 14:42:04,893 -   Train Loss:           0.204678
2026-07-19 14:42:04,894 -   Val/Test Loss:        0.202310
2026-07-19 14:42:04,895 -   Train Bal.Accuracy:   0.711784
2026-07-19 14:42:04,895 -   Val/Test Bal.Accuracy:0.715037
2026-07-19 14:42:04,896 -   Loss gap:             0.002368
2026-07-19 14:42:04,897 -   Accuracy gap:         -0.003254
2026-07-19 14:42:04,898 -   Epoch time:           1.28 sec
2026-07-19 14:42:04,899 - 
--- EPOCH 18/200 ---
2026-07-19 14:42:04,900 - Starting epoch 18
2026-07-19 14:42:06,174 - Epoch 18 results:
2026-07-19 14:42:06,175 -   Train Loss:           0.204672
2026-07-19 14:42:06,176 -   Val/Test Loss:        0.202307
2026-07-19 14:42:06,177 -   Train Bal.Accuracy:   0.711739
2026-07-19 14:42:06,178 -   Val/Test Bal.Accuracy:0.715087
2026-07-19 14:42:06,179 -   Loss gap:             0.002365
2026-07-19 14:42:06,180 -   Accuracy gap:         -0.003348
2026-07-19 14:42:06,181 -   Epoch time:           1.28 sec
2026-07-19 14:42:06,182 - 
--- EPOCH 19/200 ---
2026-07-19 14:42:06,183 - Starting epoch 19
2026-07-19 14:42:07,471 - Epoch 19 results:
2026-07-19 14:42:07,473 -   Train Loss:           0.204666
2026-07-19 14:42:07,474 -   Val/Test Loss:        0.202303
2026-07-19 14:42:07,475 -   Train Bal.Accuracy:   0.711821
2026-07-19 14:42:07,477 -   Val/Test Bal.Accuracy:0.715137
2026-07-19 14:42:07,478 -   Loss gap:             0.002362
2026-07-19 14:42:07,479 -   Accuracy gap:         -0.003315
2026-07-19 14:42:07,480 -   Epoch time:           1.29 sec
2026-07-19 14:42:07,482 - 
--- EPOCH 20/200 ---
2026-07-19 14:42:07,483 - Starting epoch 20
2026-07-19 14:42:08,762 - Epoch 20 results:
2026-07-19 14:42:08,763 -   Train Loss:           0.204661
2026-07-19 14:42:08,764 -   Val/Test Loss:        0.202301
2026-07-19 14:42:08,765 -   Train Bal.Accuracy:   0.711844
2026-07-19 14:42:08,766 -   Val/Test Bal.Accuracy:0.715211
2026-07-19 14:42:08,766 -   Loss gap:             0.002360
2026-07-19 14:42:08,767 -   Accuracy gap:         -0.003368
2026-07-19 14:42:08,768 -   Epoch time:           1.28 sec
2026-07-19 14:42:08,769 - 
--- EPOCH 21/200 ---
2026-07-19 14:42:08,770 - Starting epoch 21
2026-07-19 14:42:10,035 - Epoch 21 results:
2026-07-19 14:42:10,036 -   Train Loss:           0.204656
2026-07-19 14:42:10,037 -   Val/Test Loss:        0.202298
2026-07-19 14:42:10,038 -   Train Bal.Accuracy:   0.711882
2026-07-19 14:42:10,038 -   Val/Test Bal.Accuracy:0.715696
2026-07-19 14:42:10,039 -   Loss gap:             0.002358
2026-07-19 14:42:10,040 -   Accuracy gap:         -0.003814
2026-07-19 14:42:10,041 -   Epoch time:           1.27 sec
2026-07-19 14:42:10,042 - 
--- EPOCH 22/200 ---
2026-07-19 14:42:10,043 - Starting epoch 22
2026-07-19 14:42:11,284 - Epoch 22 results:
2026-07-19 14:42:11,285 -   Train Loss:           0.204651
2026-07-19 14:42:11,286 -   Val/Test Loss:        0.202295
2026-07-19 14:42:11,287 -   Train Bal.Accuracy:   0.711914
2026-07-19 14:42:11,288 -   Val/Test Bal.Accuracy:0.715752
2026-07-19 14:42:11,289 -   Loss gap:             0.002356
2026-07-19 14:42:11,290 -   Accuracy gap:         -0.003838
2026-07-19 14:42:11,290 -   Epoch time:           1.24 sec
2026-07-19 14:42:11,291 - 
--- EPOCH 23/200 ---
2026-07-19 14:42:11,292 - Starting epoch 23
2026-07-19 14:42:12,464 - Epoch 23 results:
2026-07-19 14:42:12,465 -   Train Loss:           0.204646
2026-07-19 14:42:12,466 -   Val/Test Loss:        0.202292
2026-07-19 14:42:12,467 -   Train Bal.Accuracy:   0.711968
2026-07-19 14:42:12,468 -   Val/Test Bal.Accuracy:0.715704
2026-07-19 14:42:12,469 -   Loss gap:             0.002354
2026-07-19 14:42:12,470 -   Accuracy gap:         -0.003736
2026-07-19 14:42:12,471 -   Epoch time:           1.17 sec
2026-07-19 14:42:12,472 - 
--- EPOCH 24/200 ---
2026-07-19 14:42:12,472 - Starting epoch 24
2026-07-19 14:42:13,727 - Epoch 24 results:
2026-07-19 14:42:13,728 -   Train Loss:           0.204641
2026-07-19 14:42:13,729 -   Val/Test Loss:        0.202289
2026-07-19 14:42:13,730 -   Train Bal.Accuracy:   0.712039
2026-07-19 14:42:13,731 -   Val/Test Bal.Accuracy:0.715801
2026-07-19 14:42:13,732 -   Loss gap:             0.002352
2026-07-19 14:42:13,732 -   Accuracy gap:         -0.003762
2026-07-19 14:42:13,733 -   Epoch time:           1.26 sec
2026-07-19 14:42:13,734 - 
--- EPOCH 25/200 ---
2026-07-19 14:42:13,735 - Starting epoch 25
2026-07-19 14:42:14,881 - Epoch 25 results:
2026-07-19 14:42:14,882 -   Train Loss:           0.204637
2026-07-19 14:42:14,883 -   Val/Test Loss:        0.202286
2026-07-19 14:42:14,884 -   Train Bal.Accuracy:   0.712148
2026-07-19 14:42:14,885 -   Val/Test Bal.Accuracy:0.715934
2026-07-19 14:42:14,886 -   Loss gap:             0.002351
2026-07-19 14:42:14,886 -   Accuracy gap:         -0.003786
2026-07-19 14:42:14,887 -   Epoch time:           1.15 sec
2026-07-19 14:42:14,888 - 
--- EPOCH 26/200 ---
2026-07-19 14:42:14,889 - Starting epoch 26
2026-07-19 14:42:16,050 - Epoch 26 results:
2026-07-19 14:42:16,051 -   Train Loss:           0.204632
2026-07-19 14:42:16,052 -   Val/Test Loss:        0.202283
2026-07-19 14:42:16,053 -   Train Bal.Accuracy:   0.712191
2026-07-19 14:42:16,054 -   Val/Test Bal.Accuracy:0.715979
2026-07-19 14:42:16,055 -   Loss gap:             0.002349
2026-07-19 14:42:16,056 -   Accuracy gap:         -0.003788
2026-07-19 14:42:16,057 -   Epoch time:           1.16 sec
2026-07-19 14:42:16,057 - 
--- EPOCH 27/200 ---
2026-07-19 14:42:16,058 - Starting epoch 27
2026-07-19 14:42:17,262 - Epoch 27 results:
2026-07-19 14:42:17,263 -   Train Loss:           0.204628
2026-07-19 14:42:17,264 -   Val/Test Loss:        0.202280
2026-07-19 14:42:17,264 -   Train Bal.Accuracy:   0.712252
2026-07-19 14:42:17,265 -   Val/Test Bal.Accuracy:0.716154
2026-07-19 14:42:17,267 -   Loss gap:             0.002348
2026-07-19 14:42:17,267 -   Accuracy gap:         -0.003902
2026-07-19 14:42:17,268 -   Epoch time:           1.20 sec
2026-07-19 14:42:17,269 - 
--- EPOCH 28/200 ---
2026-07-19 14:42:17,270 - Starting epoch 28
2026-07-19 14:42:18,533 - Epoch 28 results:
2026-07-19 14:42:18,534 -   Train Loss:           0.204624
2026-07-19 14:42:18,535 -   Val/Test Loss:        0.202277
2026-07-19 14:42:18,536 -   Train Bal.Accuracy:   0.712383
2026-07-19 14:42:18,537 -   Val/Test Bal.Accuracy:0.716181
2026-07-19 14:42:18,538 -   Loss gap:             0.002346
2026-07-19 14:42:18,539 -   Accuracy gap:         -0.003798
2026-07-19 14:42:18,539 -   Epoch time:           1.26 sec
2026-07-19 14:42:18,540 - 
--- EPOCH 29/200 ---
2026-07-19 14:42:18,541 - Starting epoch 29
2026-07-19 14:42:19,692 - Epoch 29 results:
2026-07-19 14:42:19,693 -   Train Loss:           0.204619
2026-07-19 14:42:19,694 -   Val/Test Loss:        0.202274
2026-07-19 14:42:19,695 -   Train Bal.Accuracy:   0.712547
2026-07-19 14:42:19,696 -   Val/Test Bal.Accuracy:0.716469
2026-07-19 14:42:19,697 -   Loss gap:             0.002345
2026-07-19 14:42:19,698 -   Accuracy gap:         -0.003922
2026-07-19 14:42:19,699 -   Epoch time:           1.15 sec
2026-07-19 14:42:19,700 - 
--- EPOCH 30/200 ---
2026-07-19 14:42:19,701 - Starting epoch 30
2026-07-19 14:42:20,875 - Epoch 30 results:
2026-07-19 14:42:20,876 -   Train Loss:           0.204615
2026-07-19 14:42:20,876 -   Val/Test Loss:        0.202271
2026-07-19 14:42:20,877 -   Train Bal.Accuracy:   0.712692
2026-07-19 14:42:20,878 -   Val/Test Bal.Accuracy:0.716619
2026-07-19 14:42:20,879 -   Loss gap:             0.002344
2026-07-19 14:42:20,880 -   Accuracy gap:         -0.003927
2026-07-19 14:42:20,880 -   Epoch time:           1.17 sec
2026-07-19 14:42:20,881 - 
--- EPOCH 31/200 ---
2026-07-19 14:42:20,882 - Starting epoch 31
2026-07-19 14:42:22,087 - Epoch 31 results:
2026-07-19 14:42:22,088 -   Train Loss:           0.204611
2026-07-19 14:42:22,089 -   Val/Test Loss:        0.202268
2026-07-19 14:42:22,090 -   Train Bal.Accuracy:   0.712804
2026-07-19 14:42:22,091 -   Val/Test Bal.Accuracy:0.716691
2026-07-19 14:42:22,092 -   Loss gap:             0.002343
2026-07-19 14:42:22,093 -   Accuracy gap:         -0.003887
2026-07-19 14:42:22,094 -   Epoch time:           1.21 sec
2026-07-19 14:42:22,095 - 
--- EPOCH 32/200 ---
2026-07-19 14:42:22,095 - Starting epoch 32
2026-07-19 14:42:23,310 - Epoch 32 results:
2026-07-19 14:42:23,311 -   Train Loss:           0.204607
2026-07-19 14:42:23,312 -   Val/Test Loss:        0.202265
2026-07-19 14:42:23,313 -   Train Bal.Accuracy:   0.713009
2026-07-19 14:42:23,313 -   Val/Test Bal.Accuracy:0.716963
2026-07-19 14:42:23,314 -   Loss gap:             0.002342
2026-07-19 14:42:23,315 -   Accuracy gap:         -0.003953
2026-07-19 14:42:23,317 -   Epoch time:           1.22 sec
2026-07-19 14:42:23,318 - 
--- EPOCH 33/200 ---
2026-07-19 14:42:23,319 - Starting epoch 33
2026-07-19 14:42:24,485 - Epoch 33 results:
2026-07-19 14:42:24,486 -   Train Loss:           0.204603
2026-07-19 14:42:24,487 -   Val/Test Loss:        0.202262
2026-07-19 14:42:24,488 -   Train Bal.Accuracy:   0.713101
2026-07-19 14:42:24,488 -   Val/Test Bal.Accuracy:0.717060
2026-07-19 14:42:24,489 -   Loss gap:             0.002341
2026-07-19 14:42:24,490 -   Accuracy gap:         -0.003959
2026-07-19 14:42:24,491 -   Epoch time:           1.17 sec
2026-07-19 14:42:24,492 - 
--- EPOCH 34/200 ---
2026-07-19 14:42:24,493 - Starting epoch 34
2026-07-19 14:42:25,704 - Epoch 34 results:
2026-07-19 14:42:25,705 -   Train Loss:           0.204599
2026-07-19 14:42:25,705 -   Val/Test Loss:        0.202259
2026-07-19 14:42:25,707 -   Train Bal.Accuracy:   0.713267
2026-07-19 14:42:25,708 -   Val/Test Bal.Accuracy:0.717118
2026-07-19 14:42:25,708 -   Loss gap:             0.002340
2026-07-19 14:42:25,709 -   Accuracy gap:         -0.003851
2026-07-19 14:42:25,710 -   Epoch time:           1.21 sec
2026-07-19 14:42:25,711 - 
--- EPOCH 35/200 ---
2026-07-19 14:42:25,712 - Starting epoch 35
2026-07-19 14:42:26,927 - Epoch 35 results:
2026-07-19 14:42:26,928 -   Train Loss:           0.204595
2026-07-19 14:42:26,929 -   Val/Test Loss:        0.202256
2026-07-19 14:42:26,930 -   Train Bal.Accuracy:   0.713308
2026-07-19 14:42:26,931 -   Val/Test Bal.Accuracy:0.717272
2026-07-19 14:42:26,932 -   Loss gap:             0.002339
2026-07-19 14:42:26,933 -   Accuracy gap:         -0.003964
2026-07-19 14:42:26,934 -   Epoch time:           1.22 sec
2026-07-19 14:42:26,934 - 
--- EPOCH 36/200 ---
2026-07-19 14:42:26,935 - Starting epoch 36
2026-07-19 14:42:28,355 - Epoch 36 results:
2026-07-19 14:42:28,356 -   Train Loss:           0.204591
2026-07-19 14:42:28,357 -   Val/Test Loss:        0.202253
2026-07-19 14:42:28,358 -   Train Bal.Accuracy:   0.713387
2026-07-19 14:42:28,359 -   Val/Test Bal.Accuracy:0.717427
2026-07-19 14:42:28,359 -   Loss gap:             0.002338
2026-07-19 14:42:28,360 -   Accuracy gap:         -0.004040
2026-07-19 14:42:28,361 -   Epoch time:           1.42 sec
2026-07-19 14:42:28,363 - 
--- EPOCH 37/200 ---
2026-07-19 14:42:28,363 - Starting epoch 37
2026-07-19 14:42:29,738 - Epoch 37 results:
2026-07-19 14:42:29,739 -   Train Loss:           0.204588
2026-07-19 14:42:29,740 -   Val/Test Loss:        0.202250
2026-07-19 14:42:29,741 -   Train Bal.Accuracy:   0.713464
2026-07-19 14:42:29,742 -   Val/Test Bal.Accuracy:0.717454
2026-07-19 14:42:29,743 -   Loss gap:             0.002337
2026-07-19 14:42:29,744 -   Accuracy gap:         -0.003991
2026-07-19 14:42:29,745 -   Epoch time:           1.38 sec
2026-07-19 14:42:29,746 - 
--- EPOCH 38/200 ---
2026-07-19 14:42:29,748 - Starting epoch 38
2026-07-19 14:42:31,184 - Epoch 38 results:
2026-07-19 14:42:31,186 -   Train Loss:           0.204584
2026-07-19 14:42:31,187 -   Val/Test Loss:        0.202247
2026-07-19 14:42:31,188 -   Train Bal.Accuracy:   0.713528
2026-07-19 14:42:31,189 -   Val/Test Bal.Accuracy:0.717454
2026-07-19 14:42:31,191 -   Loss gap:             0.002337
2026-07-19 14:42:31,192 -   Accuracy gap:         -0.003927
2026-07-19 14:42:31,193 -   Epoch time:           1.44 sec
2026-07-19 14:42:31,195 - 
--- EPOCH 39/200 ---
2026-07-19 14:42:31,197 - Starting epoch 39
2026-07-19 14:42:32,572 - Epoch 39 results:
2026-07-19 14:42:32,573 -   Train Loss:           0.204580
2026-07-19 14:42:32,574 -   Val/Test Loss:        0.202245
2026-07-19 14:42:32,575 -   Train Bal.Accuracy:   0.713593
2026-07-19 14:42:32,575 -   Val/Test Bal.Accuracy:0.717601
2026-07-19 14:42:32,576 -   Loss gap:             0.002336
2026-07-19 14:42:32,578 -   Accuracy gap:         -0.004009
2026-07-19 14:42:32,579 -   Epoch time:           1.38 sec
2026-07-19 14:42:32,580 - 
--- EPOCH 40/200 ---
2026-07-19 14:42:32,581 - Starting epoch 40
2026-07-19 14:42:33,970 - Epoch 40 results:
2026-07-19 14:42:33,972 -   Train Loss:           0.204577
2026-07-19 14:42:33,973 -   Val/Test Loss:        0.202242
2026-07-19 14:42:33,974 -   Train Bal.Accuracy:   0.713637
2026-07-19 14:42:33,975 -   Val/Test Bal.Accuracy:0.717757
2026-07-19 14:42:33,976 -   Loss gap:             0.002335
2026-07-19 14:42:33,978 -   Accuracy gap:         -0.004119
2026-07-19 14:42:33,979 -   Epoch time:           1.39 sec
2026-07-19 14:42:33,980 - 
--- EPOCH 41/200 ---
2026-07-19 14:42:33,981 - Starting epoch 41
2026-07-19 14:42:35,323 - Epoch 41 results:
2026-07-19 14:42:35,324 -   Train Loss:           0.204573
2026-07-19 14:42:35,325 -   Val/Test Loss:        0.202239
2026-07-19 14:42:35,326 -   Train Bal.Accuracy:   0.713737
2026-07-19 14:42:35,326 -   Val/Test Bal.Accuracy:0.717881
2026-07-19 14:42:35,327 -   Loss gap:             0.002334
2026-07-19 14:42:35,328 -   Accuracy gap:         -0.004144
2026-07-19 14:42:35,329 -   Epoch time:           1.34 sec
2026-07-19 14:42:35,330 - 
--- EPOCH 42/200 ---
2026-07-19 14:42:35,331 - Starting epoch 42
2026-07-19 14:42:36,804 - Epoch 42 results:
2026-07-19 14:42:36,806 -   Train Loss:           0.204570
2026-07-19 14:42:36,807 -   Val/Test Loss:        0.202236
2026-07-19 14:42:36,807 -   Train Bal.Accuracy:   0.713834
2026-07-19 14:42:36,808 -   Val/Test Bal.Accuracy:0.718017
2026-07-19 14:42:36,809 -   Loss gap:             0.002334
2026-07-19 14:42:36,810 -   Accuracy gap:         -0.004183
2026-07-19 14:42:36,811 -   Epoch time:           1.47 sec
2026-07-19 14:42:36,812 - 
--- EPOCH 43/200 ---
2026-07-19 14:42:36,812 - Starting epoch 43
2026-07-19 14:42:38,098 - Epoch 43 results:
2026-07-19 14:42:38,099 -   Train Loss:           0.204567
2026-07-19 14:42:38,100 -   Val/Test Loss:        0.202233
2026-07-19 14:42:38,101 -   Train Bal.Accuracy:   0.713945
2026-07-19 14:42:38,102 -   Val/Test Bal.Accuracy:0.718097
2026-07-19 14:42:38,103 -   Loss gap:             0.002333
2026-07-19 14:42:38,104 -   Accuracy gap:         -0.004152
2026-07-19 14:42:38,105 -   Epoch time:           1.29 sec
2026-07-19 14:42:38,106 - 
--- EPOCH 44/200 ---
2026-07-19 14:42:38,107 - Starting epoch 44
2026-07-19 14:42:39,409 - Epoch 44 results:
2026-07-19 14:42:39,410 -   Train Loss:           0.204563
2026-07-19 14:42:39,411 -   Val/Test Loss:        0.202231
2026-07-19 14:42:39,412 -   Train Bal.Accuracy:   0.714080
2026-07-19 14:42:39,413 -   Val/Test Bal.Accuracy:0.718193
2026-07-19 14:42:39,414 -   Loss gap:             0.002332
2026-07-19 14:42:39,414 -   Accuracy gap:         -0.004113
2026-07-19 14:42:39,415 -   Epoch time:           1.30 sec
2026-07-19 14:42:39,416 - 
--- EPOCH 45/200 ---
2026-07-19 14:42:39,417 - Starting epoch 45
2026-07-19 14:42:40,687 - Epoch 45 results:
2026-07-19 14:42:40,688 -   Train Loss:           0.204560
2026-07-19 14:42:40,689 -   Val/Test Loss:        0.202228
2026-07-19 14:42:40,690 -   Train Bal.Accuracy:   0.714162
2026-07-19 14:42:40,691 -   Val/Test Bal.Accuracy:0.718247
2026-07-19 14:42:40,692 -   Loss gap:             0.002332
2026-07-19 14:42:40,693 -   Accuracy gap:         -0.004085
2026-07-19 14:42:40,694 -   Epoch time:           1.27 sec
2026-07-19 14:42:40,694 - 
--- EPOCH 46/200 ---
2026-07-19 14:42:40,696 - Starting epoch 46
2026-07-19 14:42:42,025 - Epoch 46 results:
2026-07-19 14:42:42,026 -   Train Loss:           0.204557
2026-07-19 14:42:42,027 -   Val/Test Loss:        0.202226
2026-07-19 14:42:42,028 -   Train Bal.Accuracy:   0.714236
2026-07-19 14:42:42,029 -   Val/Test Bal.Accuracy:0.718403
2026-07-19 14:42:42,030 -   Loss gap:             0.002331
2026-07-19 14:42:42,030 -   Accuracy gap:         -0.004167
2026-07-19 14:42:42,032 -   Epoch time:           1.33 sec
2026-07-19 14:42:42,033 - 
--- EPOCH 47/200 ---
2026-07-19 14:42:42,034 - Starting epoch 47
2026-07-19 14:42:43,454 - Epoch 47 results:
2026-07-19 14:42:43,455 -   Train Loss:           0.204554
2026-07-19 14:42:43,455 -   Val/Test Loss:        0.202223
2026-07-19 14:42:43,456 -   Train Bal.Accuracy:   0.714353
2026-07-19 14:42:43,457 -   Val/Test Bal.Accuracy:0.718500
2026-07-19 14:42:43,458 -   Loss gap:             0.002331
2026-07-19 14:42:43,459 -   Accuracy gap:         -0.004147
2026-07-19 14:42:43,460 -   Epoch time:           1.42 sec
2026-07-19 14:42:43,461 - 
--- EPOCH 48/200 ---
2026-07-19 14:42:43,461 - Starting epoch 48
2026-07-19 14:42:44,917 - Epoch 48 results:
2026-07-19 14:42:44,918 -   Train Loss:           0.204551
2026-07-19 14:42:44,919 -   Val/Test Loss:        0.202221
2026-07-19 14:42:44,920 -   Train Bal.Accuracy:   0.714391
2026-07-19 14:42:44,921 -   Val/Test Bal.Accuracy:0.718578
2026-07-19 14:42:44,922 -   Loss gap:             0.002330
2026-07-19 14:42:44,923 -   Accuracy gap:         -0.004187
2026-07-19 14:42:44,924 -   Epoch time:           1.46 sec
2026-07-19 14:42:44,924 - 
--- EPOCH 49/200 ---
2026-07-19 14:42:44,925 - Starting epoch 49
2026-07-19 14:42:46,345 - Epoch 49 results:
2026-07-19 14:42:46,346 -   Train Loss:           0.204548
2026-07-19 14:42:46,347 -   Val/Test Loss:        0.202218
2026-07-19 14:42:46,347 -   Train Bal.Accuracy:   0.714519
2026-07-19 14:42:46,348 -   Val/Test Bal.Accuracy:0.718576
2026-07-19 14:42:46,349 -   Loss gap:             0.002330
2026-07-19 14:42:46,350 -   Accuracy gap:         -0.004057
2026-07-19 14:42:46,351 -   Epoch time:           1.42 sec
2026-07-19 14:42:46,352 - 
--- EPOCH 50/200 ---
2026-07-19 14:42:46,353 - Starting epoch 50
2026-07-19 14:42:47,751 - Epoch 50 results:
2026-07-19 14:42:47,752 -   Train Loss:           0.204545
2026-07-19 14:42:47,753 -   Val/Test Loss:        0.202216
2026-07-19 14:42:47,754 -   Train Bal.Accuracy:   0.714621
2026-07-19 14:42:47,755 -   Val/Test Bal.Accuracy:0.718673
2026-07-19 14:42:47,756 -   Loss gap:             0.002329
2026-07-19 14:42:47,757 -   Accuracy gap:         -0.004052
2026-07-19 14:42:47,758 -   Epoch time:           1.40 sec
2026-07-19 14:42:47,759 - 
--- EPOCH 51/200 ---
2026-07-19 14:42:47,759 - Starting epoch 51
2026-07-19 14:42:49,146 - Epoch 51 results:
2026-07-19 14:42:49,147 -   Train Loss:           0.204542
2026-07-19 14:42:49,148 -   Val/Test Loss:        0.202213
2026-07-19 14:42:49,150 -   Train Bal.Accuracy:   0.714684
2026-07-19 14:42:49,151 -   Val/Test Bal.Accuracy:0.718719
2026-07-19 14:42:49,152 -   Loss gap:             0.002329
2026-07-19 14:42:49,153 -   Accuracy gap:         -0.004036
2026-07-19 14:42:49,154 -   Epoch time:           1.39 sec
2026-07-19 14:42:49,155 - 
--- EPOCH 52/200 ---
2026-07-19 14:42:49,156 - Starting epoch 52
2026-07-19 14:42:50,766 - Epoch 52 results:
2026-07-19 14:42:50,768 -   Train Loss:           0.204540
2026-07-19 14:42:50,769 -   Val/Test Loss:        0.202211
2026-07-19 14:42:50,770 -   Train Bal.Accuracy:   0.714754
2026-07-19 14:42:50,771 -   Val/Test Bal.Accuracy:0.718815
2026-07-19 14:42:50,772 -   Loss gap:             0.002328
2026-07-19 14:42:50,773 -   Accuracy gap:         -0.004060
2026-07-19 14:42:50,774 -   Epoch time:           1.61 sec
2026-07-19 14:42:50,775 - 
--- EPOCH 53/200 ---
2026-07-19 14:42:50,776 - Starting epoch 53
2026-07-19 14:42:52,177 - Epoch 53 results:
2026-07-19 14:42:52,178 -   Train Loss:           0.204537
2026-07-19 14:42:52,179 -   Val/Test Loss:        0.202209
2026-07-19 14:42:52,180 -   Train Bal.Accuracy:   0.714911
2026-07-19 14:42:52,181 -   Val/Test Bal.Accuracy:0.718896
2026-07-19 14:42:52,182 -   Loss gap:             0.002328
2026-07-19 14:42:52,182 -   Accuracy gap:         -0.003985
2026-07-19 14:42:52,183 -   Epoch time:           1.40 sec
2026-07-19 14:42:52,184 - 
--- EPOCH 54/200 ---
2026-07-19 14:42:52,185 - Starting epoch 54
2026-07-19 14:42:53,522 - Epoch 54 results:
2026-07-19 14:42:53,523 -   Train Loss:           0.204534
2026-07-19 14:42:53,524 -   Val/Test Loss:        0.202207
2026-07-19 14:42:53,525 -   Train Bal.Accuracy:   0.715050
2026-07-19 14:42:53,526 -   Val/Test Bal.Accuracy:0.718972
2026-07-19 14:42:53,527 -   Loss gap:             0.002328
2026-07-19 14:42:53,528 -   Accuracy gap:         -0.003922
2026-07-19 14:42:53,529 -   Epoch time:           1.34 sec
2026-07-19 14:42:53,530 - 
--- EPOCH 55/200 ---
2026-07-19 14:42:53,531 - Starting epoch 55
2026-07-19 14:42:54,801 - Epoch 55 results:
2026-07-19 14:42:54,803 -   Train Loss:           0.204532
2026-07-19 14:42:54,804 -   Val/Test Loss:        0.202205
2026-07-19 14:42:54,804 -   Train Bal.Accuracy:   0.715089
2026-07-19 14:42:54,805 -   Val/Test Bal.Accuracy:0.719040
2026-07-19 14:42:54,806 -   Loss gap:             0.002327
2026-07-19 14:42:54,807 -   Accuracy gap:         -0.003951
2026-07-19 14:42:54,808 -   Epoch time:           1.27 sec
2026-07-19 14:42:54,809 - 
--- EPOCH 56/200 ---
2026-07-19 14:42:54,809 - Starting epoch 56
2026-07-19 14:42:56,060 - Epoch 56 results:
2026-07-19 14:42:56,061 -   Train Loss:           0.204529
2026-07-19 14:42:56,062 -   Val/Test Loss:        0.202202
2026-07-19 14:42:56,063 -   Train Bal.Accuracy:   0.715156
2026-07-19 14:42:56,064 -   Val/Test Bal.Accuracy:0.719118
2026-07-19 14:42:56,066 -   Loss gap:             0.002327
2026-07-19 14:42:56,066 -   Accuracy gap:         -0.003962
2026-07-19 14:42:56,067 -   Epoch time:           1.25 sec
2026-07-19 14:42:56,068 - 
--- EPOCH 57/200 ---
2026-07-19 14:42:56,069 - Starting epoch 57
2026-07-19 14:42:57,327 - Epoch 57 results:
2026-07-19 14:42:57,328 -   Train Loss:           0.204527
2026-07-19 14:42:57,329 -   Val/Test Loss:        0.202200
2026-07-19 14:42:57,330 -   Train Bal.Accuracy:   0.715263
2026-07-19 14:42:57,331 -   Val/Test Bal.Accuracy:0.719228
2026-07-19 14:42:57,332 -   Loss gap:             0.002326
2026-07-19 14:42:57,333 -   Accuracy gap:         -0.003965
2026-07-19 14:42:57,333 -   Epoch time:           1.26 sec
2026-07-19 14:42:57,334 - 
--- EPOCH 58/200 ---
2026-07-19 14:42:57,335 - Starting epoch 58
2026-07-19 14:42:58,576 - Epoch 58 results:
2026-07-19 14:42:58,577 -   Train Loss:           0.204524
2026-07-19 14:42:58,578 -   Val/Test Loss:        0.202198
2026-07-19 14:42:58,579 -   Train Bal.Accuracy:   0.715314
2026-07-19 14:42:58,580 -   Val/Test Bal.Accuracy:0.719304
2026-07-19 14:42:58,581 -   Loss gap:             0.002326
2026-07-19 14:42:58,582 -   Accuracy gap:         -0.003990
2026-07-19 14:42:58,583 -   Epoch time:           1.24 sec
2026-07-19 14:42:58,584 - 
--- EPOCH 59/200 ---
2026-07-19 14:42:58,585 - Starting epoch 59
2026-07-19 14:42:59,862 - Epoch 59 results:
2026-07-19 14:42:59,863 -   Train Loss:           0.204522
2026-07-19 14:42:59,864 -   Val/Test Loss:        0.202196
2026-07-19 14:42:59,865 -   Train Bal.Accuracy:   0.715447
2026-07-19 14:42:59,866 -   Val/Test Bal.Accuracy:0.719407
2026-07-19 14:42:59,867 -   Loss gap:             0.002326
2026-07-19 14:42:59,868 -   Accuracy gap:         -0.003961
2026-07-19 14:42:59,869 -   Epoch time:           1.28 sec
2026-07-19 14:42:59,870 - 
--- EPOCH 60/200 ---
2026-07-19 14:42:59,871 - Starting epoch 60
2026-07-19 14:43:01,286 - Epoch 60 results:
2026-07-19 14:43:01,287 -   Train Loss:           0.204520
2026-07-19 14:43:01,288 -   Val/Test Loss:        0.202195
2026-07-19 14:43:01,289 -   Train Bal.Accuracy:   0.715520
2026-07-19 14:43:01,290 -   Val/Test Bal.Accuracy:0.719472
2026-07-19 14:43:01,291 -   Loss gap:             0.002325
2026-07-19 14:43:01,292 -   Accuracy gap:         -0.003952
2026-07-19 14:43:01,292 -   Epoch time:           1.42 sec
2026-07-19 14:43:01,293 - 
--- EPOCH 61/200 ---
2026-07-19 14:43:01,294 - Starting epoch 61
2026-07-19 14:43:02,535 - Epoch 61 results:
2026-07-19 14:43:02,536 -   Train Loss:           0.204518
2026-07-19 14:43:02,536 -   Val/Test Loss:        0.202193
2026-07-19 14:43:02,537 -   Train Bal.Accuracy:   0.715579
2026-07-19 14:43:02,538 -   Val/Test Bal.Accuracy:0.719520
2026-07-19 14:43:02,539 -   Loss gap:             0.002325
2026-07-19 14:43:02,540 -   Accuracy gap:         -0.003941
2026-07-19 14:43:02,540 -   Epoch time:           1.24 sec
2026-07-19 14:43:02,541 - 
--- EPOCH 62/200 ---
2026-07-19 14:43:02,542 - Starting epoch 62
2026-07-19 14:43:03,852 - Epoch 62 results:
2026-07-19 14:43:03,853 -   Train Loss:           0.204515
2026-07-19 14:43:03,854 -   Val/Test Loss:        0.202191
2026-07-19 14:43:03,855 -   Train Bal.Accuracy:   0.715649
2026-07-19 14:43:03,856 -   Val/Test Bal.Accuracy:0.719536
2026-07-19 14:43:03,856 -   Loss gap:             0.002325
2026-07-19 14:43:03,857 -   Accuracy gap:         -0.003887
2026-07-19 14:43:03,858 -   Epoch time:           1.31 sec
2026-07-19 14:43:03,859 - 
--- EPOCH 63/200 ---
2026-07-19 14:43:03,860 - Starting epoch 63
2026-07-19 14:43:05,090 - Epoch 63 results:
2026-07-19 14:43:05,091 -   Train Loss:           0.204513
2026-07-19 14:43:05,092 -   Val/Test Loss:        0.202189
2026-07-19 14:43:05,093 -   Train Bal.Accuracy:   0.715773
2026-07-19 14:43:05,094 -   Val/Test Bal.Accuracy:0.719610
2026-07-19 14:43:05,095 -   Loss gap:             0.002324
2026-07-19 14:43:05,096 -   Accuracy gap:         -0.003836
2026-07-19 14:43:05,097 -   Epoch time:           1.23 sec
2026-07-19 14:43:05,098 - 
--- EPOCH 64/200 ---
2026-07-19 14:43:05,099 - Starting epoch 64
2026-07-19 14:43:06,351 - Epoch 64 results:
2026-07-19 14:43:06,352 -   Train Loss:           0.204511
2026-07-19 14:43:06,353 -   Val/Test Loss:        0.202187
2026-07-19 14:43:06,354 -   Train Bal.Accuracy:   0.715790
2026-07-19 14:43:06,355 -   Val/Test Bal.Accuracy:0.719656
2026-07-19 14:43:06,355 -   Loss gap:             0.002324
2026-07-19 14:43:06,356 -   Accuracy gap:         -0.003866
2026-07-19 14:43:06,357 -   Epoch time:           1.25 sec
2026-07-19 14:43:06,358 - 
--- EPOCH 65/200 ---
2026-07-19 14:43:06,359 - Starting epoch 65
2026-07-19 14:43:07,626 - Epoch 65 results:
2026-07-19 14:43:07,627 -   Train Loss:           0.204509
2026-07-19 14:43:07,628 -   Val/Test Loss:        0.202186
2026-07-19 14:43:07,629 -   Train Bal.Accuracy:   0.715830
2026-07-19 14:43:07,630 -   Val/Test Bal.Accuracy:0.719739
2026-07-19 14:43:07,631 -   Loss gap:             0.002324
2026-07-19 14:43:07,631 -   Accuracy gap:         -0.003910
2026-07-19 14:43:07,632 -   Epoch time:           1.27 sec
2026-07-19 14:43:07,633 - 
--- EPOCH 66/200 ---
2026-07-19 14:43:07,634 - Starting epoch 66
2026-07-19 14:43:08,921 - Epoch 66 results:
2026-07-19 14:43:08,922 -   Train Loss:           0.204507
2026-07-19 14:43:08,923 -   Val/Test Loss:        0.202184
2026-07-19 14:43:08,924 -   Train Bal.Accuracy:   0.715971
2026-07-19 14:43:08,925 -   Val/Test Bal.Accuracy:0.719788
2026-07-19 14:43:08,926 -   Loss gap:             0.002323
2026-07-19 14:43:08,927 -   Accuracy gap:         -0.003817
2026-07-19 14:43:08,928 -   Epoch time:           1.29 sec
2026-07-19 14:43:08,928 - 
--- EPOCH 67/200 ---
2026-07-19 14:43:08,929 - Starting epoch 67
2026-07-19 14:43:10,219 - Epoch 67 results:
2026-07-19 14:43:10,220 -   Train Loss:           0.204505
2026-07-19 14:43:10,221 -   Val/Test Loss:        0.202182
2026-07-19 14:43:10,222 -   Train Bal.Accuracy:   0.715993
2026-07-19 14:43:10,223 -   Val/Test Bal.Accuracy:0.719856
2026-07-19 14:43:10,224 -   Loss gap:             0.002323
2026-07-19 14:43:10,225 -   Accuracy gap:         -0.003863
2026-07-19 14:43:10,226 -   Epoch time:           1.29 sec
2026-07-19 14:43:10,227 - 
--- EPOCH 68/200 ---
2026-07-19 14:43:10,227 - Starting epoch 68
2026-07-19 14:43:11,530 - Epoch 68 results:
2026-07-19 14:43:11,531 -   Train Loss:           0.204504
2026-07-19 14:43:11,533 -   Val/Test Loss:        0.202181
2026-07-19 14:43:11,533 -   Train Bal.Accuracy:   0.716058
2026-07-19 14:43:11,534 -   Val/Test Bal.Accuracy:0.719940
2026-07-19 14:43:11,535 -   Loss gap:             0.002323
2026-07-19 14:43:11,536 -   Accuracy gap:         -0.003881
2026-07-19 14:43:11,537 -   Epoch time:           1.30 sec
2026-07-19 14:43:11,538 - 
--- EPOCH 69/200 ---
2026-07-19 14:43:11,538 - Starting epoch 69
2026-07-19 14:43:12,790 - Epoch 69 results:
2026-07-19 14:43:12,791 -   Train Loss:           0.204502
2026-07-19 14:43:12,792 -   Val/Test Loss:        0.202179
2026-07-19 14:43:12,793 -   Train Bal.Accuracy:   0.716103
2026-07-19 14:43:12,794 -   Val/Test Bal.Accuracy:0.719969
2026-07-19 14:43:12,795 -   Loss gap:             0.002323
2026-07-19 14:43:12,796 -   Accuracy gap:         -0.003866
2026-07-19 14:43:12,797 -   Epoch time:           1.25 sec
2026-07-19 14:43:12,798 - 
--- EPOCH 70/200 ---
2026-07-19 14:43:12,799 - Starting epoch 70
2026-07-19 14:43:14,039 - Epoch 70 results:
2026-07-19 14:43:14,040 -   Train Loss:           0.204500
2026-07-19 14:43:14,041 -   Val/Test Loss:        0.202178
2026-07-19 14:43:14,042 -   Train Bal.Accuracy:   0.716156
2026-07-19 14:43:14,043 -   Val/Test Bal.Accuracy:0.719969
2026-07-19 14:43:14,044 -   Loss gap:             0.002322
2026-07-19 14:43:14,045 -   Accuracy gap:         -0.003813
2026-07-19 14:43:14,045 -   Epoch time:           1.24 sec
2026-07-19 14:43:14,046 - 
--- EPOCH 71/200 ---
2026-07-19 14:43:14,047 - Starting epoch 71
2026-07-19 14:43:15,285 - Epoch 71 results:
2026-07-19 14:43:15,287 -   Train Loss:           0.204498
2026-07-19 14:43:15,288 -   Val/Test Loss:        0.202176
2026-07-19 14:43:15,289 -   Train Bal.Accuracy:   0.716199
2026-07-19 14:43:15,289 -   Val/Test Bal.Accuracy:0.719969
2026-07-19 14:43:15,290 -   Loss gap:             0.002322
2026-07-19 14:43:15,291 -   Accuracy gap:         -0.003770
2026-07-19 14:43:15,292 -   Epoch time:           1.24 sec
2026-07-19 14:43:15,293 - 
--- EPOCH 72/200 ---
2026-07-19 14:43:15,294 - Starting epoch 72
2026-07-19 14:43:16,547 - Epoch 72 results:
2026-07-19 14:43:16,548 -   Train Loss:           0.204496
2026-07-19 14:43:16,549 -   Val/Test Loss:        0.202175
2026-07-19 14:43:16,550 -   Train Bal.Accuracy:   0.716303
2026-07-19 14:43:16,551 -   Val/Test Bal.Accuracy:0.720054
2026-07-19 14:43:16,552 -   Loss gap:             0.002322
2026-07-19 14:43:16,553 -   Accuracy gap:         -0.003752
2026-07-19 14:43:16,554 -   Epoch time:           1.25 sec
2026-07-19 14:43:16,555 - 
--- EPOCH 73/200 ---
2026-07-19 14:43:16,556 - Starting epoch 73
2026-07-19 14:43:17,807 - Epoch 73 results:
2026-07-19 14:43:17,808 -   Train Loss:           0.204495
2026-07-19 14:43:17,809 -   Val/Test Loss:        0.202173
2026-07-19 14:43:17,810 -   Train Bal.Accuracy:   0.716368
2026-07-19 14:43:17,811 -   Val/Test Bal.Accuracy:0.720054
2026-07-19 14:43:17,812 -   Loss gap:             0.002322
2026-07-19 14:43:17,813 -   Accuracy gap:         -0.003687
2026-07-19 14:43:17,813 -   Epoch time:           1.25 sec
2026-07-19 14:43:17,814 - 
--- EPOCH 74/200 ---
2026-07-19 14:43:17,816 - Starting epoch 74
2026-07-19 14:43:19,049 - Epoch 74 results:
2026-07-19 14:43:19,050 -   Train Loss:           0.204493
2026-07-19 14:43:19,051 -   Val/Test Loss:        0.202172
2026-07-19 14:43:19,052 -   Train Bal.Accuracy:   0.716406
2026-07-19 14:43:19,053 -   Val/Test Bal.Accuracy:0.720112
2026-07-19 14:43:19,054 -   Loss gap:             0.002321
2026-07-19 14:43:19,055 -   Accuracy gap:         -0.003706
2026-07-19 14:43:19,056 -   Epoch time:           1.23 sec
2026-07-19 14:43:19,057 - 
--- EPOCH 75/200 ---
2026-07-19 14:43:19,057 - Starting epoch 75
2026-07-19 14:43:20,319 - Epoch 75 results:
2026-07-19 14:43:20,320 -   Train Loss:           0.204492
2026-07-19 14:43:20,321 -   Val/Test Loss:        0.202170
2026-07-19 14:43:20,323 -   Train Bal.Accuracy:   0.716467
2026-07-19 14:43:20,323 -   Val/Test Bal.Accuracy:0.720132
2026-07-19 14:43:20,324 -   Loss gap:             0.002321
2026-07-19 14:43:20,325 -   Accuracy gap:         -0.003665
2026-07-19 14:43:20,326 -   Epoch time:           1.26 sec
2026-07-19 14:43:20,326 - 
--- EPOCH 76/200 ---
2026-07-19 14:43:20,327 - Starting epoch 76
2026-07-19 14:43:21,593 - Epoch 76 results:
2026-07-19 14:43:21,594 -   Train Loss:           0.204490
2026-07-19 14:43:21,595 -   Val/Test Loss:        0.202169
2026-07-19 14:43:21,596 -   Train Bal.Accuracy:   0.716532
2026-07-19 14:43:21,596 -   Val/Test Bal.Accuracy:0.720108
2026-07-19 14:43:21,597 -   Loss gap:             0.002321
2026-07-19 14:43:21,598 -   Accuracy gap:         -0.003576
2026-07-19 14:43:21,599 -   Epoch time:           1.27 sec
2026-07-19 14:43:21,600 - 
--- EPOCH 77/200 ---
2026-07-19 14:43:21,601 - Starting epoch 77
2026-07-19 14:43:22,877 - Epoch 77 results:
2026-07-19 14:43:22,878 -   Train Loss:           0.204489
2026-07-19 14:43:22,878 -   Val/Test Loss:        0.202168
2026-07-19 14:43:22,879 -   Train Bal.Accuracy:   0.716611
2026-07-19 14:43:22,880 -   Val/Test Bal.Accuracy:0.720151
2026-07-19 14:43:22,881 -   Loss gap:             0.002321
2026-07-19 14:43:22,882 -   Accuracy gap:         -0.003540
2026-07-19 14:43:22,883 -   Epoch time:           1.28 sec
2026-07-19 14:43:22,884 - 
--- EPOCH 78/200 ---
2026-07-19 14:43:22,885 - Starting epoch 78
2026-07-19 14:43:24,132 - Epoch 78 results:
2026-07-19 14:43:24,133 -   Train Loss:           0.204487
2026-07-19 14:43:24,134 -   Val/Test Loss:        0.202167
2026-07-19 14:43:24,135 -   Train Bal.Accuracy:   0.716684
2026-07-19 14:43:24,136 -   Val/Test Bal.Accuracy:0.720190
2026-07-19 14:43:24,137 -   Loss gap:             0.002321
2026-07-19 14:43:24,137 -   Accuracy gap:         -0.003506
2026-07-19 14:43:24,138 -   Epoch time:           1.25 sec
2026-07-19 14:43:24,139 - 
--- EPOCH 79/200 ---
2026-07-19 14:43:24,140 - Starting epoch 79
2026-07-19 14:43:25,379 - Epoch 79 results:
2026-07-19 14:43:25,380 -   Train Loss:           0.204486
2026-07-19 14:43:25,381 -   Val/Test Loss:        0.202165
2026-07-19 14:43:25,382 -   Train Bal.Accuracy:   0.716759
2026-07-19 14:43:25,383 -   Val/Test Bal.Accuracy:0.720227
2026-07-19 14:43:25,384 -   Loss gap:             0.002320
2026-07-19 14:43:25,385 -   Accuracy gap:         -0.003469
2026-07-19 14:43:25,386 -   Epoch time:           1.24 sec
2026-07-19 14:43:25,387 - 
--- EPOCH 80/200 ---
2026-07-19 14:43:25,388 - Starting epoch 80
2026-07-19 14:43:26,627 - Epoch 80 results:
2026-07-19 14:43:26,628 -   Train Loss:           0.204484
2026-07-19 14:43:26,629 -   Val/Test Loss:        0.202164
2026-07-19 14:43:26,630 -   Train Bal.Accuracy:   0.716784
2026-07-19 14:43:26,631 -   Val/Test Bal.Accuracy:0.720245
2026-07-19 14:43:26,632 -   Loss gap:             0.002320
2026-07-19 14:43:26,632 -   Accuracy gap:         -0.003461
2026-07-19 14:43:26,633 -   Epoch time:           1.24 sec
2026-07-19 14:43:26,634 - 
--- EPOCH 81/200 ---
2026-07-19 14:43:26,635 - Starting epoch 81
2026-07-19 14:43:27,876 - Epoch 81 results:
2026-07-19 14:43:27,877 -   Train Loss:           0.204483
2026-07-19 14:43:27,878 -   Val/Test Loss:        0.202163
2026-07-19 14:43:27,879 -   Train Bal.Accuracy:   0.716862
2026-07-19 14:43:27,880 -   Val/Test Bal.Accuracy:0.720243
2026-07-19 14:43:27,882 -   Loss gap:             0.002320
2026-07-19 14:43:27,883 -   Accuracy gap:         -0.003381
2026-07-19 14:43:27,884 -   Epoch time:           1.24 sec
2026-07-19 14:43:27,884 - 
--- EPOCH 82/200 ---
2026-07-19 14:43:27,885 - Starting epoch 82
2026-07-19 14:43:29,144 - Epoch 82 results:
2026-07-19 14:43:29,145 -   Train Loss:           0.204482
2026-07-19 14:43:29,145 -   Val/Test Loss:        0.202162
2026-07-19 14:43:29,146 -   Train Bal.Accuracy:   0.716912
2026-07-19 14:43:29,147 -   Val/Test Bal.Accuracy:0.720309
2026-07-19 14:43:29,148 -   Loss gap:             0.002320
2026-07-19 14:43:29,149 -   Accuracy gap:         -0.003397
2026-07-19 14:43:29,150 -   Epoch time:           1.26 sec
2026-07-19 14:43:29,151 - 
--- EPOCH 83/200 ---
2026-07-19 14:43:29,152 - Starting epoch 83
2026-07-19 14:43:30,378 - Epoch 83 results:
2026-07-19 14:43:30,379 -   Train Loss:           0.204480
2026-07-19 14:43:30,380 -   Val/Test Loss:        0.202161
2026-07-19 14:43:30,381 -   Train Bal.Accuracy:   0.716977
2026-07-19 14:43:30,382 -   Val/Test Bal.Accuracy:0.720377
2026-07-19 14:43:30,383 -   Loss gap:             0.002320
2026-07-19 14:43:30,384 -   Accuracy gap:         -0.003401
2026-07-19 14:43:30,385 -   Epoch time:           1.23 sec
2026-07-19 14:43:30,386 - 
--- EPOCH 84/200 ---
2026-07-19 14:43:30,387 - Starting epoch 84
2026-07-19 14:43:31,635 - Epoch 84 results:
2026-07-19 14:43:31,636 -   Train Loss:           0.204479
2026-07-19 14:43:31,636 -   Val/Test Loss:        0.202160
2026-07-19 14:43:31,637 -   Train Bal.Accuracy:   0.717030
2026-07-19 14:43:31,638 -   Val/Test Bal.Accuracy:0.720348
2026-07-19 14:43:31,639 -   Loss gap:             0.002319
2026-07-19 14:43:31,640 -   Accuracy gap:         -0.003318
2026-07-19 14:43:31,640 -   Epoch time:           1.25 sec
2026-07-19 14:43:31,641 - 
--- EPOCH 85/200 ---
2026-07-19 14:43:31,642 - Starting epoch 85
2026-07-19 14:43:32,898 - Epoch 85 results:
2026-07-19 14:43:32,899 -   Train Loss:           0.204478
2026-07-19 14:43:32,900 -   Val/Test Loss:        0.202159
2026-07-19 14:43:32,901 -   Train Bal.Accuracy:   0.717133
2026-07-19 14:43:32,902 -   Val/Test Bal.Accuracy:0.720406
2026-07-19 14:43:32,903 -   Loss gap:             0.002319
2026-07-19 14:43:32,903 -   Accuracy gap:         -0.003273
2026-07-19 14:43:32,905 -   Epoch time:           1.26 sec
2026-07-19 14:43:32,906 - 
--- EPOCH 86/200 ---
2026-07-19 14:43:32,906 - Starting epoch 86
2026-07-19 14:43:34,209 - Epoch 86 results:
2026-07-19 14:43:34,210 -   Train Loss:           0.204477
2026-07-19 14:43:34,211 -   Val/Test Loss:        0.202158
2026-07-19 14:43:34,212 -   Train Bal.Accuracy:   0.717177
2026-07-19 14:43:34,212 -   Val/Test Bal.Accuracy:0.720465
2026-07-19 14:43:34,213 -   Loss gap:             0.002319
2026-07-19 14:43:34,214 -   Accuracy gap:         -0.003288
2026-07-19 14:43:34,216 -   Epoch time:           1.30 sec
2026-07-19 14:43:34,216 - 
--- EPOCH 87/200 ---
2026-07-19 14:43:34,217 - Starting epoch 87
2026-07-19 14:43:35,471 - Epoch 87 results:
2026-07-19 14:43:35,473 -   Train Loss:           0.204476
2026-07-19 14:43:35,473 -   Val/Test Loss:        0.202157
2026-07-19 14:43:35,474 -   Train Bal.Accuracy:   0.717219
2026-07-19 14:43:35,475 -   Val/Test Bal.Accuracy:0.720541
2026-07-19 14:43:35,476 -   Loss gap:             0.002319
2026-07-19 14:43:35,477 -   Accuracy gap:         -0.003321
2026-07-19 14:43:35,478 -   Epoch time:           1.26 sec
2026-07-19 14:43:35,479 - 
--- EPOCH 88/200 ---
2026-07-19 14:43:35,479 - Starting epoch 88
2026-07-19 14:43:36,744 - Epoch 88 results:
2026-07-19 14:43:36,745 -   Train Loss:           0.204474
2026-07-19 14:43:36,745 -   Val/Test Loss:        0.202156
2026-07-19 14:43:36,746 -   Train Bal.Accuracy:   0.717298
2026-07-19 14:43:36,747 -   Val/Test Bal.Accuracy:0.720597
2026-07-19 14:43:36,748 -   Loss gap:             0.002319
2026-07-19 14:43:36,749 -   Accuracy gap:         -0.003299
2026-07-19 14:43:36,750 -   Epoch time:           1.27 sec
2026-07-19 14:43:36,751 - 
--- EPOCH 89/200 ---
2026-07-19 14:43:36,752 - Starting epoch 89
2026-07-19 14:43:38,008 - Epoch 89 results:
2026-07-19 14:43:38,009 -   Train Loss:           0.204473
2026-07-19 14:43:38,010 -   Val/Test Loss:        0.202155
2026-07-19 14:43:38,011 -   Train Bal.Accuracy:   0.717363
2026-07-19 14:43:38,011 -   Val/Test Bal.Accuracy:0.720687
2026-07-19 14:43:38,012 -   Loss gap:             0.002318
2026-07-19 14:43:38,013 -   Accuracy gap:         -0.003324
2026-07-19 14:43:38,014 -   Epoch time:           1.26 sec
2026-07-19 14:43:38,015 - 
--- EPOCH 90/200 ---
2026-07-19 14:43:38,016 - Starting epoch 90
2026-07-19 14:43:39,267 - Epoch 90 results:
2026-07-19 14:43:39,268 -   Train Loss:           0.204472
2026-07-19 14:43:39,269 -   Val/Test Loss:        0.202154
2026-07-19 14:43:39,270 -   Train Bal.Accuracy:   0.717402
2026-07-19 14:43:39,271 -   Val/Test Bal.Accuracy:0.720685
2026-07-19 14:43:39,272 -   Loss gap:             0.002318
2026-07-19 14:43:39,273 -   Accuracy gap:         -0.003283
2026-07-19 14:43:39,274 -   Epoch time:           1.25 sec
2026-07-19 14:43:39,275 - 
--- EPOCH 91/200 ---
2026-07-19 14:43:39,275 - Starting epoch 91
2026-07-19 14:43:40,534 - Epoch 91 results:
2026-07-19 14:43:40,535 -   Train Loss:           0.204471
2026-07-19 14:43:40,536 -   Val/Test Loss:        0.202153
2026-07-19 14:43:40,537 -   Train Bal.Accuracy:   0.717454
2026-07-19 14:43:40,538 -   Val/Test Bal.Accuracy:0.720793
2026-07-19 14:43:40,539 -   Loss gap:             0.002318
2026-07-19 14:43:40,539 -   Accuracy gap:         -0.003339
2026-07-19 14:43:40,540 -   Epoch time:           1.26 sec
2026-07-19 14:43:40,541 - 
--- EPOCH 92/200 ---
2026-07-19 14:43:40,542 - Starting epoch 92
2026-07-19 14:43:41,796 - Epoch 92 results:
2026-07-19 14:43:41,797 -   Train Loss:           0.204470
2026-07-19 14:43:41,798 -   Val/Test Loss:        0.202152
2026-07-19 14:43:41,799 -   Train Bal.Accuracy:   0.717528
2026-07-19 14:43:41,799 -   Val/Test Bal.Accuracy:0.720793
2026-07-19 14:43:41,800 -   Loss gap:             0.002318
2026-07-19 14:43:41,801 -   Accuracy gap:         -0.003265
2026-07-19 14:43:41,802 -   Epoch time:           1.25 sec
2026-07-19 14:43:41,803 - 
--- EPOCH 93/200 ---
2026-07-19 14:43:41,804 - Starting epoch 93
2026-07-19 14:43:43,044 - Epoch 93 results:
2026-07-19 14:43:43,045 -   Train Loss:           0.204469
2026-07-19 14:43:43,045 -   Val/Test Loss:        0.202151
2026-07-19 14:43:43,046 -   Train Bal.Accuracy:   0.717624
2026-07-19 14:43:43,047 -   Val/Test Bal.Accuracy:0.720852
2026-07-19 14:43:43,048 -   Loss gap:             0.002318
2026-07-19 14:43:43,049 -   Accuracy gap:         -0.003228
2026-07-19 14:43:43,050 -   Epoch time:           1.24 sec
2026-07-19 14:43:43,051 - 
--- EPOCH 94/200 ---
2026-07-19 14:43:43,052 - Starting epoch 94
2026-07-19 14:43:44,313 - Epoch 94 results:
2026-07-19 14:43:44,314 -   Train Loss:           0.204468
2026-07-19 14:43:44,315 -   Val/Test Loss:        0.202150
2026-07-19 14:43:44,317 -   Train Bal.Accuracy:   0.717669
2026-07-19 14:43:44,318 -   Val/Test Bal.Accuracy:0.720891
2026-07-19 14:43:44,319 -   Loss gap:             0.002318
2026-07-19 14:43:44,320 -   Accuracy gap:         -0.003222
2026-07-19 14:43:44,321 -   Epoch time:           1.26 sec
2026-07-19 14:43:44,322 - 
--- EPOCH 95/200 ---
2026-07-19 14:43:44,323 - Starting epoch 95
2026-07-19 14:43:45,574 - Epoch 95 results:
2026-07-19 14:43:45,575 -   Train Loss:           0.204467
2026-07-19 14:43:45,576 -   Val/Test Loss:        0.202150
2026-07-19 14:43:45,577 -   Train Bal.Accuracy:   0.717712
2026-07-19 14:43:45,578 -   Val/Test Bal.Accuracy:0.720978
2026-07-19 14:43:45,578 -   Loss gap:             0.002318
2026-07-19 14:43:45,579 -   Accuracy gap:         -0.003266
2026-07-19 14:43:45,580 -   Epoch time:           1.25 sec
2026-07-19 14:43:45,581 - 
--- EPOCH 96/200 ---
2026-07-19 14:43:45,582 - Starting epoch 96
2026-07-19 14:43:46,852 - Epoch 96 results:
2026-07-19 14:43:46,853 -   Train Loss:           0.204466
2026-07-19 14:43:46,854 -   Val/Test Loss:        0.202149
2026-07-19 14:43:46,855 -   Train Bal.Accuracy:   0.717760
2026-07-19 14:43:46,856 -   Val/Test Bal.Accuracy:0.720980
2026-07-19 14:43:46,857 -   Loss gap:             0.002317
2026-07-19 14:43:46,858 -   Accuracy gap:         -0.003220
2026-07-19 14:43:46,858 -   Epoch time:           1.27 sec
2026-07-19 14:43:46,859 - 
--- EPOCH 97/200 ---
2026-07-19 14:43:46,860 - Starting epoch 97
2026-07-19 14:43:48,123 - Epoch 97 results:
2026-07-19 14:43:48,124 -   Train Loss:           0.204465
2026-07-19 14:43:48,125 -   Val/Test Loss:        0.202148
2026-07-19 14:43:48,126 -   Train Bal.Accuracy:   0.717779
2026-07-19 14:43:48,127 -   Val/Test Bal.Accuracy:0.721057
2026-07-19 14:43:48,128 -   Loss gap:             0.002317
2026-07-19 14:43:48,128 -   Accuracy gap:         -0.003278
2026-07-19 14:43:48,129 -   Epoch time:           1.26 sec
2026-07-19 14:43:48,130 - 
--- EPOCH 98/200 ---
2026-07-19 14:43:48,131 - Starting epoch 98
2026-07-19 14:43:49,370 - Epoch 98 results:
2026-07-19 14:43:49,371 -   Train Loss:           0.204464
2026-07-19 14:43:49,372 -   Val/Test Loss:        0.202147
2026-07-19 14:43:49,373 -   Train Bal.Accuracy:   0.717834
2026-07-19 14:43:49,374 -   Val/Test Bal.Accuracy:0.721086
2026-07-19 14:43:49,375 -   Loss gap:             0.002317
2026-07-19 14:43:49,376 -   Accuracy gap:         -0.003253
2026-07-19 14:43:49,376 -   Epoch time:           1.24 sec
2026-07-19 14:43:49,377 - 
--- EPOCH 99/200 ---
2026-07-19 14:43:49,378 - Starting epoch 99
2026-07-19 14:43:50,640 - Epoch 99 results:
2026-07-19 14:43:50,641 -   Train Loss:           0.204464
2026-07-19 14:43:50,642 -   Val/Test Loss:        0.202147
2026-07-19 14:43:50,643 -   Train Bal.Accuracy:   0.717886
2026-07-19 14:43:50,644 -   Val/Test Bal.Accuracy:0.721106
2026-07-19 14:43:50,644 -   Loss gap:             0.002317
2026-07-19 14:43:50,645 -   Accuracy gap:         -0.003220
2026-07-19 14:43:50,646 -   Epoch time:           1.26 sec
2026-07-19 14:43:50,647 - 
--- EPOCH 100/200 ---
2026-07-19 14:43:50,648 - Starting epoch 100
2026-07-19 14:43:51,932 - Epoch 100 results:
2026-07-19 14:43:51,933 -   Train Loss:           0.204463
2026-07-19 14:43:51,933 -   Val/Test Loss:        0.202146
2026-07-19 14:43:51,934 -   Train Bal.Accuracy:   0.717903
2026-07-19 14:43:51,935 -   Val/Test Bal.Accuracy:0.721212
2026-07-19 14:43:51,936 -   Loss gap:             0.002317
2026-07-19 14:43:51,937 -   Accuracy gap:         -0.003309
2026-07-19 14:43:51,938 -   Epoch time:           1.28 sec
2026-07-19 14:43:51,939 - 
--- EPOCH 101/200 ---
2026-07-19 14:43:51,940 - Starting epoch 101
2026-07-19 14:43:53,219 - Epoch 101 results:
2026-07-19 14:43:53,221 -   Train Loss:           0.204462
2026-07-19 14:43:53,222 -   Val/Test Loss:        0.202145
2026-07-19 14:43:53,223 -   Train Bal.Accuracy:   0.717964
2026-07-19 14:43:53,224 -   Val/Test Bal.Accuracy:0.721270
2026-07-19 14:43:53,225 -   Loss gap:             0.002317
2026-07-19 14:43:53,226 -   Accuracy gap:         -0.003306
2026-07-19 14:43:53,227 -   Epoch time:           1.28 sec
2026-07-19 14:43:53,227 - 
--- EPOCH 102/200 ---
2026-07-19 14:43:53,228 - Starting epoch 102
2026-07-19 14:43:54,536 - Epoch 102 results:
2026-07-19 14:43:54,537 -   Train Loss:           0.204461
2026-07-19 14:43:54,538 -   Val/Test Loss:        0.202144
2026-07-19 14:43:54,539 -   Train Bal.Accuracy:   0.718028
2026-07-19 14:43:54,540 -   Val/Test Bal.Accuracy:0.721339
2026-07-19 14:43:54,541 -   Loss gap:             0.002317
2026-07-19 14:43:54,542 -   Accuracy gap:         -0.003311
2026-07-19 14:43:54,543 -   Epoch time:           1.31 sec
2026-07-19 14:43:54,544 - 
--- EPOCH 103/200 ---
2026-07-19 14:43:54,545 - Starting epoch 103
2026-07-19 14:43:55,823 - Epoch 103 results:
2026-07-19 14:43:55,824 -   Train Loss:           0.204460
2026-07-19 14:43:55,824 -   Val/Test Loss:        0.202144
2026-07-19 14:43:55,825 -   Train Bal.Accuracy:   0.718049
2026-07-19 14:43:55,826 -   Val/Test Bal.Accuracy:0.721436
2026-07-19 14:43:55,827 -   Loss gap:             0.002316
2026-07-19 14:43:55,828 -   Accuracy gap:         -0.003387
2026-07-19 14:43:55,829 -   Epoch time:           1.28 sec
2026-07-19 14:43:55,830 - 
--- EPOCH 104/200 ---
2026-07-19 14:43:55,832 - Starting epoch 104
2026-07-19 14:43:57,131 - Epoch 104 results:
2026-07-19 14:43:57,133 -   Train Loss:           0.204459
2026-07-19 14:43:57,134 -   Val/Test Loss:        0.202143
2026-07-19 14:43:57,135 -   Train Bal.Accuracy:   0.718103
2026-07-19 14:43:57,136 -   Val/Test Bal.Accuracy:0.721465
2026-07-19 14:43:57,137 -   Loss gap:             0.002316
2026-07-19 14:43:57,138 -   Accuracy gap:         -0.003362
2026-07-19 14:43:57,140 -   Epoch time:           1.30 sec
2026-07-19 14:43:57,141 - 
--- EPOCH 105/200 ---
2026-07-19 14:43:57,141 - Starting epoch 105
2026-07-19 14:43:58,487 - Epoch 105 results:
2026-07-19 14:43:58,489 -   Train Loss:           0.204459
2026-07-19 14:43:58,489 -   Val/Test Loss:        0.202142
2026-07-19 14:43:58,490 -   Train Bal.Accuracy:   0.718139
2026-07-19 14:43:58,491 -   Val/Test Bal.Accuracy:0.721482
2026-07-19 14:43:58,492 -   Loss gap:             0.002316
2026-07-19 14:43:58,493 -   Accuracy gap:         -0.003344
2026-07-19 14:43:58,493 -   Epoch time:           1.35 sec
2026-07-19 14:43:58,494 - 
--- EPOCH 106/200 ---
2026-07-19 14:43:58,495 - Starting epoch 106
2026-07-19 14:43:59,814 - Epoch 106 results:
2026-07-19 14:43:59,815 -   Train Loss:           0.204458
2026-07-19 14:43:59,816 -   Val/Test Loss:        0.202142
2026-07-19 14:43:59,817 -   Train Bal.Accuracy:   0.718184
2026-07-19 14:43:59,818 -   Val/Test Bal.Accuracy:0.721511
2026-07-19 14:43:59,819 -   Loss gap:             0.002316
2026-07-19 14:43:59,820 -   Accuracy gap:         -0.003327
2026-07-19 14:43:59,822 -   Epoch time:           1.32 sec
2026-07-19 14:43:59,823 - 
--- EPOCH 107/200 ---
2026-07-19 14:43:59,824 - Starting epoch 107
2026-07-19 14:44:01,127 - Epoch 107 results:
2026-07-19 14:44:01,128 -   Train Loss:           0.204457
2026-07-19 14:44:01,128 -   Val/Test Loss:        0.202141
2026-07-19 14:44:01,129 -   Train Bal.Accuracy:   0.718232
2026-07-19 14:44:01,130 -   Val/Test Bal.Accuracy:0.721550
2026-07-19 14:44:01,131 -   Loss gap:             0.002316
2026-07-19 14:44:01,132 -   Accuracy gap:         -0.003319
2026-07-19 14:44:01,133 -   Epoch time:           1.30 sec
2026-07-19 14:44:01,134 - 
--- EPOCH 108/200 ---
2026-07-19 14:44:01,135 - Starting epoch 108
2026-07-19 14:44:02,453 - Epoch 108 results:
2026-07-19 14:44:02,455 -   Train Loss:           0.204456
2026-07-19 14:44:02,455 -   Val/Test Loss:        0.202141
2026-07-19 14:44:02,457 -   Train Bal.Accuracy:   0.718240
2026-07-19 14:44:02,458 -   Val/Test Bal.Accuracy:0.721581
2026-07-19 14:44:02,459 -   Loss gap:             0.002316
2026-07-19 14:44:02,460 -   Accuracy gap:         -0.003341
2026-07-19 14:44:02,461 -   Epoch time:           1.32 sec
2026-07-19 14:44:02,462 - 
--- EPOCH 109/200 ---
2026-07-19 14:44:02,463 - Starting epoch 109
2026-07-19 14:44:03,873 - Epoch 109 results:
2026-07-19 14:44:03,874 -   Train Loss:           0.204456
2026-07-19 14:44:03,875 -   Val/Test Loss:        0.202140
2026-07-19 14:44:03,877 -   Train Bal.Accuracy:   0.718240
2026-07-19 14:44:03,877 -   Val/Test Bal.Accuracy:0.721577
2026-07-19 14:44:03,878 -   Loss gap:             0.002316
2026-07-19 14:44:03,879 -   Accuracy gap:         -0.003337
2026-07-19 14:44:03,881 -   Epoch time:           1.41 sec
2026-07-19 14:44:03,882 - 
--- EPOCH 110/200 ---
2026-07-19 14:44:03,882 - Starting epoch 110
2026-07-19 14:44:05,303 - Epoch 110 results:
2026-07-19 14:44:05,304 -   Train Loss:           0.204455
2026-07-19 14:44:05,305 -   Val/Test Loss:        0.202139
2026-07-19 14:44:05,306 -   Train Bal.Accuracy:   0.718260
2026-07-19 14:44:05,308 -   Val/Test Bal.Accuracy:0.721577
2026-07-19 14:44:05,309 -   Loss gap:             0.002316
2026-07-19 14:44:05,310 -   Accuracy gap:         -0.003318
2026-07-19 14:44:05,311 -   Epoch time:           1.42 sec
2026-07-19 14:44:05,312 - 
--- EPOCH 111/200 ---
2026-07-19 14:44:05,313 - Starting epoch 111
2026-07-19 14:44:06,687 - Epoch 111 results:
2026-07-19 14:44:06,688 -   Train Loss:           0.204454
2026-07-19 14:44:06,689 -   Val/Test Loss:        0.202139
2026-07-19 14:44:06,690 -   Train Bal.Accuracy:   0.718297
2026-07-19 14:44:06,691 -   Val/Test Bal.Accuracy:0.721606
2026-07-19 14:44:06,692 -   Loss gap:             0.002315
2026-07-19 14:44:06,693 -   Accuracy gap:         -0.003309
2026-07-19 14:44:06,694 -   Epoch time:           1.37 sec
2026-07-19 14:44:06,695 - 
--- EPOCH 112/200 ---
2026-07-19 14:44:06,696 - Starting epoch 112
2026-07-19 14:44:08,229 - Epoch 112 results:
2026-07-19 14:44:08,230 -   Train Loss:           0.204454
2026-07-19 14:44:08,232 -   Val/Test Loss:        0.202138
2026-07-19 14:44:08,233 -   Train Bal.Accuracy:   0.718306
2026-07-19 14:44:08,234 -   Val/Test Bal.Accuracy:0.721626
2026-07-19 14:44:08,235 -   Loss gap:             0.002315
2026-07-19 14:44:08,237 -   Accuracy gap:         -0.003320
2026-07-19 14:44:08,238 -   Epoch time:           1.53 sec
2026-07-19 14:44:08,238 - 
--- EPOCH 113/200 ---
2026-07-19 14:44:08,239 - Starting epoch 113
2026-07-19 14:44:09,577 - Epoch 113 results:
2026-07-19 14:44:09,578 -   Train Loss:           0.204453
2026-07-19 14:44:09,579 -   Val/Test Loss:        0.202138
2026-07-19 14:44:09,579 -   Train Bal.Accuracy:   0.718318
2026-07-19 14:44:09,580 -   Val/Test Bal.Accuracy:0.721645
2026-07-19 14:44:09,581 -   Loss gap:             0.002315
2026-07-19 14:44:09,582 -   Accuracy gap:         -0.003328
2026-07-19 14:44:09,583 -   Epoch time:           1.34 sec
2026-07-19 14:44:09,584 - 
--- EPOCH 114/200 ---
2026-07-19 14:44:09,585 - Starting epoch 114
2026-07-19 14:44:10,951 - Epoch 114 results:
2026-07-19 14:44:10,952 -   Train Loss:           0.204453
2026-07-19 14:44:10,953 -   Val/Test Loss:        0.202137
2026-07-19 14:44:10,954 -   Train Bal.Accuracy:   0.718359
2026-07-19 14:44:10,955 -   Val/Test Bal.Accuracy:0.721674
2026-07-19 14:44:10,956 -   Loss gap:             0.002315
2026-07-19 14:44:10,957 -   Accuracy gap:         -0.003315
2026-07-19 14:44:10,958 -   Epoch time:           1.37 sec
2026-07-19 14:44:10,959 - 
--- EPOCH 115/200 ---
2026-07-19 14:44:10,960 - Starting epoch 115
2026-07-19 14:44:12,316 - Epoch 115 results:
2026-07-19 14:44:12,317 -   Train Loss:           0.204452
2026-07-19 14:44:12,318 -   Val/Test Loss:        0.202137
2026-07-19 14:44:12,319 -   Train Bal.Accuracy:   0.718417
2026-07-19 14:44:12,320 -   Val/Test Bal.Accuracy:0.721692
2026-07-19 14:44:12,321 -   Loss gap:             0.002315
2026-07-19 14:44:12,322 -   Accuracy gap:         -0.003275
2026-07-19 14:44:12,323 -   Epoch time:           1.36 sec
2026-07-19 14:44:12,324 - 
--- EPOCH 116/200 ---
2026-07-19 14:44:12,325 - Starting epoch 116
2026-07-19 14:44:13,631 - Epoch 116 results:
2026-07-19 14:44:13,632 -   Train Loss:           0.204451
2026-07-19 14:44:13,633 -   Val/Test Loss:        0.202136
2026-07-19 14:44:13,634 -   Train Bal.Accuracy:   0.718442
2026-07-19 14:44:13,634 -   Val/Test Bal.Accuracy:0.721741
2026-07-19 14:44:13,635 -   Loss gap:             0.002315
2026-07-19 14:44:13,636 -   Accuracy gap:         -0.003299
2026-07-19 14:44:13,637 -   Epoch time:           1.31 sec
2026-07-19 14:44:13,638 - 
--- EPOCH 117/200 ---
2026-07-19 14:44:13,639 - Starting epoch 117
2026-07-19 14:44:14,993 - Epoch 117 results:
2026-07-19 14:44:14,994 -   Train Loss:           0.204451
2026-07-19 14:44:14,994 -   Val/Test Loss:        0.202136
2026-07-19 14:44:14,995 -   Train Bal.Accuracy:   0.718462
2026-07-19 14:44:14,996 -   Val/Test Bal.Accuracy:0.721741
2026-07-19 14:44:14,997 -   Loss gap:             0.002315
2026-07-19 14:44:14,998 -   Accuracy gap:         -0.003278
2026-07-19 14:44:14,998 -   Epoch time:           1.35 sec
2026-07-19 14:44:14,999 - 
--- EPOCH 118/200 ---
2026-07-19 14:44:15,000 - Starting epoch 118
2026-07-19 14:44:16,339 - Epoch 118 results:
2026-07-19 14:44:16,340 -   Train Loss:           0.204450
2026-07-19 14:44:16,341 -   Val/Test Loss:        0.202135
2026-07-19 14:44:16,342 -   Train Bal.Accuracy:   0.718495
2026-07-19 14:44:16,343 -   Val/Test Bal.Accuracy:0.721820
2026-07-19 14:44:16,344 -   Loss gap:             0.002315
2026-07-19 14:44:16,345 -   Accuracy gap:         -0.003325
2026-07-19 14:44:16,346 -   Epoch time:           1.34 sec
2026-07-19 14:44:16,346 - 
--- EPOCH 119/200 ---
2026-07-19 14:44:16,347 - Starting epoch 119
2026-07-19 14:44:17,735 - Epoch 119 results:
2026-07-19 14:44:17,736 -   Train Loss:           0.204450
2026-07-19 14:44:17,737 -   Val/Test Loss:        0.202135
2026-07-19 14:44:17,738 -   Train Bal.Accuracy:   0.718556
2026-07-19 14:44:17,739 -   Val/Test Bal.Accuracy:0.721917
2026-07-19 14:44:17,740 -   Loss gap:             0.002315
2026-07-19 14:44:17,741 -   Accuracy gap:         -0.003361
2026-07-19 14:44:17,742 -   Epoch time:           1.39 sec
2026-07-19 14:44:17,743 - 
--- EPOCH 120/200 ---
2026-07-19 14:44:17,744 - Starting epoch 120
2026-07-19 14:44:19,044 - Epoch 120 results:
2026-07-19 14:44:19,045 -   Train Loss:           0.204449
2026-07-19 14:44:19,046 -   Val/Test Loss:        0.202134
2026-07-19 14:44:19,047 -   Train Bal.Accuracy:   0.718577
2026-07-19 14:44:19,048 -   Val/Test Bal.Accuracy:0.721886
2026-07-19 14:44:19,049 -   Loss gap:             0.002315
2026-07-19 14:44:19,050 -   Accuracy gap:         -0.003310
2026-07-19 14:44:19,051 -   Epoch time:           1.30 sec
2026-07-19 14:44:19,052 - 
--- EPOCH 121/200 ---
2026-07-19 14:44:19,053 - Starting epoch 121
2026-07-19 14:44:20,442 - Epoch 121 results:
2026-07-19 14:44:20,443 -   Train Loss:           0.204449
2026-07-19 14:44:20,444 -   Val/Test Loss:        0.202134
2026-07-19 14:44:20,445 -   Train Bal.Accuracy:   0.718596
2026-07-19 14:44:20,446 -   Val/Test Bal.Accuracy:0.721857
2026-07-19 14:44:20,447 -   Loss gap:             0.002314
2026-07-19 14:44:20,448 -   Accuracy gap:         -0.003261
2026-07-19 14:44:20,449 -   Epoch time:           1.39 sec
2026-07-19 14:44:20,450 - 
--- EPOCH 122/200 ---
2026-07-19 14:44:20,452 - Starting epoch 122
2026-07-19 14:44:21,778 - Epoch 122 results:
2026-07-19 14:44:21,779 -   Train Loss:           0.204448
2026-07-19 14:44:21,780 -   Val/Test Loss:        0.202134
2026-07-19 14:44:21,781 -   Train Bal.Accuracy:   0.718615
2026-07-19 14:44:21,782 -   Val/Test Bal.Accuracy:0.721923
2026-07-19 14:44:21,782 -   Loss gap:             0.002314
2026-07-19 14:44:21,783 -   Accuracy gap:         -0.003308
2026-07-19 14:44:21,784 -   Epoch time:           1.33 sec
2026-07-19 14:44:21,786 - 
--- EPOCH 123/200 ---
2026-07-19 14:44:21,787 - Starting epoch 123
2026-07-19 14:44:23,166 - Epoch 123 results:
2026-07-19 14:44:23,168 -   Train Loss:           0.204447
2026-07-19 14:44:23,169 -   Val/Test Loss:        0.202133
2026-07-19 14:44:23,170 -   Train Bal.Accuracy:   0.718651
2026-07-19 14:44:23,171 -   Val/Test Bal.Accuracy:0.722001
2026-07-19 14:44:23,172 -   Loss gap:             0.002314
2026-07-19 14:44:23,173 -   Accuracy gap:         -0.003350
2026-07-19 14:44:23,174 -   Epoch time:           1.38 sec
2026-07-19 14:44:23,175 - 
--- EPOCH 124/200 ---
2026-07-19 14:44:23,176 - Starting epoch 124
2026-07-19 14:44:24,473 - Epoch 124 results:
2026-07-19 14:44:24,474 -   Train Loss:           0.204447
2026-07-19 14:44:24,475 -   Val/Test Loss:        0.202133
2026-07-19 14:44:24,476 -   Train Bal.Accuracy:   0.718650
2026-07-19 14:44:24,476 -   Val/Test Bal.Accuracy:0.722055
2026-07-19 14:44:24,477 -   Loss gap:             0.002314
2026-07-19 14:44:24,478 -   Accuracy gap:         -0.003405
2026-07-19 14:44:24,479 -   Epoch time:           1.30 sec
2026-07-19 14:44:24,480 - 
--- EPOCH 125/200 ---
2026-07-19 14:44:24,481 - Starting epoch 125
2026-07-19 14:44:25,729 - Epoch 125 results:
2026-07-19 14:44:25,730 -   Train Loss:           0.204446
2026-07-19 14:44:25,731 -   Val/Test Loss:        0.202132
2026-07-19 14:44:25,732 -   Train Bal.Accuracy:   0.718687
2026-07-19 14:44:25,733 -   Val/Test Bal.Accuracy:0.722102
2026-07-19 14:44:25,733 -   Loss gap:             0.002314
2026-07-19 14:44:25,734 -   Accuracy gap:         -0.003414
2026-07-19 14:44:25,736 -   Epoch time:           1.25 sec
2026-07-19 14:44:25,736 - 
--- EPOCH 126/200 ---
2026-07-19 14:44:25,737 - Starting epoch 126
2026-07-19 14:44:27,050 - Epoch 126 results:
2026-07-19 14:44:27,052 -   Train Loss:           0.204446
2026-07-19 14:44:27,052 -   Val/Test Loss:        0.202132
2026-07-19 14:44:27,053 -   Train Bal.Accuracy:   0.718696
2026-07-19 14:44:27,054 -   Val/Test Bal.Accuracy:0.722092
2026-07-19 14:44:27,055 -   Loss gap:             0.002314
2026-07-19 14:44:27,056 -   Accuracy gap:         -0.003397
2026-07-19 14:44:27,057 -   Epoch time:           1.31 sec
2026-07-19 14:44:27,058 - 
--- EPOCH 127/200 ---
2026-07-19 14:44:27,059 - Starting epoch 127
2026-07-19 14:44:28,434 - Epoch 127 results:
2026-07-19 14:44:28,435 -   Train Loss:           0.204446
2026-07-19 14:44:28,436 -   Val/Test Loss:        0.202132
2026-07-19 14:44:28,437 -   Train Bal.Accuracy:   0.718704
2026-07-19 14:44:28,438 -   Val/Test Bal.Accuracy:0.722121
2026-07-19 14:44:28,439 -   Loss gap:             0.002314
2026-07-19 14:44:28,440 -   Accuracy gap:         -0.003417
2026-07-19 14:44:28,441 -   Epoch time:           1.38 sec
2026-07-19 14:44:28,442 - 
--- EPOCH 128/200 ---
2026-07-19 14:44:28,443 - Starting epoch 128
2026-07-19 14:44:29,782 - Epoch 128 results:
2026-07-19 14:44:29,783 -   Train Loss:           0.204445
2026-07-19 14:44:29,784 -   Val/Test Loss:        0.202131
2026-07-19 14:44:29,785 -   Train Bal.Accuracy:   0.718712
2026-07-19 14:44:29,786 -   Val/Test Bal.Accuracy:0.722119
2026-07-19 14:44:29,787 -   Loss gap:             0.002314
2026-07-19 14:44:29,788 -   Accuracy gap:         -0.003407
2026-07-19 14:44:29,789 -   Epoch time:           1.34 sec
2026-07-19 14:44:29,790 - 
--- EPOCH 129/200 ---
2026-07-19 14:44:29,791 - Starting epoch 129
2026-07-19 14:44:31,081 - Epoch 129 results:
2026-07-19 14:44:31,082 -   Train Loss:           0.204445
2026-07-19 14:44:31,083 -   Val/Test Loss:        0.202131
2026-07-19 14:44:31,084 -   Train Bal.Accuracy:   0.718754
2026-07-19 14:44:31,085 -   Val/Test Bal.Accuracy:0.722177
2026-07-19 14:44:31,086 -   Loss gap:             0.002314
2026-07-19 14:44:31,087 -   Accuracy gap:         -0.003424
2026-07-19 14:44:31,090 -   Epoch time:           1.29 sec
2026-07-19 14:44:31,091 - 
--- EPOCH 130/200 ---
2026-07-19 14:44:31,091 - Starting epoch 130
2026-07-19 14:44:32,336 - Epoch 130 results:
2026-07-19 14:44:32,337 -   Train Loss:           0.204444
2026-07-19 14:44:32,337 -   Val/Test Loss:        0.202131
2026-07-19 14:44:32,338 -   Train Bal.Accuracy:   0.718786
2026-07-19 14:44:32,339 -   Val/Test Bal.Accuracy:0.722177
2026-07-19 14:44:32,340 -   Loss gap:             0.002314
2026-07-19 14:44:32,341 -   Accuracy gap:         -0.003391
2026-07-19 14:44:32,342 -   Epoch time:           1.25 sec
2026-07-19 14:44:32,343 - 
--- EPOCH 131/200 ---
2026-07-19 14:44:32,344 - Starting epoch 131
2026-07-19 14:44:33,581 - Epoch 131 results:
2026-07-19 14:44:33,582 -   Train Loss:           0.204444
2026-07-19 14:44:33,583 -   Val/Test Loss:        0.202130
2026-07-19 14:44:33,584 -   Train Bal.Accuracy:   0.718798
2026-07-19 14:44:33,585 -   Val/Test Bal.Accuracy:0.722177
2026-07-19 14:44:33,586 -   Loss gap:             0.002314
2026-07-19 14:44:33,587 -   Accuracy gap:         -0.003379
2026-07-19 14:44:33,588 -   Epoch time:           1.24 sec
2026-07-19 14:44:33,589 - 
--- EPOCH 132/200 ---
2026-07-19 14:44:33,590 - Starting epoch 132
2026-07-19 14:44:34,932 - Epoch 132 results:
2026-07-19 14:44:34,933 -   Train Loss:           0.204443
2026-07-19 14:44:34,934 -   Val/Test Loss:        0.202130
2026-07-19 14:44:34,934 -   Train Bal.Accuracy:   0.718818
2026-07-19 14:44:34,935 -   Val/Test Bal.Accuracy:0.722216
2026-07-19 14:44:34,936 -   Loss gap:             0.002313
2026-07-19 14:44:34,937 -   Accuracy gap:         -0.003399
2026-07-19 14:44:34,938 -   Epoch time:           1.34 sec
2026-07-19 14:44:34,939 - 
--- EPOCH 133/200 ---
2026-07-19 14:44:34,939 - Starting epoch 133
2026-07-19 14:44:36,323 - Epoch 133 results:
2026-07-19 14:44:36,324 -   Train Loss:           0.204443
2026-07-19 14:44:36,325 -   Val/Test Loss:        0.202129
2026-07-19 14:44:36,326 -   Train Bal.Accuracy:   0.718862
2026-07-19 14:44:36,326 -   Val/Test Bal.Accuracy:0.722236
2026-07-19 14:44:36,327 -   Loss gap:             0.002313
2026-07-19 14:44:36,328 -   Accuracy gap:         -0.003373
2026-07-19 14:44:36,329 -   Epoch time:           1.38 sec
2026-07-19 14:44:36,330 - 
--- EPOCH 134/200 ---
2026-07-19 14:44:36,331 - Starting epoch 134
2026-07-19 14:44:37,636 - Epoch 134 results:
2026-07-19 14:44:37,637 -   Train Loss:           0.204442
2026-07-19 14:44:37,638 -   Val/Test Loss:        0.202129
2026-07-19 14:44:37,639 -   Train Bal.Accuracy:   0.718921
2026-07-19 14:44:37,640 -   Val/Test Bal.Accuracy:0.722236
2026-07-19 14:44:37,640 -   Loss gap:             0.002313
2026-07-19 14:44:37,641 -   Accuracy gap:         -0.003315
2026-07-19 14:44:37,642 -   Epoch time:           1.31 sec
2026-07-19 14:44:37,643 - 
--- EPOCH 135/200 ---
2026-07-19 14:44:37,644 - Starting epoch 135
2026-07-19 14:44:38,939 - Epoch 135 results:
2026-07-19 14:44:38,940 -   Train Loss:           0.204442
2026-07-19 14:44:38,940 -   Val/Test Loss:        0.202129
2026-07-19 14:44:38,941 -   Train Bal.Accuracy:   0.718925
2026-07-19 14:44:38,942 -   Val/Test Bal.Accuracy:0.722236
2026-07-19 14:44:38,943 -   Loss gap:             0.002313
2026-07-19 14:44:38,944 -   Accuracy gap:         -0.003311
2026-07-19 14:44:38,945 -   Epoch time:           1.30 sec
2026-07-19 14:44:38,945 - 
--- EPOCH 136/200 ---
2026-07-19 14:44:38,946 - Starting epoch 136
2026-07-19 14:44:40,295 - Epoch 136 results:
2026-07-19 14:44:40,296 -   Train Loss:           0.204442
2026-07-19 14:44:40,297 -   Val/Test Loss:        0.202129
2026-07-19 14:44:40,298 -   Train Bal.Accuracy:   0.718925
2026-07-19 14:44:40,299 -   Val/Test Bal.Accuracy:0.722313
2026-07-19 14:44:40,300 -   Loss gap:             0.002313
2026-07-19 14:44:40,302 -   Accuracy gap:         -0.003388
2026-07-19 14:44:40,303 -   Epoch time:           1.35 sec
2026-07-19 14:44:40,304 - 
--- EPOCH 137/200 ---
2026-07-19 14:44:40,305 - Starting epoch 137
2026-07-19 14:44:41,819 - Epoch 137 results:
2026-07-19 14:44:41,820 -   Train Loss:           0.204441
2026-07-19 14:44:41,821 -   Val/Test Loss:        0.202128
2026-07-19 14:44:41,822 -   Train Bal.Accuracy:   0.718963
2026-07-19 14:44:41,823 -   Val/Test Bal.Accuracy:0.722362
2026-07-19 14:44:41,824 -   Loss gap:             0.002313
2026-07-19 14:44:41,825 -   Accuracy gap:         -0.003399
2026-07-19 14:44:41,826 -   Epoch time:           1.51 sec
2026-07-19 14:44:41,827 - 
--- EPOCH 138/200 ---
2026-07-19 14:44:41,828 - Starting epoch 138
2026-07-19 14:44:43,120 - Epoch 138 results:
2026-07-19 14:44:43,121 -   Train Loss:           0.204441
2026-07-19 14:44:43,122 -   Val/Test Loss:        0.202128
2026-07-19 14:44:43,123 -   Train Bal.Accuracy:   0.718975
2026-07-19 14:44:43,124 -   Val/Test Bal.Accuracy:0.722362
2026-07-19 14:44:43,126 -   Loss gap:             0.002313
2026-07-19 14:44:43,126 -   Accuracy gap:         -0.003387
2026-07-19 14:44:43,127 -   Epoch time:           1.29 sec
2026-07-19 14:44:43,128 - 
--- EPOCH 139/200 ---
2026-07-19 14:44:43,129 - Starting epoch 139
2026-07-19 14:44:44,486 - Epoch 139 results:
2026-07-19 14:44:44,488 -   Train Loss:           0.204440
2026-07-19 14:44:44,488 -   Val/Test Loss:        0.202128
2026-07-19 14:44:44,489 -   Train Bal.Accuracy:   0.718996
2026-07-19 14:44:44,490 -   Val/Test Bal.Accuracy:0.722418
2026-07-19 14:44:44,491 -   Loss gap:             0.002313
2026-07-19 14:44:44,492 -   Accuracy gap:         -0.003422
2026-07-19 14:44:44,493 -   Epoch time:           1.36 sec
2026-07-19 14:44:44,494 - 
--- EPOCH 140/200 ---
2026-07-19 14:44:44,495 - Starting epoch 140
2026-07-19 14:44:45,933 - Epoch 140 results:
2026-07-19 14:44:45,934 -   Train Loss:           0.204440
2026-07-19 14:44:45,935 -   Val/Test Loss:        0.202127
2026-07-19 14:44:45,936 -   Train Bal.Accuracy:   0.719014
2026-07-19 14:44:45,938 -   Val/Test Bal.Accuracy:0.722447
2026-07-19 14:44:45,938 -   Loss gap:             0.002313
2026-07-19 14:44:45,939 -   Accuracy gap:         -0.003432
2026-07-19 14:44:45,940 -   Epoch time:           1.44 sec
2026-07-19 14:44:45,941 - 
--- EPOCH 141/200 ---
2026-07-19 14:44:45,942 - Starting epoch 141
2026-07-19 14:44:47,300 - Epoch 141 results:
2026-07-19 14:44:47,301 -   Train Loss:           0.204440
2026-07-19 14:44:47,302 -   Val/Test Loss:        0.202127
2026-07-19 14:44:47,303 -   Train Bal.Accuracy:   0.719044
2026-07-19 14:44:47,304 -   Val/Test Bal.Accuracy:0.722447
2026-07-19 14:44:47,305 -   Loss gap:             0.002313
2026-07-19 14:44:47,306 -   Accuracy gap:         -0.003403
2026-07-19 14:44:47,307 -   Epoch time:           1.36 sec
2026-07-19 14:44:47,307 - 
--- EPOCH 142/200 ---
2026-07-19 14:44:47,308 - Starting epoch 142
2026-07-19 14:44:48,594 - Epoch 142 results:
2026-07-19 14:44:48,595 -   Train Loss:           0.204439
2026-07-19 14:44:48,596 -   Val/Test Loss:        0.202127
2026-07-19 14:44:48,597 -   Train Bal.Accuracy:   0.719052
2026-07-19 14:44:48,598 -   Val/Test Bal.Accuracy:0.722466
2026-07-19 14:44:48,600 -   Loss gap:             0.002313
2026-07-19 14:44:48,601 -   Accuracy gap:         -0.003414
2026-07-19 14:44:48,601 -   Epoch time:           1.29 sec
2026-07-19 14:44:48,602 - 
--- EPOCH 143/200 ---
2026-07-19 14:44:48,604 - Starting epoch 143
2026-07-19 14:44:49,870 - Epoch 143 results:
2026-07-19 14:44:49,871 -   Train Loss:           0.204439
2026-07-19 14:44:49,872 -   Val/Test Loss:        0.202126
2026-07-19 14:44:49,873 -   Train Bal.Accuracy:   0.719090
2026-07-19 14:44:49,874 -   Val/Test Bal.Accuracy:0.722466
2026-07-19 14:44:49,875 -   Loss gap:             0.002313
2026-07-19 14:44:49,876 -   Accuracy gap:         -0.003377
2026-07-19 14:44:49,876 -   Epoch time:           1.27 sec
2026-07-19 14:44:49,877 - 
--- EPOCH 144/200 ---
2026-07-19 14:44:49,878 - Starting epoch 144
2026-07-19 14:44:51,205 - Epoch 144 results:
2026-07-19 14:44:51,206 -   Train Loss:           0.204439
2026-07-19 14:44:51,207 -   Val/Test Loss:        0.202126
2026-07-19 14:44:51,208 -   Train Bal.Accuracy:   0.719122
2026-07-19 14:44:51,209 -   Val/Test Bal.Accuracy:0.722466
2026-07-19 14:44:51,209 -   Loss gap:             0.002313
2026-07-19 14:44:51,210 -   Accuracy gap:         -0.003344
2026-07-19 14:44:51,211 -   Epoch time:           1.33 sec
2026-07-19 14:44:51,212 - 
--- EPOCH 145/200 ---
2026-07-19 14:44:51,213 - Starting epoch 145
2026-07-19 14:44:52,577 - Epoch 145 results:
2026-07-19 14:44:52,578 -   Train Loss:           0.204438
2026-07-19 14:44:52,578 -   Val/Test Loss:        0.202126
2026-07-19 14:44:52,579 -   Train Bal.Accuracy:   0.719121
2026-07-19 14:44:52,580 -   Val/Test Bal.Accuracy:0.722466
2026-07-19 14:44:52,581 -   Loss gap:             0.002312
2026-07-19 14:44:52,582 -   Accuracy gap:         -0.003345
2026-07-19 14:44:52,583 -   Epoch time:           1.36 sec
2026-07-19 14:44:52,584 - 
--- EPOCH 146/200 ---
2026-07-19 14:44:52,584 - Starting epoch 146
2026-07-19 14:44:53,903 - Epoch 146 results:
2026-07-19 14:44:53,904 -   Train Loss:           0.204438
2026-07-19 14:44:53,905 -   Val/Test Loss:        0.202126
2026-07-19 14:44:53,906 -   Train Bal.Accuracy:   0.719165
2026-07-19 14:44:53,907 -   Val/Test Bal.Accuracy:0.722466
2026-07-19 14:44:53,908 -   Loss gap:             0.002312
2026-07-19 14:44:53,909 -   Accuracy gap:         -0.003301
2026-07-19 14:44:53,910 -   Epoch time:           1.32 sec
2026-07-19 14:44:53,911 - 
--- EPOCH 147/200 ---
2026-07-19 14:44:53,912 - Starting epoch 147
2026-07-19 14:44:55,253 - Epoch 147 results:
2026-07-19 14:44:55,254 -   Train Loss:           0.204438
2026-07-19 14:44:55,255 -   Val/Test Loss:        0.202125
2026-07-19 14:44:55,256 -   Train Bal.Accuracy:   0.719195
2026-07-19 14:44:55,256 -   Val/Test Bal.Accuracy:0.722486
2026-07-19 14:44:55,257 -   Loss gap:             0.002312
2026-07-19 14:44:55,258 -   Accuracy gap:         -0.003291
2026-07-19 14:44:55,259 -   Epoch time:           1.34 sec
2026-07-19 14:44:55,260 - 
--- EPOCH 148/200 ---
2026-07-19 14:44:55,262 - Starting epoch 148
2026-07-19 14:44:56,577 - Epoch 148 results:
2026-07-19 14:44:56,578 -   Train Loss:           0.204437
2026-07-19 14:44:56,579 -   Val/Test Loss:        0.202125
2026-07-19 14:44:56,580 -   Train Bal.Accuracy:   0.719241
2026-07-19 14:44:56,581 -   Val/Test Bal.Accuracy:0.722486
2026-07-19 14:44:56,582 -   Loss gap:             0.002312
2026-07-19 14:44:56,582 -   Accuracy gap:         -0.003245
2026-07-19 14:44:56,584 -   Epoch time:           1.32 sec
2026-07-19 14:44:56,585 - 
--- EPOCH 149/200 ---
2026-07-19 14:44:56,586 - Starting epoch 149
2026-07-19 14:44:58,006 - Epoch 149 results:
2026-07-19 14:44:58,007 -   Train Loss:           0.204437
2026-07-19 14:44:58,008 -   Val/Test Loss:        0.202125
2026-07-19 14:44:58,009 -   Train Bal.Accuracy:   0.719261
2026-07-19 14:44:58,010 -   Val/Test Bal.Accuracy:0.722515
2026-07-19 14:44:58,011 -   Loss gap:             0.002312
2026-07-19 14:44:58,011 -   Accuracy gap:         -0.003254
2026-07-19 14:44:58,013 -   Epoch time:           1.42 sec
2026-07-19 14:44:58,014 - 
--- EPOCH 150/200 ---
2026-07-19 14:44:58,014 - Starting epoch 150
2026-07-19 14:44:59,517 - Epoch 150 results:
2026-07-19 14:44:59,518 -   Train Loss:           0.204437
2026-07-19 14:44:59,519 -   Val/Test Loss:        0.202125
2026-07-19 14:44:59,520 -   Train Bal.Accuracy:   0.719290
2026-07-19 14:44:59,522 -   Val/Test Bal.Accuracy:0.722515
2026-07-19 14:44:59,523 -   Loss gap:             0.002312
2026-07-19 14:44:59,524 -   Accuracy gap:         -0.003225
2026-07-19 14:44:59,525 -   Epoch time:           1.50 sec
2026-07-19 14:44:59,526 - 
--- EPOCH 151/200 ---
2026-07-19 14:44:59,527 - Starting epoch 151
2026-07-19 14:45:00,772 - Epoch 151 results:
2026-07-19 14:45:00,774 -   Train Loss:           0.204436
2026-07-19 14:45:00,775 -   Val/Test Loss:        0.202124
2026-07-19 14:45:00,776 -   Train Bal.Accuracy:   0.719290
2026-07-19 14:45:00,777 -   Val/Test Bal.Accuracy:0.722515
2026-07-19 14:45:00,778 -   Loss gap:             0.002312
2026-07-19 14:45:00,779 -   Accuracy gap:         -0.003225
2026-07-19 14:45:00,779 -   Epoch time:           1.25 sec
2026-07-19 14:45:00,780 - 
--- EPOCH 152/200 ---
2026-07-19 14:45:00,781 - Starting epoch 152
2026-07-19 14:45:02,024 - Epoch 152 results:
2026-07-19 14:45:02,025 -   Train Loss:           0.204436
2026-07-19 14:45:02,026 -   Val/Test Loss:        0.202124
2026-07-19 14:45:02,027 -   Train Bal.Accuracy:   0.719307
2026-07-19 14:45:02,027 -   Val/Test Bal.Accuracy:0.722544
2026-07-19 14:45:02,028 -   Loss gap:             0.002312
2026-07-19 14:45:02,029 -   Accuracy gap:         -0.003237
2026-07-19 14:45:02,030 -   Epoch time:           1.24 sec
2026-07-19 14:45:02,030 - 
--- EPOCH 153/200 ---
2026-07-19 14:45:02,031 - Starting epoch 153
2026-07-19 14:45:03,248 - Epoch 153 results:
2026-07-19 14:45:03,249 -   Train Loss:           0.204436
2026-07-19 14:45:03,249 -   Val/Test Loss:        0.202124
2026-07-19 14:45:03,251 -   Train Bal.Accuracy:   0.719332
2026-07-19 14:45:03,252 -   Val/Test Bal.Accuracy:0.722544
2026-07-19 14:45:03,252 -   Loss gap:             0.002312
2026-07-19 14:45:03,253 -   Accuracy gap:         -0.003212
2026-07-19 14:45:03,254 -   Epoch time:           1.22 sec
2026-07-19 14:45:03,255 - 
--- EPOCH 154/200 ---
2026-07-19 14:45:03,255 - Starting epoch 154
2026-07-19 14:45:04,460 - Epoch 154 results:
2026-07-19 14:45:04,461 -   Train Loss:           0.204436
2026-07-19 14:45:04,462 -   Val/Test Loss:        0.202124
2026-07-19 14:45:04,463 -   Train Bal.Accuracy:   0.719332
2026-07-19 14:45:04,464 -   Val/Test Bal.Accuracy:0.722544
2026-07-19 14:45:04,465 -   Loss gap:             0.002312
2026-07-19 14:45:04,467 -   Accuracy gap:         -0.003212
2026-07-19 14:45:04,468 -   Epoch time:           1.21 sec
2026-07-19 14:45:04,469 - 
--- EPOCH 155/200 ---
2026-07-19 14:45:04,470 - Starting epoch 155
2026-07-19 14:45:05,785 - Epoch 155 results:
2026-07-19 14:45:05,786 -   Train Loss:           0.204435
2026-07-19 14:45:05,787 -   Val/Test Loss:        0.202124
2026-07-19 14:45:05,788 -   Train Bal.Accuracy:   0.719352
2026-07-19 14:45:05,789 -   Val/Test Bal.Accuracy:0.722573
2026-07-19 14:45:05,790 -   Loss gap:             0.002312
2026-07-19 14:45:05,791 -   Accuracy gap:         -0.003221
2026-07-19 14:45:05,791 -   Epoch time:           1.32 sec
2026-07-19 14:45:05,793 - 
--- EPOCH 156/200 ---
2026-07-19 14:45:05,793 - Starting epoch 156
2026-07-19 14:45:06,986 - Epoch 156 results:
2026-07-19 14:45:06,988 -   Train Loss:           0.204435
2026-07-19 14:45:06,989 -   Val/Test Loss:        0.202123
2026-07-19 14:45:06,989 -   Train Bal.Accuracy:   0.719381
2026-07-19 14:45:06,990 -   Val/Test Bal.Accuracy:0.722631
2026-07-19 14:45:06,991 -   Loss gap:             0.002312
2026-07-19 14:45:06,992 -   Accuracy gap:         -0.003250
2026-07-19 14:45:06,993 -   Epoch time:           1.19 sec
2026-07-19 14:45:06,994 - 
--- EPOCH 157/200 ---
2026-07-19 14:45:06,994 - Starting epoch 157
2026-07-19 14:45:08,158 - Epoch 157 results:
2026-07-19 14:45:08,159 -   Train Loss:           0.204435
2026-07-19 14:45:08,160 -   Val/Test Loss:        0.202123
2026-07-19 14:45:08,161 -   Train Bal.Accuracy:   0.719402
2026-07-19 14:45:08,162 -   Val/Test Bal.Accuracy:0.722631
2026-07-19 14:45:08,162 -   Loss gap:             0.002312
2026-07-19 14:45:08,163 -   Accuracy gap:         -0.003229
2026-07-19 14:45:08,164 -   Epoch time:           1.16 sec
2026-07-19 14:45:08,165 - 
--- EPOCH 158/200 ---
2026-07-19 14:45:08,165 - Starting epoch 158
2026-07-19 14:45:09,324 - Epoch 158 results:
2026-07-19 14:45:09,325 -   Train Loss:           0.204434
2026-07-19 14:45:09,325 -   Val/Test Loss:        0.202123
2026-07-19 14:45:09,326 -   Train Bal.Accuracy:   0.719419
2026-07-19 14:45:09,327 -   Val/Test Bal.Accuracy:0.722650
2026-07-19 14:45:09,328 -   Loss gap:             0.002312
2026-07-19 14:45:09,328 -   Accuracy gap:         -0.003232
2026-07-19 14:45:09,329 -   Epoch time:           1.16 sec
2026-07-19 14:45:09,330 - 
--- EPOCH 159/200 ---
2026-07-19 14:45:09,331 - Starting epoch 159
2026-07-19 14:45:10,640 - Epoch 159 results:
2026-07-19 14:45:10,641 -   Train Loss:           0.204434
2026-07-19 14:45:10,641 -   Val/Test Loss:        0.202123
2026-07-19 14:45:10,642 -   Train Bal.Accuracy:   0.719426
2026-07-19 14:45:10,643 -   Val/Test Bal.Accuracy:0.722650
2026-07-19 14:45:10,644 -   Loss gap:             0.002311
2026-07-19 14:45:10,645 -   Accuracy gap:         -0.003224
2026-07-19 14:45:10,646 -   Epoch time:           1.31 sec
2026-07-19 14:45:10,647 - 
--- EPOCH 160/200 ---
2026-07-19 14:45:10,648 - Starting epoch 160
2026-07-19 14:45:11,856 - Epoch 160 results:
2026-07-19 14:45:11,857 -   Train Loss:           0.204434
2026-07-19 14:45:11,858 -   Val/Test Loss:        0.202122
2026-07-19 14:45:11,859 -   Train Bal.Accuracy:   0.719447
2026-07-19 14:45:11,860 -   Val/Test Bal.Accuracy:0.722647
2026-07-19 14:45:11,862 -   Loss gap:             0.002311
2026-07-19 14:45:11,862 -   Accuracy gap:         -0.003200
2026-07-19 14:45:11,863 -   Epoch time:           1.21 sec
2026-07-19 14:45:11,864 - 
--- EPOCH 161/200 ---
2026-07-19 14:45:11,865 - Starting epoch 161
2026-07-19 14:45:13,016 - Epoch 161 results:
2026-07-19 14:45:13,017 -   Train Loss:           0.204434
2026-07-19 14:45:13,018 -   Val/Test Loss:        0.202122
2026-07-19 14:45:13,019 -   Train Bal.Accuracy:   0.719455
2026-07-19 14:45:13,020 -   Val/Test Bal.Accuracy:0.722676
2026-07-19 14:45:13,021 -   Loss gap:             0.002311
2026-07-19 14:45:13,022 -   Accuracy gap:         -0.003220
2026-07-19 14:45:13,022 -   Epoch time:           1.15 sec
2026-07-19 14:45:13,023 - 
--- EPOCH 162/200 ---
2026-07-19 14:45:13,024 - Starting epoch 162
2026-07-19 14:45:14,209 - Epoch 162 results:
2026-07-19 14:45:14,210 -   Train Loss:           0.204433
2026-07-19 14:45:14,211 -   Val/Test Loss:        0.202122
2026-07-19 14:45:14,212 -   Train Bal.Accuracy:   0.719492
2026-07-19 14:45:14,212 -   Val/Test Bal.Accuracy:0.722676
2026-07-19 14:45:14,213 -   Loss gap:             0.002311
2026-07-19 14:45:14,214 -   Accuracy gap:         -0.003183
2026-07-19 14:45:14,215 -   Epoch time:           1.19 sec
2026-07-19 14:45:14,216 - 
--- EPOCH 163/200 ---
2026-07-19 14:45:14,217 - Starting epoch 163
2026-07-19 14:45:15,421 - Epoch 163 results:
2026-07-19 14:45:15,422 -   Train Loss:           0.204433
2026-07-19 14:45:15,423 -   Val/Test Loss:        0.202122
2026-07-19 14:45:15,425 -   Train Bal.Accuracy:   0.719536
2026-07-19 14:45:15,426 -   Val/Test Bal.Accuracy:0.722693
2026-07-19 14:45:15,427 -   Loss gap:             0.002311
2026-07-19 14:45:15,427 -   Accuracy gap:         -0.003157
2026-07-19 14:45:15,428 -   Epoch time:           1.21 sec
2026-07-19 14:45:15,429 - 
--- EPOCH 164/200 ---
2026-07-19 14:45:15,430 - Starting epoch 164
2026-07-19 14:45:16,578 - Epoch 164 results:
2026-07-19 14:45:16,579 -   Train Loss:           0.204433
2026-07-19 14:45:16,580 -   Val/Test Loss:        0.202122
2026-07-19 14:45:16,581 -   Train Bal.Accuracy:   0.719557
2026-07-19 14:45:16,582 -   Val/Test Bal.Accuracy:0.722713
2026-07-19 14:45:16,583 -   Loss gap:             0.002311
2026-07-19 14:45:16,584 -   Accuracy gap:         -0.003156
2026-07-19 14:45:16,585 -   Epoch time:           1.15 sec
2026-07-19 14:45:16,585 - 
--- EPOCH 165/200 ---
2026-07-19 14:45:16,586 - Starting epoch 165
2026-07-19 14:45:17,761 - Epoch 165 results:
2026-07-19 14:45:17,762 -   Train Loss:           0.204433
2026-07-19 14:45:17,763 -   Val/Test Loss:        0.202122
2026-07-19 14:45:17,763 -   Train Bal.Accuracy:   0.719546
2026-07-19 14:45:17,764 -   Val/Test Bal.Accuracy:0.722713
2026-07-19 14:45:17,765 -   Loss gap:             0.002311
2026-07-19 14:45:17,766 -   Accuracy gap:         -0.003167
2026-07-19 14:45:17,767 -   Epoch time:           1.18 sec
2026-07-19 14:45:17,768 - 
--- EPOCH 166/200 ---
2026-07-19 14:45:17,769 - Starting epoch 166
2026-07-19 14:45:18,932 - Epoch 166 results:
2026-07-19 14:45:18,933 -   Train Loss:           0.204432
2026-07-19 14:45:18,934 -   Val/Test Loss:        0.202121
2026-07-19 14:45:18,935 -   Train Bal.Accuracy:   0.719569
2026-07-19 14:45:18,935 -   Val/Test Bal.Accuracy:0.722734
2026-07-19 14:45:18,936 -   Loss gap:             0.002311
2026-07-19 14:45:18,937 -   Accuracy gap:         -0.003165
2026-07-19 14:45:18,938 -   Epoch time:           1.16 sec
2026-07-19 14:45:18,938 - 
--- EPOCH 167/200 ---
2026-07-19 14:45:18,939 - Starting epoch 167
2026-07-19 14:45:20,076 - Epoch 167 results:
2026-07-19 14:45:20,077 -   Train Loss:           0.204432
2026-07-19 14:45:20,078 -   Val/Test Loss:        0.202121
2026-07-19 14:45:20,079 -   Train Bal.Accuracy:   0.719590
2026-07-19 14:45:20,079 -   Val/Test Bal.Accuracy:0.722754
2026-07-19 14:45:20,080 -   Loss gap:             0.002311
2026-07-19 14:45:20,081 -   Accuracy gap:         -0.003164
2026-07-19 14:45:20,081 -   Epoch time:           1.14 sec
2026-07-19 14:45:20,082 - 
--- EPOCH 168/200 ---
2026-07-19 14:45:20,083 - Starting epoch 168
2026-07-19 14:45:21,373 - Epoch 168 results:
2026-07-19 14:45:21,374 -   Train Loss:           0.204432
2026-07-19 14:45:21,375 -   Val/Test Loss:        0.202121
2026-07-19 14:45:21,376 -   Train Bal.Accuracy:   0.719622
2026-07-19 14:45:21,377 -   Val/Test Bal.Accuracy:0.722781
2026-07-19 14:45:21,377 -   Loss gap:             0.002311
2026-07-19 14:45:21,378 -   Accuracy gap:         -0.003159
2026-07-19 14:45:21,379 -   Epoch time:           1.29 sec
2026-07-19 14:45:21,379 - 
--- EPOCH 169/200 ---
2026-07-19 14:45:21,380 - Starting epoch 169
2026-07-19 14:45:22,589 - Epoch 169 results:
2026-07-19 14:45:22,590 -   Train Loss:           0.204432
2026-07-19 14:45:22,591 -   Val/Test Loss:        0.202121
2026-07-19 14:45:22,592 -   Train Bal.Accuracy:   0.719619
2026-07-19 14:45:22,593 -   Val/Test Bal.Accuracy:0.722810
2026-07-19 14:45:22,593 -   Loss gap:             0.002311
2026-07-19 14:45:22,594 -   Accuracy gap:         -0.003191
2026-07-19 14:45:22,595 -   Epoch time:           1.21 sec
2026-07-19 14:45:22,596 - 
--- EPOCH 170/200 ---
2026-07-19 14:45:22,597 - Starting epoch 170
2026-07-19 14:45:23,792 - Epoch 170 results:
2026-07-19 14:45:23,793 -   Train Loss:           0.204432
2026-07-19 14:45:23,794 -   Val/Test Loss:        0.202121
2026-07-19 14:45:23,795 -   Train Bal.Accuracy:   0.719618
2026-07-19 14:45:23,796 -   Val/Test Bal.Accuracy:0.722839
2026-07-19 14:45:23,797 -   Loss gap:             0.002311
2026-07-19 14:45:23,798 -   Accuracy gap:         -0.003221
2026-07-19 14:45:23,799 -   Epoch time:           1.20 sec
2026-07-19 14:45:23,800 - 
--- EPOCH 171/200 ---
2026-07-19 14:45:23,801 - Starting epoch 171
2026-07-19 14:45:25,015 - Epoch 171 results:
2026-07-19 14:45:25,016 -   Train Loss:           0.204431
2026-07-19 14:45:25,017 -   Val/Test Loss:        0.202120
2026-07-19 14:45:25,018 -   Train Bal.Accuracy:   0.719634
2026-07-19 14:45:25,020 -   Val/Test Bal.Accuracy:0.722868
2026-07-19 14:45:25,021 -   Loss gap:             0.002311
2026-07-19 14:45:25,022 -   Accuracy gap:         -0.003234
2026-07-19 14:45:25,022 -   Epoch time:           1.22 sec
2026-07-19 14:45:25,024 - 
--- EPOCH 172/200 ---
2026-07-19 14:45:25,025 - Starting epoch 172
2026-07-19 14:45:26,420 - Epoch 172 results:
2026-07-19 14:45:26,421 -   Train Loss:           0.204431
2026-07-19 14:45:26,422 -   Val/Test Loss:        0.202120
2026-07-19 14:45:26,423 -   Train Bal.Accuracy:   0.719633
2026-07-19 14:45:26,424 -   Val/Test Bal.Accuracy:0.722887
2026-07-19 14:45:26,425 -   Loss gap:             0.002311
2026-07-19 14:45:26,425 -   Accuracy gap:         -0.003254
2026-07-19 14:45:26,426 -   Epoch time:           1.40 sec
2026-07-19 14:45:26,427 - 
--- EPOCH 173/200 ---
2026-07-19 14:45:26,427 - Starting epoch 173
2026-07-19 14:45:27,596 - Epoch 173 results:
2026-07-19 14:45:27,597 -   Train Loss:           0.204431
2026-07-19 14:45:27,598 -   Val/Test Loss:        0.202120
2026-07-19 14:45:27,599 -   Train Bal.Accuracy:   0.719633
2026-07-19 14:45:27,600 -   Val/Test Bal.Accuracy:0.722945
2026-07-19 14:45:27,600 -   Loss gap:             0.002311
2026-07-19 14:45:27,601 -   Accuracy gap:         -0.003312
2026-07-19 14:45:27,602 -   Epoch time:           1.17 sec
2026-07-19 14:45:27,603 - 
--- EPOCH 174/200 ---
2026-07-19 14:45:27,604 - Starting epoch 174
2026-07-19 14:45:28,929 - Epoch 174 results:
2026-07-19 14:45:28,930 -   Train Loss:           0.204431
2026-07-19 14:45:28,930 -   Val/Test Loss:        0.202120
2026-07-19 14:45:28,931 -   Train Bal.Accuracy:   0.719644
2026-07-19 14:45:28,932 -   Val/Test Bal.Accuracy:0.722974
2026-07-19 14:45:28,933 -   Loss gap:             0.002311
2026-07-19 14:45:28,934 -   Accuracy gap:         -0.003330
2026-07-19 14:45:28,935 -   Epoch time:           1.33 sec
2026-07-19 14:45:28,936 - 
--- EPOCH 175/200 ---
2026-07-19 14:45:28,937 - Starting epoch 175
2026-07-19 14:45:30,139 - Epoch 175 results:
2026-07-19 14:45:30,141 -   Train Loss:           0.204430
2026-07-19 14:45:30,141 -   Val/Test Loss:        0.202120
2026-07-19 14:45:30,142 -   Train Bal.Accuracy:   0.719653
2026-07-19 14:45:30,143 -   Val/Test Bal.Accuracy:0.722974
2026-07-19 14:45:30,144 -   Loss gap:             0.002311
2026-07-19 14:45:30,145 -   Accuracy gap:         -0.003322
2026-07-19 14:45:30,145 -   Epoch time:           1.20 sec
2026-07-19 14:45:30,146 - 
--- EPOCH 176/200 ---
2026-07-19 14:45:30,147 - Starting epoch 176
2026-07-19 14:45:31,434 - Epoch 176 results:
2026-07-19 14:45:31,435 -   Train Loss:           0.204430
2026-07-19 14:45:31,435 -   Val/Test Loss:        0.202120
2026-07-19 14:45:31,437 -   Train Bal.Accuracy:   0.719653
2026-07-19 14:45:31,438 -   Val/Test Bal.Accuracy:0.722974
2026-07-19 14:45:31,439 -   Loss gap:             0.002311
2026-07-19 14:45:31,440 -   Accuracy gap:         -0.003322
2026-07-19 14:45:31,440 -   Epoch time:           1.29 sec
2026-07-19 14:45:31,441 - 
--- EPOCH 177/200 ---
2026-07-19 14:45:31,442 - Starting epoch 177
2026-07-19 14:45:32,711 - Epoch 177 results:
2026-07-19 14:45:32,712 -   Train Loss:           0.204430
2026-07-19 14:45:32,712 -   Val/Test Loss:        0.202120
2026-07-19 14:45:32,713 -   Train Bal.Accuracy:   0.719670
2026-07-19 14:45:32,714 -   Val/Test Bal.Accuracy:0.722974
2026-07-19 14:45:32,715 -   Loss gap:             0.002310
2026-07-19 14:45:32,716 -   Accuracy gap:         -0.003305
2026-07-19 14:45:32,717 -   Epoch time:           1.27 sec
2026-07-19 14:45:32,717 - 
--- EPOCH 178/200 ---
2026-07-19 14:45:32,719 - Starting epoch 178
2026-07-19 14:45:34,008 - Epoch 178 results:
2026-07-19 14:45:34,009 -   Train Loss:           0.204430
2026-07-19 14:45:34,010 -   Val/Test Loss:        0.202119
2026-07-19 14:45:34,011 -   Train Bal.Accuracy:   0.719695
2026-07-19 14:45:34,011 -   Val/Test Bal.Accuracy:0.722974
2026-07-19 14:45:34,013 -   Loss gap:             0.002310
2026-07-19 14:45:34,013 -   Accuracy gap:         -0.003279
2026-07-19 14:45:34,014 -   Epoch time:           1.29 sec
2026-07-19 14:45:34,015 - 
--- EPOCH 179/200 ---
2026-07-19 14:45:34,016 - Starting epoch 179
2026-07-19 14:45:35,428 - Epoch 179 results:
2026-07-19 14:45:35,430 -   Train Loss:           0.204430
2026-07-19 14:45:35,431 -   Val/Test Loss:        0.202119
2026-07-19 14:45:35,433 -   Train Bal.Accuracy:   0.719695
2026-07-19 14:45:35,435 -   Val/Test Bal.Accuracy:0.722974
2026-07-19 14:45:35,436 -   Loss gap:             0.002310
2026-07-19 14:45:35,439 -   Accuracy gap:         -0.003279
2026-07-19 14:45:35,440 -   Epoch time:           1.41 sec
2026-07-19 14:45:35,442 - 
--- EPOCH 180/200 ---
2026-07-19 14:45:35,443 - Starting epoch 180
2026-07-19 14:45:36,864 - Epoch 180 results:
2026-07-19 14:45:36,865 -   Train Loss:           0.204429
2026-07-19 14:45:36,866 -   Val/Test Loss:        0.202119
2026-07-19 14:45:36,867 -   Train Bal.Accuracy:   0.719695
2026-07-19 14:45:36,868 -   Val/Test Bal.Accuracy:0.722974
2026-07-19 14:45:36,869 -   Loss gap:             0.002310
2026-07-19 14:45:36,870 -   Accuracy gap:         -0.003279
2026-07-19 14:45:36,871 -   Epoch time:           1.42 sec
2026-07-19 14:45:36,871 - 
--- EPOCH 181/200 ---
2026-07-19 14:45:36,872 - Starting epoch 181
2026-07-19 14:45:38,102 - Epoch 181 results:
2026-07-19 14:45:38,103 -   Train Loss:           0.204429
2026-07-19 14:45:38,104 -   Val/Test Loss:        0.202119
2026-07-19 14:45:38,105 -   Train Bal.Accuracy:   0.719703
2026-07-19 14:45:38,105 -   Val/Test Bal.Accuracy:0.722974
2026-07-19 14:45:38,106 -   Loss gap:             0.002310
2026-07-19 14:45:38,107 -   Accuracy gap:         -0.003272
2026-07-19 14:45:38,108 -   Epoch time:           1.23 sec
2026-07-19 14:45:38,108 - 
--- EPOCH 182/200 ---
2026-07-19 14:45:38,109 - Starting epoch 182
2026-07-19 14:45:39,249 - Epoch 182 results:
2026-07-19 14:45:39,250 -   Train Loss:           0.204429
2026-07-19 14:45:39,251 -   Val/Test Loss:        0.202119
2026-07-19 14:45:39,252 -   Train Bal.Accuracy:   0.719703
2026-07-19 14:45:39,253 -   Val/Test Bal.Accuracy:0.722974
2026-07-19 14:45:39,254 -   Loss gap:             0.002310
2026-07-19 14:45:39,255 -   Accuracy gap:         -0.003272
2026-07-19 14:45:39,256 -   Epoch time:           1.14 sec
2026-07-19 14:45:39,257 - 
--- EPOCH 183/200 ---
2026-07-19 14:45:39,258 - Starting epoch 183
2026-07-19 14:45:40,365 - Epoch 183 results:
2026-07-19 14:45:40,366 -   Train Loss:           0.204429
2026-07-19 14:45:40,367 -   Val/Test Loss:        0.202119
2026-07-19 14:45:40,369 -   Train Bal.Accuracy:   0.719723
2026-07-19 14:45:40,370 -   Val/Test Bal.Accuracy:0.722974
2026-07-19 14:45:40,372 -   Loss gap:             0.002310
2026-07-19 14:45:40,375 -   Accuracy gap:         -0.003251
2026-07-19 14:45:40,376 -   Epoch time:           1.11 sec
2026-07-19 14:45:40,377 - 
--- EPOCH 184/200 ---
2026-07-19 14:45:40,378 - Starting epoch 184
2026-07-19 14:45:41,634 - Epoch 184 results:
2026-07-19 14:45:41,635 -   Train Loss:           0.204429
2026-07-19 14:45:41,636 -   Val/Test Loss:        0.202118
2026-07-19 14:45:41,637 -   Train Bal.Accuracy:   0.719728
2026-07-19 14:45:41,638 -   Val/Test Bal.Accuracy:0.723003
2026-07-19 14:45:41,639 -   Loss gap:             0.002310
2026-07-19 14:45:41,640 -   Accuracy gap:         -0.003275
2026-07-19 14:45:41,641 -   Epoch time:           1.26 sec
2026-07-19 14:45:41,641 - 
--- EPOCH 185/200 ---
2026-07-19 14:45:41,642 - Starting epoch 185
2026-07-19 14:45:42,803 - Epoch 185 results:
2026-07-19 14:45:42,804 -   Train Loss:           0.204428
2026-07-19 14:45:42,805 -   Val/Test Loss:        0.202118
2026-07-19 14:45:42,806 -   Train Bal.Accuracy:   0.719757
2026-07-19 14:45:42,807 -   Val/Test Bal.Accuracy:0.723001
2026-07-19 14:45:42,808 -   Loss gap:             0.002310
2026-07-19 14:45:42,808 -   Accuracy gap:         -0.003244
2026-07-19 14:45:42,809 -   Epoch time:           1.16 sec
2026-07-19 14:45:42,810 - 
--- EPOCH 186/200 ---
2026-07-19 14:45:42,810 - Starting epoch 186
2026-07-19 14:45:43,919 - Epoch 186 results:
2026-07-19 14:45:43,920 -   Train Loss:           0.204428
2026-07-19 14:45:43,921 -   Val/Test Loss:        0.202118
2026-07-19 14:45:43,922 -   Train Bal.Accuracy:   0.719786
2026-07-19 14:45:43,923 -   Val/Test Bal.Accuracy:0.722972
2026-07-19 14:45:43,923 -   Loss gap:             0.002310
2026-07-19 14:45:43,924 -   Accuracy gap:         -0.003186
2026-07-19 14:45:43,926 -   Epoch time:           1.11 sec
2026-07-19 14:45:43,926 - 
--- EPOCH 187/200 ---
2026-07-19 14:45:43,927 - Starting epoch 187
2026-07-19 14:45:45,078 - Epoch 187 results:
2026-07-19 14:45:45,079 -   Train Loss:           0.204428
2026-07-19 14:45:45,080 -   Val/Test Loss:        0.202118
2026-07-19 14:45:45,081 -   Train Bal.Accuracy:   0.719807
2026-07-19 14:45:45,082 -   Val/Test Bal.Accuracy:0.722972
2026-07-19 14:45:45,083 -   Loss gap:             0.002310
2026-07-19 14:45:45,084 -   Accuracy gap:         -0.003166
2026-07-19 14:45:45,084 -   Epoch time:           1.15 sec
2026-07-19 14:45:45,085 - 
--- EPOCH 188/200 ---
2026-07-19 14:45:45,086 - Starting epoch 188
2026-07-19 14:45:46,269 - Epoch 188 results:
2026-07-19 14:45:46,270 -   Train Loss:           0.204428
2026-07-19 14:45:46,271 -   Val/Test Loss:        0.202118
2026-07-19 14:45:46,272 -   Train Bal.Accuracy:   0.719814
2026-07-19 14:45:46,273 -   Val/Test Bal.Accuracy:0.722953
2026-07-19 14:45:46,275 -   Loss gap:             0.002310
2026-07-19 14:45:46,276 -   Accuracy gap:         -0.003138
2026-07-19 14:45:46,277 -   Epoch time:           1.18 sec
2026-07-19 14:45:46,278 - 
--- EPOCH 189/200 ---
2026-07-19 14:45:46,279 - Starting epoch 189
2026-07-19 14:45:47,447 - Epoch 189 results:
2026-07-19 14:45:47,448 -   Train Loss:           0.204428
2026-07-19 14:45:47,449 -   Val/Test Loss:        0.202118
2026-07-19 14:45:47,450 -   Train Bal.Accuracy:   0.719814
2026-07-19 14:45:47,451 -   Val/Test Bal.Accuracy:0.722953
2026-07-19 14:45:47,452 -   Loss gap:             0.002310
2026-07-19 14:45:47,452 -   Accuracy gap:         -0.003139
2026-07-19 14:45:47,453 -   Epoch time:           1.17 sec
2026-07-19 14:45:47,454 - 
--- EPOCH 190/200 ---
2026-07-19 14:45:47,455 - Starting epoch 190
2026-07-19 14:45:48,615 - Epoch 190 results:
2026-07-19 14:45:48,616 -   Train Loss:           0.204428
2026-07-19 14:45:48,617 -   Val/Test Loss:        0.202118
2026-07-19 14:45:48,618 -   Train Bal.Accuracy:   0.719814
2026-07-19 14:45:48,619 -   Val/Test Bal.Accuracy:0.722953
2026-07-19 14:45:48,620 -   Loss gap:             0.002310
2026-07-19 14:45:48,621 -   Accuracy gap:         -0.003139
2026-07-19 14:45:48,622 -   Epoch time:           1.16 sec
2026-07-19 14:45:48,623 - 
--- EPOCH 191/200 ---
2026-07-19 14:45:48,624 - Starting epoch 191
2026-07-19 14:45:49,741 - Epoch 191 results:
2026-07-19 14:45:49,742 -   Train Loss:           0.204427
2026-07-19 14:45:49,743 -   Val/Test Loss:        0.202118
2026-07-19 14:45:49,744 -   Train Bal.Accuracy:   0.719814
2026-07-19 14:45:49,745 -   Val/Test Bal.Accuracy:0.722980
2026-07-19 14:45:49,746 -   Loss gap:             0.002310
2026-07-19 14:45:49,746 -   Accuracy gap:         -0.003166
2026-07-19 14:45:49,747 -   Epoch time:           1.12 sec
2026-07-19 14:45:49,748 - 
--- EPOCH 192/200 ---
2026-07-19 14:45:49,750 - Starting epoch 192
2026-07-19 14:45:50,889 - Epoch 192 results:
2026-07-19 14:45:50,890 -   Train Loss:           0.204427
2026-07-19 14:45:50,891 -   Val/Test Loss:        0.202117
2026-07-19 14:45:50,892 -   Train Bal.Accuracy:   0.719846
2026-07-19 14:45:50,892 -   Val/Test Bal.Accuracy:0.722980
2026-07-19 14:45:50,893 -   Loss gap:             0.002310
2026-07-19 14:45:50,894 -   Accuracy gap:         -0.003134
2026-07-19 14:45:50,895 -   Epoch time:           1.14 sec
2026-07-19 14:45:50,895 - 
--- EPOCH 193/200 ---
2026-07-19 14:45:50,896 - Starting epoch 193
2026-07-19 14:45:52,139 - Epoch 193 results:
2026-07-19 14:45:52,140 -   Train Loss:           0.204427
2026-07-19 14:45:52,141 -   Val/Test Loss:        0.202117
2026-07-19 14:45:52,142 -   Train Bal.Accuracy:   0.719858
2026-07-19 14:45:52,142 -   Val/Test Bal.Accuracy:0.722980
2026-07-19 14:45:52,143 -   Loss gap:             0.002310
2026-07-19 14:45:52,144 -   Accuracy gap:         -0.003122
2026-07-19 14:45:52,145 -   Epoch time:           1.24 sec
2026-07-19 14:45:52,146 - 
--- EPOCH 194/200 ---
2026-07-19 14:45:52,147 - Starting epoch 194
2026-07-19 14:45:53,272 - Epoch 194 results:
2026-07-19 14:45:53,273 -   Train Loss:           0.204427
2026-07-19 14:45:53,274 -   Val/Test Loss:        0.202117
2026-07-19 14:45:53,275 -   Train Bal.Accuracy:   0.719870
2026-07-19 14:45:53,276 -   Val/Test Bal.Accuracy:0.723009
2026-07-19 14:45:53,277 -   Loss gap:             0.002310
2026-07-19 14:45:53,277 -   Accuracy gap:         -0.003139
2026-07-19 14:45:53,278 -   Epoch time:           1.13 sec
2026-07-19 14:45:53,279 - 
--- EPOCH 195/200 ---
2026-07-19 14:45:53,280 - Starting epoch 195
2026-07-19 14:45:54,506 - Epoch 195 results:
2026-07-19 14:45:54,507 -   Train Loss:           0.204427
2026-07-19 14:45:54,507 -   Val/Test Loss:        0.202117
2026-07-19 14:45:54,508 -   Train Bal.Accuracy:   0.719890
2026-07-19 14:45:54,509 -   Val/Test Bal.Accuracy:0.723009
2026-07-19 14:45:54,510 -   Loss gap:             0.002310
2026-07-19 14:45:54,510 -   Accuracy gap:         -0.003119
2026-07-19 14:45:54,511 -   Epoch time:           1.23 sec
2026-07-19 14:45:54,512 - 
--- EPOCH 196/200 ---
2026-07-19 14:45:54,513 - Starting epoch 196
2026-07-19 14:45:55,709 - Epoch 196 results:
2026-07-19 14:45:55,711 -   Train Loss:           0.204427
2026-07-19 14:45:55,712 -   Val/Test Loss:        0.202117
2026-07-19 14:45:55,713 -   Train Bal.Accuracy:   0.719911
2026-07-19 14:45:55,714 -   Val/Test Bal.Accuracy:0.723009
2026-07-19 14:45:55,715 -   Loss gap:             0.002310
2026-07-19 14:45:55,716 -   Accuracy gap:         -0.003098
2026-07-19 14:45:55,717 -   Epoch time:           1.20 sec
2026-07-19 14:45:55,718 - 
--- EPOCH 197/200 ---
2026-07-19 14:45:55,719 - Starting epoch 197
2026-07-19 14:45:56,934 - Epoch 197 results:
2026-07-19 14:45:56,935 -   Train Loss:           0.204426
2026-07-19 14:45:56,936 -   Val/Test Loss:        0.202117
2026-07-19 14:45:56,937 -   Train Bal.Accuracy:   0.719911
2026-07-19 14:45:56,938 -   Val/Test Bal.Accuracy:0.723029
2026-07-19 14:45:56,938 -   Loss gap:             0.002310
2026-07-19 14:45:56,939 -   Accuracy gap:         -0.003117
2026-07-19 14:45:56,940 -   Epoch time:           1.22 sec
2026-07-19 14:45:56,940 - 
--- EPOCH 198/200 ---
2026-07-19 14:45:56,941 - Starting epoch 198
2026-07-19 14:45:58,070 - Epoch 198 results:
2026-07-19 14:45:58,071 -   Train Loss:           0.204426
2026-07-19 14:45:58,072 -   Val/Test Loss:        0.202117
2026-07-19 14:45:58,073 -   Train Bal.Accuracy:   0.719911
2026-07-19 14:45:58,074 -   Val/Test Bal.Accuracy:0.723048
2026-07-19 14:45:58,075 -   Loss gap:             0.002309
2026-07-19 14:45:58,075 -   Accuracy gap:         -0.003137
2026-07-19 14:45:58,076 -   Epoch time:           1.13 sec
2026-07-19 14:45:58,077 - 
--- EPOCH 199/200 ---
2026-07-19 14:45:58,078 - Starting epoch 199
2026-07-19 14:45:59,241 - Epoch 199 results:
2026-07-19 14:45:59,242 -   Train Loss:           0.204426
2026-07-19 14:45:59,243 -   Val/Test Loss:        0.202117
2026-07-19 14:45:59,244 -   Train Bal.Accuracy:   0.719911
2026-07-19 14:45:59,245 -   Val/Test Bal.Accuracy:0.723048
2026-07-19 14:45:59,246 -   Loss gap:             0.002309
2026-07-19 14:45:59,246 -   Accuracy gap:         -0.003137
2026-07-19 14:45:59,247 -   Epoch time:           1.16 sec
2026-07-19 14:45:59,248 - 
--- EPOCH 200/200 ---
2026-07-19 14:45:59,249 - Starting epoch 200
2026-07-19 14:46:00,394 - Epoch 200 results:
2026-07-19 14:46:00,395 -   Train Loss:           0.204426
2026-07-19 14:46:00,396 -   Val/Test Loss:        0.202116
2026-07-19 14:46:00,397 -   Train Bal.Accuracy:   0.719935
2026-07-19 14:46:00,398 -   Val/Test Bal.Accuracy:0.723077
2026-07-19 14:46:00,399 -   Loss gap:             0.002309
2026-07-19 14:46:00,399 -   Accuracy gap:         -0.003142
2026-07-19 14:46:00,400 -   Epoch time:           1.15 sec
2026-07-19 14:46:00,401 - 
============================================================
2026-07-19 14:46:00,402 - TRAINING COMPLETED
2026-07-19 14:46:00,403 - ============================================================
2026-07-19 14:46:00,404 - 
FINAL RESULTS (epoch 200):
2026-07-19 14:46:00,405 -   Train Loss:           0.204426
2026-07-19 14:46:00,405 -   Val/Test Loss:        0.202116
2026-07-19 14:46:00,406 -   Train Bal.Accuracy:   0.719935
2026-07-19 14:46:00,407 -   Val/Test Bal.Accuracy:0.723077
2026-07-19 14:46:00,408 - 
BEST VALUES:
2026-07-19 14:46:00,409 -   Best Train Loss:     0.204426 (epoch 200)
2026-07-19 14:46:00,410 -   Best Val/Test Loss:  0.202116 (epoch 200)
2026-07-19 14:46:00,411 -   Best Train Acc:      0.719935 (epoch 200)
2026-07-19 14:46:00,412 -   Best Val/Test Acc:   0.723077 (epoch 200)
2026-07-19 14:46:00,413 - 
Log saved to: logs\training_log_20260719_144142.log
2026-07-19 14:46:00,414 - ============================================================
