2026-07-19 22:05:02,969 - ============================================================
2026-07-19 22:05:02,970 - TRAINING STARTED
2026-07-19 22:05:02,970 - Epochs: 200, Batch size: 2048
2026-07-19 22:05:02,970 - Train set size: 472547
2026-07-19 22:05:02,970 - Validation set size: 202521
2026-07-19 22:05:02,970 - ============================================================
2026-07-19 22:05:02,970 - 
--- EPOCH 1/200 ---
2026-07-19 22:05:02,970 - Starting epoch 1
2026-07-19 22:05:04,400 - Epoch 1 results:
2026-07-19 22:05:04,400 -   Train Loss:           0.252017
2026-07-19 22:05:04,400 -   Val/Test Loss:        0.251448
2026-07-19 22:05:04,400 -   Train Bal.Accuracy:   0.877481
2026-07-19 22:05:04,401 -   Val/Test Bal.Accuracy:0.877190
2026-07-19 22:05:04,401 -   Loss gap:             0.000569
2026-07-19 22:05:04,401 -   Accuracy gap:         0.000291
2026-07-19 22:05:04,401 -   Epoch time:           1.43 sec
2026-07-19 22:05:04,401 - 
--- EPOCH 2/200 ---
2026-07-19 22:05:04,401 - Starting epoch 2
2026-07-19 22:05:05,933 - Epoch 2 results:
2026-07-19 22:05:05,933 -   Train Loss:           0.254292
2026-07-19 22:05:05,933 -   Val/Test Loss:        0.253561
2026-07-19 22:05:05,933 -   Train Bal.Accuracy:   0.880052
2026-07-19 22:05:05,933 -   Val/Test Bal.Accuracy:0.879062
2026-07-19 22:05:05,933 -   Loss gap:             0.000731
2026-07-19 22:05:05,933 -   Accuracy gap:         0.000990
2026-07-19 22:05:05,933 -   Epoch time:           1.53 sec
2026-07-19 22:05:05,933 - 
--- EPOCH 3/200 ---
2026-07-19 22:05:05,933 - Starting epoch 3
2026-07-19 22:05:07,379 - Epoch 3 results:
2026-07-19 22:05:07,380 -   Train Loss:           0.254982
2026-07-19 22:05:07,380 -   Val/Test Loss:        0.254186
2026-07-19 22:05:07,380 -   Train Bal.Accuracy:   0.881162
2026-07-19 22:05:07,380 -   Val/Test Bal.Accuracy:0.880627
2026-07-19 22:05:07,380 -   Loss gap:             0.000796
2026-07-19 22:05:07,380 -   Accuracy gap:         0.000535
2026-07-19 22:05:07,380 -   Epoch time:           1.45 sec
2026-07-19 22:05:07,380 - 
--- EPOCH 4/200 ---
2026-07-19 22:05:07,380 - Starting epoch 4
2026-07-19 22:05:08,805 - Epoch 4 results:
2026-07-19 22:05:08,805 -   Train Loss:           0.255625
2026-07-19 22:05:08,805 -   Val/Test Loss:        0.254794
2026-07-19 22:05:08,805 -   Train Bal.Accuracy:   0.881909
2026-07-19 22:05:08,805 -   Val/Test Bal.Accuracy:0.880992
2026-07-19 22:05:08,805 -   Loss gap:             0.000831
2026-07-19 22:05:08,805 -   Accuracy gap:         0.000917
2026-07-19 22:05:08,805 -   Epoch time:           1.42 sec
2026-07-19 22:05:08,805 - 
--- EPOCH 5/200 ---
2026-07-19 22:05:08,805 - Starting epoch 5
2026-07-19 22:05:10,257 - Epoch 5 results:
2026-07-19 22:05:10,257 -   Train Loss:           0.256360
2026-07-19 22:05:10,257 -   Val/Test Loss:        0.255505
2026-07-19 22:05:10,257 -   Train Bal.Accuracy:   0.882331
2026-07-19 22:05:10,257 -   Val/Test Bal.Accuracy:0.881553
2026-07-19 22:05:10,258 -   Loss gap:             0.000854
2026-07-19 22:05:10,258 -   Accuracy gap:         0.000778
2026-07-19 22:05:10,258 -   Epoch time:           1.45 sec
2026-07-19 22:05:10,258 - 
--- EPOCH 6/200 ---
2026-07-19 22:05:10,258 - Starting epoch 6
2026-07-19 22:05:11,648 - Epoch 6 results:
2026-07-19 22:05:11,648 -   Train Loss:           0.257138
2026-07-19 22:05:11,648 -   Val/Test Loss:        0.256266
2026-07-19 22:05:11,648 -   Train Bal.Accuracy:   0.882597
2026-07-19 22:05:11,648 -   Val/Test Bal.Accuracy:0.882007
2026-07-19 22:05:11,648 -   Loss gap:             0.000872
2026-07-19 22:05:11,648 -   Accuracy gap:         0.000590
2026-07-19 22:05:11,648 -   Epoch time:           1.39 sec
2026-07-19 22:05:11,648 - 
--- EPOCH 7/200 ---
2026-07-19 22:05:11,648 - Starting epoch 7
2026-07-19 22:05:13,116 - Epoch 7 results:
2026-07-19 22:05:13,116 -   Train Loss:           0.257909
2026-07-19 22:05:13,116 -   Val/Test Loss:        0.257022
2026-07-19 22:05:13,116 -   Train Bal.Accuracy:   0.882805
2026-07-19 22:05:13,116 -   Val/Test Bal.Accuracy:0.882494
2026-07-19 22:05:13,116 -   Loss gap:             0.000887
2026-07-19 22:05:13,116 -   Accuracy gap:         0.000310
2026-07-19 22:05:13,116 -   Epoch time:           1.47 sec
2026-07-19 22:05:13,116 - 
--- EPOCH 8/200 ---
2026-07-19 22:05:13,116 - Starting epoch 8
2026-07-19 22:05:14,520 - Epoch 8 results:
2026-07-19 22:05:14,520 -   Train Loss:           0.258639
2026-07-19 22:05:14,520 -   Val/Test Loss:        0.257740
2026-07-19 22:05:14,520 -   Train Bal.Accuracy:   0.883217
2026-07-19 22:05:14,520 -   Val/Test Bal.Accuracy:0.883012
2026-07-19 22:05:14,520 -   Loss gap:             0.000899
2026-07-19 22:05:14,520 -   Accuracy gap:         0.000204
2026-07-19 22:05:14,521 -   Epoch time:           1.40 sec
2026-07-19 22:05:14,521 - 
--- EPOCH 9/200 ---
2026-07-19 22:05:14,521 - Starting epoch 9
2026-07-19 22:05:15,940 - Epoch 9 results:
2026-07-19 22:05:15,941 -   Train Loss:           0.259314
2026-07-19 22:05:15,941 -   Val/Test Loss:        0.258404
2026-07-19 22:05:15,941 -   Train Bal.Accuracy:   0.883567
2026-07-19 22:05:15,941 -   Val/Test Bal.Accuracy:0.883531
2026-07-19 22:05:15,941 -   Loss gap:             0.000910
2026-07-19 22:05:15,941 -   Accuracy gap:         0.000036
2026-07-19 22:05:15,941 -   Epoch time:           1.42 sec
2026-07-19 22:05:15,941 - 
--- EPOCH 10/200 ---
2026-07-19 22:05:15,941 - Starting epoch 10
2026-07-19 22:05:17,342 - Epoch 10 results:
2026-07-19 22:05:17,342 -   Train Loss:           0.259927
2026-07-19 22:05:17,342 -   Val/Test Loss:        0.259008
2026-07-19 22:05:17,342 -   Train Bal.Accuracy:   0.883848
2026-07-19 22:05:17,342 -   Val/Test Bal.Accuracy:0.884010
2026-07-19 22:05:17,342 -   Loss gap:             0.000919
2026-07-19 22:05:17,342 -   Accuracy gap:         -0.000162
2026-07-19 22:05:17,342 -   Epoch time:           1.40 sec
2026-07-19 22:05:17,342 - 
--- EPOCH 11/200 ---
2026-07-19 22:05:17,342 - Starting epoch 11
2026-07-19 22:05:18,752 - Epoch 11 results:
2026-07-19 22:05:18,752 -   Train Loss:           0.260481
2026-07-19 22:05:18,753 -   Val/Test Loss:        0.259554
2026-07-19 22:05:18,753 -   Train Bal.Accuracy:   0.884190
2026-07-19 22:05:18,753 -   Val/Test Bal.Accuracy:0.884420
2026-07-19 22:05:18,753 -   Loss gap:             0.000927
2026-07-19 22:05:18,753 -   Accuracy gap:         -0.000230
2026-07-19 22:05:18,753 -   Epoch time:           1.41 sec
2026-07-19 22:05:18,753 - 
--- EPOCH 12/200 ---
2026-07-19 22:05:18,753 - Starting epoch 12
2026-07-19 22:05:20,156 - Epoch 12 results:
2026-07-19 22:05:20,156 -   Train Loss:           0.260978
2026-07-19 22:05:20,156 -   Val/Test Loss:        0.260044
2026-07-19 22:05:20,156 -   Train Bal.Accuracy:   0.884371
2026-07-19 22:05:20,156 -   Val/Test Bal.Accuracy:0.884544
2026-07-19 22:05:20,156 -   Loss gap:             0.000934
2026-07-19 22:05:20,156 -   Accuracy gap:         -0.000173
2026-07-19 22:05:20,156 -   Epoch time:           1.40 sec
2026-07-19 22:05:20,156 - 
--- EPOCH 13/200 ---
2026-07-19 22:05:20,156 - Starting epoch 13
2026-07-19 22:05:21,592 - Epoch 13 results:
2026-07-19 22:05:21,592 -   Train Loss:           0.261424
2026-07-19 22:05:21,592 -   Val/Test Loss:        0.260483
2026-07-19 22:05:21,592 -   Train Bal.Accuracy:   0.884594
2026-07-19 22:05:21,592 -   Val/Test Bal.Accuracy:0.884801
2026-07-19 22:05:21,592 -   Loss gap:             0.000941
2026-07-19 22:05:21,592 -   Accuracy gap:         -0.000206
2026-07-19 22:05:21,592 -   Epoch time:           1.44 sec
2026-07-19 22:05:21,593 - 
--- EPOCH 14/200 ---
2026-07-19 22:05:21,593 - Starting epoch 14
2026-07-19 22:05:23,031 - Epoch 14 results:
2026-07-19 22:05:23,032 -   Train Loss:           0.261823
2026-07-19 22:05:23,032 -   Val/Test Loss:        0.260877
2026-07-19 22:05:23,032 -   Train Bal.Accuracy:   0.884757
2026-07-19 22:05:23,032 -   Val/Test Bal.Accuracy:0.885008
2026-07-19 22:05:23,032 -   Loss gap:             0.000946
2026-07-19 22:05:23,032 -   Accuracy gap:         -0.000251
2026-07-19 22:05:23,032 -   Epoch time:           1.44 sec
2026-07-19 22:05:23,032 - 
--- EPOCH 15/200 ---
2026-07-19 22:05:23,033 - Starting epoch 15
2026-07-19 22:05:24,614 - Epoch 15 results:
2026-07-19 22:05:24,614 -   Train Loss:           0.262181
2026-07-19 22:05:24,614 -   Val/Test Loss:        0.261229
2026-07-19 22:05:24,614 -   Train Bal.Accuracy:   0.885091
2026-07-19 22:05:24,614 -   Val/Test Bal.Accuracy:0.885125
2026-07-19 22:05:24,615 -   Loss gap:             0.000951
2026-07-19 22:05:24,615 -   Accuracy gap:         -0.000034
2026-07-19 22:05:24,615 -   Epoch time:           1.58 sec
2026-07-19 22:05:24,615 - 
--- EPOCH 16/200 ---
2026-07-19 22:05:24,615 - Starting epoch 16
2026-07-19 22:05:26,047 - Epoch 16 results:
2026-07-19 22:05:26,048 -   Train Loss:           0.262502
2026-07-19 22:05:26,048 -   Val/Test Loss:        0.261546
2026-07-19 22:05:26,048 -   Train Bal.Accuracy:   0.885171
2026-07-19 22:05:26,048 -   Val/Test Bal.Accuracy:0.885256
2026-07-19 22:05:26,048 -   Loss gap:             0.000956
2026-07-19 22:05:26,048 -   Accuracy gap:         -0.000085
2026-07-19 22:05:26,048 -   Epoch time:           1.43 sec
2026-07-19 22:05:26,048 - 
--- EPOCH 17/200 ---
2026-07-19 22:05:26,048 - Starting epoch 17
2026-07-19 22:05:27,414 - Epoch 17 results:
2026-07-19 22:05:27,414 -   Train Loss:           0.262790
2026-07-19 22:05:27,414 -   Val/Test Loss:        0.261830
2026-07-19 22:05:27,414 -   Train Bal.Accuracy:   0.885341
2026-07-19 22:05:27,415 -   Val/Test Bal.Accuracy:0.885434
2026-07-19 22:05:27,415 -   Loss gap:             0.000960
2026-07-19 22:05:27,415 -   Accuracy gap:         -0.000093
2026-07-19 22:05:27,415 -   Epoch time:           1.37 sec
2026-07-19 22:05:27,415 - 
--- EPOCH 18/200 ---
2026-07-19 22:05:27,415 - Starting epoch 18
2026-07-19 22:05:28,783 - Epoch 18 results:
2026-07-19 22:05:28,784 -   Train Loss:           0.263049
2026-07-19 22:05:28,784 -   Val/Test Loss:        0.262085
2026-07-19 22:05:28,784 -   Train Bal.Accuracy:   0.885562
2026-07-19 22:05:28,784 -   Val/Test Bal.Accuracy:0.885578
2026-07-19 22:05:28,784 -   Loss gap:             0.000964
2026-07-19 22:05:28,784 -   Accuracy gap:         -0.000017
2026-07-19 22:05:28,784 -   Epoch time:           1.37 sec
2026-07-19 22:05:28,784 - 
--- EPOCH 19/200 ---
2026-07-19 22:05:28,784 - Starting epoch 19
2026-07-19 22:05:30,170 - Epoch 19 results:
2026-07-19 22:05:30,171 -   Train Loss:           0.263283
2026-07-19 22:05:30,171 -   Val/Test Loss:        0.262316
2026-07-19 22:05:30,171 -   Train Bal.Accuracy:   0.885628
2026-07-19 22:05:30,171 -   Val/Test Bal.Accuracy:0.885785
2026-07-19 22:05:30,171 -   Loss gap:             0.000968
2026-07-19 22:05:30,171 -   Accuracy gap:         -0.000156
2026-07-19 22:05:30,171 -   Epoch time:           1.39 sec
2026-07-19 22:05:30,171 - 
--- EPOCH 20/200 ---
2026-07-19 22:05:30,171 - Starting epoch 20
2026-07-19 22:05:31,505 - Epoch 20 results:
2026-07-19 22:05:31,505 -   Train Loss:           0.263494
2026-07-19 22:05:31,505 -   Val/Test Loss:        0.262524
2026-07-19 22:05:31,505 -   Train Bal.Accuracy:   0.885856
2026-07-19 22:05:31,505 -   Val/Test Bal.Accuracy:0.885739
2026-07-19 22:05:31,505 -   Loss gap:             0.000971
2026-07-19 22:05:31,505 -   Accuracy gap:         0.000117
2026-07-19 22:05:31,505 -   Epoch time:           1.33 sec
2026-07-19 22:05:31,505 - 
--- EPOCH 21/200 ---
2026-07-19 22:05:31,505 - Starting epoch 21
2026-07-19 22:05:32,862 - Epoch 21 results:
2026-07-19 22:05:32,863 -   Train Loss:           0.263685
2026-07-19 22:05:32,863 -   Val/Test Loss:        0.262711
2026-07-19 22:05:32,863 -   Train Bal.Accuracy:   0.885996
2026-07-19 22:05:32,863 -   Val/Test Bal.Accuracy:0.885783
2026-07-19 22:05:32,863 -   Loss gap:             0.000974
2026-07-19 22:05:32,863 -   Accuracy gap:         0.000213
2026-07-19 22:05:32,863 -   Epoch time:           1.36 sec
2026-07-19 22:05:32,863 - 
--- EPOCH 22/200 ---
2026-07-19 22:05:32,863 - Starting epoch 22
2026-07-19 22:05:34,231 - Epoch 22 results:
2026-07-19 22:05:34,231 -   Train Loss:           0.263858
2026-07-19 22:05:34,231 -   Val/Test Loss:        0.262882
2026-07-19 22:05:34,231 -   Train Bal.Accuracy:   0.886064
2026-07-19 22:05:34,231 -   Val/Test Bal.Accuracy:0.885765
2026-07-19 22:05:34,231 -   Loss gap:             0.000976
2026-07-19 22:05:34,231 -   Accuracy gap:         0.000299
2026-07-19 22:05:34,231 -   Epoch time:           1.37 sec
2026-07-19 22:05:34,231 - 
--- EPOCH 23/200 ---
2026-07-19 22:05:34,231 - Starting epoch 23
2026-07-19 22:05:35,609 - Epoch 23 results:
2026-07-19 22:05:35,610 -   Train Loss:           0.264015
2026-07-19 22:05:35,610 -   Val/Test Loss:        0.263036
2026-07-19 22:05:35,610 -   Train Bal.Accuracy:   0.886096
2026-07-19 22:05:35,610 -   Val/Test Bal.Accuracy:0.885806
2026-07-19 22:05:35,610 -   Loss gap:             0.000979
2026-07-19 22:05:35,610 -   Accuracy gap:         0.000290
2026-07-19 22:05:35,610 -   Epoch time:           1.38 sec
2026-07-19 22:05:35,610 - 
--- EPOCH 24/200 ---
2026-07-19 22:05:35,610 - Starting epoch 24
2026-07-19 22:05:36,979 - Epoch 24 results:
2026-07-19 22:05:36,979 -   Train Loss:           0.264157
2026-07-19 22:05:36,979 -   Val/Test Loss:        0.263176
2026-07-19 22:05:36,979 -   Train Bal.Accuracy:   0.886133
2026-07-19 22:05:36,979 -   Val/Test Bal.Accuracy:0.885935
2026-07-19 22:05:36,980 -   Loss gap:             0.000981
2026-07-19 22:05:36,980 -   Accuracy gap:         0.000198
2026-07-19 22:05:36,980 -   Epoch time:           1.37 sec
2026-07-19 22:05:36,980 - 
--- EPOCH 25/200 ---
2026-07-19 22:05:36,980 - Starting epoch 25
2026-07-19 22:05:38,334 - Epoch 25 results:
2026-07-19 22:05:38,334 -   Train Loss:           0.264286
2026-07-19 22:05:38,334 -   Val/Test Loss:        0.263303
2026-07-19 22:05:38,334 -   Train Bal.Accuracy:   0.886267
2026-07-19 22:05:38,334 -   Val/Test Bal.Accuracy:0.886134
2026-07-19 22:05:38,334 -   Loss gap:             0.000983
2026-07-19 22:05:38,335 -   Accuracy gap:         0.000133
2026-07-19 22:05:38,335 -   Epoch time:           1.35 sec
2026-07-19 22:05:38,335 - 
--- EPOCH 26/200 ---
2026-07-19 22:05:38,335 - Starting epoch 26
2026-07-19 22:05:39,692 - Epoch 26 results:
2026-07-19 22:05:39,692 -   Train Loss:           0.264404
2026-07-19 22:05:39,692 -   Val/Test Loss:        0.263418
2026-07-19 22:05:39,692 -   Train Bal.Accuracy:   0.886355
2026-07-19 22:05:39,692 -   Val/Test Bal.Accuracy:0.886227
2026-07-19 22:05:39,693 -   Loss gap:             0.000985
2026-07-19 22:05:39,693 -   Accuracy gap:         0.000128
2026-07-19 22:05:39,693 -   Epoch time:           1.36 sec
2026-07-19 22:05:39,693 - 
--- EPOCH 27/200 ---
2026-07-19 22:05:39,693 - Starting epoch 27
2026-07-19 22:05:41,051 - Epoch 27 results:
2026-07-19 22:05:41,051 -   Train Loss:           0.264511
2026-07-19 22:05:41,051 -   Val/Test Loss:        0.263524
2026-07-19 22:05:41,051 -   Train Bal.Accuracy:   0.886425
2026-07-19 22:05:41,051 -   Val/Test Bal.Accuracy:0.886303
2026-07-19 22:05:41,051 -   Loss gap:             0.000987
2026-07-19 22:05:41,051 -   Accuracy gap:         0.000122
2026-07-19 22:05:41,051 -   Epoch time:           1.36 sec
2026-07-19 22:05:41,051 - 
--- EPOCH 28/200 ---
2026-07-19 22:05:41,051 - Starting epoch 28
2026-07-19 22:05:42,432 - Epoch 28 results:
2026-07-19 22:05:42,432 -   Train Loss:           0.264608
2026-07-19 22:05:42,432 -   Val/Test Loss:        0.263620
2026-07-19 22:05:42,432 -   Train Bal.Accuracy:   0.886501
2026-07-19 22:05:42,432 -   Val/Test Bal.Accuracy:0.886405
2026-07-19 22:05:42,432 -   Loss gap:             0.000989
2026-07-19 22:05:42,433 -   Accuracy gap:         0.000096
2026-07-19 22:05:42,433 -   Epoch time:           1.38 sec
2026-07-19 22:05:42,433 - 
--- EPOCH 29/200 ---
2026-07-19 22:05:42,433 - Starting epoch 29
2026-07-19 22:05:43,790 - Epoch 29 results:
2026-07-19 22:05:43,791 -   Train Loss:           0.264698
2026-07-19 22:05:43,791 -   Val/Test Loss:        0.263707
2026-07-19 22:05:43,791 -   Train Bal.Accuracy:   0.886622
2026-07-19 22:05:43,791 -   Val/Test Bal.Accuracy:0.886400
2026-07-19 22:05:43,791 -   Loss gap:             0.000991
2026-07-19 22:05:43,791 -   Accuracy gap:         0.000223
2026-07-19 22:05:43,791 -   Epoch time:           1.36 sec
2026-07-19 22:05:43,791 - 
--- EPOCH 30/200 ---
2026-07-19 22:05:43,791 - Starting epoch 30
2026-07-19 22:05:45,164 - Epoch 30 results:
2026-07-19 22:05:45,164 -   Train Loss:           0.264779
2026-07-19 22:05:45,164 -   Val/Test Loss:        0.263787
2026-07-19 22:05:45,164 -   Train Bal.Accuracy:   0.886653
2026-07-19 22:05:45,164 -   Val/Test Bal.Accuracy:0.886481
2026-07-19 22:05:45,164 -   Loss gap:             0.000992
2026-07-19 22:05:45,164 -   Accuracy gap:         0.000172
2026-07-19 22:05:45,164 -   Epoch time:           1.37 sec
2026-07-19 22:05:45,164 - 
--- EPOCH 31/200 ---
2026-07-19 22:05:45,164 - Starting epoch 31
2026-07-19 22:05:46,526 - Epoch 31 results:
2026-07-19 22:05:46,526 -   Train Loss:           0.264854
2026-07-19 22:05:46,526 -   Val/Test Loss:        0.263860
2026-07-19 22:05:46,526 -   Train Bal.Accuracy:   0.886697
2026-07-19 22:05:46,526 -   Val/Test Bal.Accuracy:0.886560
2026-07-19 22:05:46,526 -   Loss gap:             0.000993
2026-07-19 22:05:46,527 -   Accuracy gap:         0.000137
2026-07-19 22:05:46,527 -   Epoch time:           1.36 sec
2026-07-19 22:05:46,527 - 
--- EPOCH 32/200 ---
2026-07-19 22:05:46,527 - Starting epoch 32
2026-07-19 22:05:47,882 - Epoch 32 results:
2026-07-19 22:05:47,882 -   Train Loss:           0.264922
2026-07-19 22:05:47,882 -   Val/Test Loss:        0.263927
2026-07-19 22:05:47,882 -   Train Bal.Accuracy:   0.886827
2026-07-19 22:05:47,882 -   Val/Test Bal.Accuracy:0.886605
2026-07-19 22:05:47,882 -   Loss gap:             0.000995
2026-07-19 22:05:47,882 -   Accuracy gap:         0.000223
2026-07-19 22:05:47,882 -   Epoch time:           1.35 sec
2026-07-19 22:05:47,882 - 
--- EPOCH 33/200 ---
2026-07-19 22:05:47,882 - Starting epoch 33
2026-07-19 22:05:49,237 - Epoch 33 results:
2026-07-19 22:05:49,237 -   Train Loss:           0.264984
2026-07-19 22:05:49,237 -   Val/Test Loss:        0.263988
2026-07-19 22:05:49,237 -   Train Bal.Accuracy:   0.886860
2026-07-19 22:05:49,237 -   Val/Test Bal.Accuracy:0.886720
2026-07-19 22:05:49,237 -   Loss gap:             0.000996
2026-07-19 22:05:49,237 -   Accuracy gap:         0.000139
2026-07-19 22:05:49,237 -   Epoch time:           1.35 sec
2026-07-19 22:05:49,238 - 
--- EPOCH 34/200 ---
2026-07-19 22:05:49,238 - Starting epoch 34
2026-07-19 22:05:50,606 - Epoch 34 results:
2026-07-19 22:05:50,607 -   Train Loss:           0.265041
2026-07-19 22:05:50,607 -   Val/Test Loss:        0.264044
2026-07-19 22:05:50,607 -   Train Bal.Accuracy:   0.886881
2026-07-19 22:05:50,607 -   Val/Test Bal.Accuracy:0.886750
2026-07-19 22:05:50,607 -   Loss gap:             0.000997
2026-07-19 22:05:50,607 -   Accuracy gap:         0.000131
2026-07-19 22:05:50,607 -   Epoch time:           1.37 sec
2026-07-19 22:05:50,607 - 
--- EPOCH 35/200 ---
2026-07-19 22:05:50,607 - Starting epoch 35
2026-07-19 22:05:51,977 - Epoch 35 results:
2026-07-19 22:05:51,977 -   Train Loss:           0.265094
2026-07-19 22:05:51,977 -   Val/Test Loss:        0.264096
2026-07-19 22:05:51,977 -   Train Bal.Accuracy:   0.886922
2026-07-19 22:05:51,977 -   Val/Test Bal.Accuracy:0.886837
2026-07-19 22:05:51,977 -   Loss gap:             0.000998
2026-07-19 22:05:51,977 -   Accuracy gap:         0.000085
2026-07-19 22:05:51,977 -   Epoch time:           1.37 sec
2026-07-19 22:05:51,978 - 
--- EPOCH 36/200 ---
2026-07-19 22:05:51,978 - Starting epoch 36
2026-07-19 22:05:53,330 - Epoch 36 results:
2026-07-19 22:05:53,330 -   Train Loss:           0.265142
2026-07-19 22:05:53,330 -   Val/Test Loss:        0.264143
2026-07-19 22:05:53,330 -   Train Bal.Accuracy:   0.886946
2026-07-19 22:05:53,330 -   Val/Test Bal.Accuracy:0.886904
2026-07-19 22:05:53,330 -   Loss gap:             0.000999
2026-07-19 22:05:53,330 -   Accuracy gap:         0.000042
2026-07-19 22:05:53,330 -   Epoch time:           1.35 sec
2026-07-19 22:05:53,330 - 
--- EPOCH 37/200 ---
2026-07-19 22:05:53,330 - Starting epoch 37
2026-07-19 22:05:54,687 - Epoch 37 results:
2026-07-19 22:05:54,687 -   Train Loss:           0.265186
2026-07-19 22:05:54,687 -   Val/Test Loss:        0.264186
2026-07-19 22:05:54,687 -   Train Bal.Accuracy:   0.887019
2026-07-19 22:05:54,687 -   Val/Test Bal.Accuracy:0.886881
2026-07-19 22:05:54,688 -   Loss gap:             0.001000
2026-07-19 22:05:54,688 -   Accuracy gap:         0.000138
2026-07-19 22:05:54,688 -   Epoch time:           1.36 sec
2026-07-19 22:05:54,688 - 
--- EPOCH 38/200 ---
2026-07-19 22:05:54,688 - Starting epoch 38
2026-07-19 22:05:56,042 - Epoch 38 results:
2026-07-19 22:05:56,042 -   Train Loss:           0.265227
2026-07-19 22:05:56,042 -   Val/Test Loss:        0.264226
2026-07-19 22:05:56,042 -   Train Bal.Accuracy:   0.887053
2026-07-19 22:05:56,043 -   Val/Test Bal.Accuracy:0.886898
2026-07-19 22:05:56,043 -   Loss gap:             0.001001
2026-07-19 22:05:56,043 -   Accuracy gap:         0.000155
2026-07-19 22:05:56,043 -   Epoch time:           1.35 sec
2026-07-19 22:05:56,043 - 
--- EPOCH 39/200 ---
2026-07-19 22:05:56,043 - Starting epoch 39
2026-07-19 22:05:57,406 - Epoch 39 results:
2026-07-19 22:05:57,406 -   Train Loss:           0.265264
2026-07-19 22:05:57,406 -   Val/Test Loss:        0.264262
2026-07-19 22:05:57,406 -   Train Bal.Accuracy:   0.887106
2026-07-19 22:05:57,406 -   Val/Test Bal.Accuracy:0.886934
2026-07-19 22:05:57,406 -   Loss gap:             0.001002
2026-07-19 22:05:57,406 -   Accuracy gap:         0.000172
2026-07-19 22:05:57,406 -   Epoch time:           1.36 sec
2026-07-19 22:05:57,406 - 
--- EPOCH 40/200 ---
2026-07-19 22:05:57,406 - Starting epoch 40
2026-07-19 22:05:58,752 - Epoch 40 results:
2026-07-19 22:05:58,753 -   Train Loss:           0.265298
2026-07-19 22:05:58,753 -   Val/Test Loss:        0.264296
2026-07-19 22:05:58,753 -   Train Bal.Accuracy:   0.887055
2026-07-19 22:05:58,753 -   Val/Test Bal.Accuracy:0.886993
2026-07-19 22:05:58,753 -   Loss gap:             0.001002
2026-07-19 22:05:58,753 -   Accuracy gap:         0.000062
2026-07-19 22:05:58,753 -   Epoch time:           1.35 sec
2026-07-19 22:05:58,753 - 
--- EPOCH 41/200 ---
2026-07-19 22:05:58,753 - Starting epoch 41
2026-07-19 22:06:00,157 - Epoch 41 results:
2026-07-19 22:06:00,157 -   Train Loss:           0.265330
2026-07-19 22:06:00,157 -   Val/Test Loss:        0.264327
2026-07-19 22:06:00,157 -   Train Bal.Accuracy:   0.887062
2026-07-19 22:06:00,157 -   Val/Test Bal.Accuracy:0.887107
2026-07-19 22:06:00,157 -   Loss gap:             0.001003
2026-07-19 22:06:00,157 -   Accuracy gap:         -0.000045
2026-07-19 22:06:00,158 -   Epoch time:           1.40 sec
2026-07-19 22:06:00,158 - 
--- EPOCH 42/200 ---
2026-07-19 22:06:00,158 - Starting epoch 42
2026-07-19 22:06:01,575 - Epoch 42 results:
2026-07-19 22:06:01,575 -   Train Loss:           0.265359
2026-07-19 22:06:01,575 -   Val/Test Loss:        0.264355
2026-07-19 22:06:01,575 -   Train Bal.Accuracy:   0.887063
2026-07-19 22:06:01,575 -   Val/Test Bal.Accuracy:0.887098
2026-07-19 22:06:01,575 -   Loss gap:             0.001004
2026-07-19 22:06:01,575 -   Accuracy gap:         -0.000036
2026-07-19 22:06:01,576 -   Epoch time:           1.42 sec
2026-07-19 22:06:01,576 - 
--- EPOCH 43/200 ---
2026-07-19 22:06:01,576 - Starting epoch 43
2026-07-19 22:06:02,963 - Epoch 43 results:
2026-07-19 22:06:02,963 -   Train Loss:           0.265386
2026-07-19 22:06:02,963 -   Val/Test Loss:        0.264381
2026-07-19 22:06:02,963 -   Train Bal.Accuracy:   0.887112
2026-07-19 22:06:02,964 -   Val/Test Bal.Accuracy:0.887116
2026-07-19 22:06:02,964 -   Loss gap:             0.001004
2026-07-19 22:06:02,964 -   Accuracy gap:         -0.000003
2026-07-19 22:06:02,964 -   Epoch time:           1.39 sec
2026-07-19 22:06:02,964 - 
--- EPOCH 44/200 ---
2026-07-19 22:06:02,964 - Starting epoch 44
2026-07-19 22:06:04,325 - Epoch 44 results:
2026-07-19 22:06:04,326 -   Train Loss:           0.265410
2026-07-19 22:06:04,326 -   Val/Test Loss:        0.264405
2026-07-19 22:06:04,326 -   Train Bal.Accuracy:   0.887097
2026-07-19 22:06:04,326 -   Val/Test Bal.Accuracy:0.887087
2026-07-19 22:06:04,326 -   Loss gap:             0.001005
2026-07-19 22:06:04,326 -   Accuracy gap:         0.000010
2026-07-19 22:06:04,326 -   Epoch time:           1.36 sec
2026-07-19 22:06:04,326 - 
--- EPOCH 45/200 ---
2026-07-19 22:06:04,326 - Starting epoch 45
2026-07-19 22:06:05,679 - Epoch 45 results:
2026-07-19 22:06:05,679 -   Train Loss:           0.265433
2026-07-19 22:06:05,679 -   Val/Test Loss:        0.264427
2026-07-19 22:06:05,679 -   Train Bal.Accuracy:   0.887077
2026-07-19 22:06:05,679 -   Val/Test Bal.Accuracy:0.887129
2026-07-19 22:06:05,679 -   Loss gap:             0.001006
2026-07-19 22:06:05,679 -   Accuracy gap:         -0.000051
2026-07-19 22:06:05,679 -   Epoch time:           1.35 sec
2026-07-19 22:06:05,679 - 
--- EPOCH 46/200 ---
2026-07-19 22:06:05,679 - Starting epoch 46
2026-07-19 22:06:07,052 - Epoch 46 results:
2026-07-19 22:06:07,052 -   Train Loss:           0.265454
2026-07-19 22:06:07,052 -   Val/Test Loss:        0.264448
2026-07-19 22:06:07,052 -   Train Bal.Accuracy:   0.887067
2026-07-19 22:06:07,052 -   Val/Test Bal.Accuracy:0.887238
2026-07-19 22:06:07,053 -   Loss gap:             0.001006
2026-07-19 22:06:07,053 -   Accuracy gap:         -0.000171
2026-07-19 22:06:07,053 -   Epoch time:           1.37 sec
2026-07-19 22:06:07,053 - 
--- EPOCH 47/200 ---
2026-07-19 22:06:07,053 - Starting epoch 47
2026-07-19 22:06:08,441 - Epoch 47 results:
2026-07-19 22:06:08,441 -   Train Loss:           0.265473
2026-07-19 22:06:08,441 -   Val/Test Loss:        0.264467
2026-07-19 22:06:08,441 -   Train Bal.Accuracy:   0.887114
2026-07-19 22:06:08,441 -   Val/Test Bal.Accuracy:0.887285
2026-07-19 22:06:08,441 -   Loss gap:             0.001007
2026-07-19 22:06:08,442 -   Accuracy gap:         -0.000172
2026-07-19 22:06:08,442 -   Epoch time:           1.39 sec
2026-07-19 22:06:08,442 - 
--- EPOCH 48/200 ---
2026-07-19 22:06:08,442 - Starting epoch 48
2026-07-19 22:06:09,792 - Epoch 48 results:
2026-07-19 22:06:09,792 -   Train Loss:           0.265491
2026-07-19 22:06:09,792 -   Val/Test Loss:        0.264484
2026-07-19 22:06:09,792 -   Train Bal.Accuracy:   0.887103
2026-07-19 22:06:09,792 -   Val/Test Bal.Accuracy:0.887383
2026-07-19 22:06:09,792 -   Loss gap:             0.001007
2026-07-19 22:06:09,792 -   Accuracy gap:         -0.000280
2026-07-19 22:06:09,793 -   Epoch time:           1.35 sec
2026-07-19 22:06:09,793 - 
--- EPOCH 49/200 ---
2026-07-19 22:06:09,793 - Starting epoch 49
2026-07-19 22:06:11,153 - Epoch 49 results:
2026-07-19 22:06:11,153 -   Train Loss:           0.265508
2026-07-19 22:06:11,153 -   Val/Test Loss:        0.264500
2026-07-19 22:06:11,153 -   Train Bal.Accuracy:   0.887078
2026-07-19 22:06:11,153 -   Val/Test Bal.Accuracy:0.887368
2026-07-19 22:06:11,153 -   Loss gap:             0.001007
2026-07-19 22:06:11,153 -   Accuracy gap:         -0.000289
2026-07-19 22:06:11,153 -   Epoch time:           1.36 sec
2026-07-19 22:06:11,153 - 
--- EPOCH 50/200 ---
2026-07-19 22:06:11,153 - Starting epoch 50
2026-07-19 22:06:12,545 - Epoch 50 results:
2026-07-19 22:06:12,545 -   Train Loss:           0.265523
2026-07-19 22:06:12,545 -   Val/Test Loss:        0.264515
2026-07-19 22:06:12,545 -   Train Bal.Accuracy:   0.887095
2026-07-19 22:06:12,545 -   Val/Test Bal.Accuracy:0.887348
2026-07-19 22:06:12,545 -   Loss gap:             0.001008
2026-07-19 22:06:12,546 -   Accuracy gap:         -0.000252
2026-07-19 22:06:12,546 -   Epoch time:           1.39 sec
2026-07-19 22:06:12,546 - 
--- EPOCH 51/200 ---
2026-07-19 22:06:12,546 - Starting epoch 51
2026-07-19 22:06:13,932 - Epoch 51 results:
2026-07-19 22:06:13,932 -   Train Loss:           0.265537
2026-07-19 22:06:13,932 -   Val/Test Loss:        0.264529
2026-07-19 22:06:13,932 -   Train Bal.Accuracy:   0.887104
2026-07-19 22:06:13,932 -   Val/Test Bal.Accuracy:0.887350
2026-07-19 22:06:13,932 -   Loss gap:             0.001008
2026-07-19 22:06:13,932 -   Accuracy gap:         -0.000246
2026-07-19 22:06:13,932 -   Epoch time:           1.39 sec
2026-07-19 22:06:13,932 - 
--- EPOCH 52/200 ---
2026-07-19 22:06:13,932 - Starting epoch 52
2026-07-19 22:06:15,314 - Epoch 52 results:
2026-07-19 22:06:15,314 -   Train Loss:           0.265550
2026-07-19 22:06:15,315 -   Val/Test Loss:        0.264541
2026-07-19 22:06:15,315 -   Train Bal.Accuracy:   0.887134
2026-07-19 22:06:15,315 -   Val/Test Bal.Accuracy:0.887371
2026-07-19 22:06:15,315 -   Loss gap:             0.001009
2026-07-19 22:06:15,315 -   Accuracy gap:         -0.000237
2026-07-19 22:06:15,315 -   Epoch time:           1.38 sec
2026-07-19 22:06:15,315 - 
--- EPOCH 53/200 ---
2026-07-19 22:06:15,315 - Starting epoch 53
2026-07-19 22:06:16,672 - Epoch 53 results:
2026-07-19 22:06:16,672 -   Train Loss:           0.265562
2026-07-19 22:06:16,672 -   Val/Test Loss:        0.264553
2026-07-19 22:06:16,672 -   Train Bal.Accuracy:   0.887169
2026-07-19 22:06:16,672 -   Val/Test Bal.Accuracy:0.887367
2026-07-19 22:06:16,672 -   Loss gap:             0.001009
2026-07-19 22:06:16,672 -   Accuracy gap:         -0.000198
2026-07-19 22:06:16,672 -   Epoch time:           1.36 sec
2026-07-19 22:06:16,672 - 
--- EPOCH 54/200 ---
2026-07-19 22:06:16,673 - Starting epoch 54
2026-07-19 22:06:18,014 - Epoch 54 results:
2026-07-19 22:06:18,014 -   Train Loss:           0.265573
2026-07-19 22:06:18,014 -   Val/Test Loss:        0.264564
2026-07-19 22:06:18,014 -   Train Bal.Accuracy:   0.887181
2026-07-19 22:06:18,014 -   Val/Test Bal.Accuracy:0.887358
2026-07-19 22:06:18,014 -   Loss gap:             0.001009
2026-07-19 22:06:18,014 -   Accuracy gap:         -0.000177
2026-07-19 22:06:18,015 -   Epoch time:           1.34 sec
2026-07-19 22:06:18,015 - 
--- EPOCH 55/200 ---
2026-07-19 22:06:18,015 - Starting epoch 55
2026-07-19 22:06:19,375 - Epoch 55 results:
2026-07-19 22:06:19,376 -   Train Loss:           0.265583
2026-07-19 22:06:19,376 -   Val/Test Loss:        0.264574
2026-07-19 22:06:19,376 -   Train Bal.Accuracy:   0.887181
2026-07-19 22:06:19,376 -   Val/Test Bal.Accuracy:0.887334
2026-07-19 22:06:19,376 -   Loss gap:             0.001010
2026-07-19 22:06:19,376 -   Accuracy gap:         -0.000154
2026-07-19 22:06:19,376 -   Epoch time:           1.36 sec
2026-07-19 22:06:19,376 - 
--- EPOCH 56/200 ---
2026-07-19 22:06:19,376 - Starting epoch 56
2026-07-19 22:06:20,856 - Epoch 56 results:
2026-07-19 22:06:20,856 -   Train Loss:           0.265593
2026-07-19 22:06:20,856 -   Val/Test Loss:        0.264583
2026-07-19 22:06:20,856 -   Train Bal.Accuracy:   0.887194
2026-07-19 22:06:20,856 -   Val/Test Bal.Accuracy:0.887295
2026-07-19 22:06:20,856 -   Loss gap:             0.001010
2026-07-19 22:06:20,856 -   Accuracy gap:         -0.000101
2026-07-19 22:06:20,856 -   Epoch time:           1.48 sec
2026-07-19 22:06:20,856 - 
--- EPOCH 57/200 ---
2026-07-19 22:06:20,856 - Starting epoch 57
2026-07-19 22:06:22,222 - Epoch 57 results:
2026-07-19 22:06:22,222 -   Train Loss:           0.265602
2026-07-19 22:06:22,222 -   Val/Test Loss:        0.264591
2026-07-19 22:06:22,222 -   Train Bal.Accuracy:   0.887199
2026-07-19 22:06:22,222 -   Val/Test Bal.Accuracy:0.887297
2026-07-19 22:06:22,222 -   Loss gap:             0.001010
2026-07-19 22:06:22,222 -   Accuracy gap:         -0.000098
2026-07-19 22:06:22,223 -   Epoch time:           1.37 sec
2026-07-19 22:06:22,223 - 
--- EPOCH 58/200 ---
2026-07-19 22:06:22,223 - Starting epoch 58
2026-07-19 22:06:23,586 - Epoch 58 results:
2026-07-19 22:06:23,586 -   Train Loss:           0.265610
2026-07-19 22:06:23,586 -   Val/Test Loss:        0.264599
2026-07-19 22:06:23,586 -   Train Bal.Accuracy:   0.887198
2026-07-19 22:06:23,587 -   Val/Test Bal.Accuracy:0.887310
2026-07-19 22:06:23,587 -   Loss gap:             0.001011
2026-07-19 22:06:23,587 -   Accuracy gap:         -0.000112
2026-07-19 22:06:23,587 -   Epoch time:           1.36 sec
2026-07-19 22:06:23,587 - 
--- EPOCH 59/200 ---
2026-07-19 22:06:23,587 - Starting epoch 59
2026-07-19 22:06:25,037 - Epoch 59 results:
2026-07-19 22:06:25,038 -   Train Loss:           0.265617
2026-07-19 22:06:25,038 -   Val/Test Loss:        0.264606
2026-07-19 22:06:25,038 -   Train Bal.Accuracy:   0.887223
2026-07-19 22:06:25,038 -   Val/Test Bal.Accuracy:0.887284
2026-07-19 22:06:25,038 -   Loss gap:             0.001011
2026-07-19 22:06:25,038 -   Accuracy gap:         -0.000061
2026-07-19 22:06:25,038 -   Epoch time:           1.45 sec
2026-07-19 22:06:25,038 - 
--- EPOCH 60/200 ---
2026-07-19 22:06:25,038 - Starting epoch 60
2026-07-19 22:06:26,406 - Epoch 60 results:
2026-07-19 22:06:26,406 -   Train Loss:           0.265624
2026-07-19 22:06:26,406 -   Val/Test Loss:        0.264613
2026-07-19 22:06:26,406 -   Train Bal.Accuracy:   0.887258
2026-07-19 22:06:26,406 -   Val/Test Bal.Accuracy:0.887304
2026-07-19 22:06:26,406 -   Loss gap:             0.001011
2026-07-19 22:06:26,406 -   Accuracy gap:         -0.000046
2026-07-19 22:06:26,406 -   Epoch time:           1.37 sec
2026-07-19 22:06:26,406 - 
--- EPOCH 61/200 ---
2026-07-19 22:06:26,406 - Starting epoch 61
2026-07-19 22:06:27,761 - Epoch 61 results:
2026-07-19 22:06:27,761 -   Train Loss:           0.265631
2026-07-19 22:06:27,761 -   Val/Test Loss:        0.264619
2026-07-19 22:06:27,761 -   Train Bal.Accuracy:   0.887227
2026-07-19 22:06:27,762 -   Val/Test Bal.Accuracy:0.887302
2026-07-19 22:06:27,762 -   Loss gap:             0.001011
2026-07-19 22:06:27,762 -   Accuracy gap:         -0.000075
2026-07-19 22:06:27,762 -   Epoch time:           1.35 sec
2026-07-19 22:06:27,762 - 
--- EPOCH 62/200 ---
2026-07-19 22:06:27,762 - Starting epoch 62
2026-07-19 22:06:29,114 - Epoch 62 results:
2026-07-19 22:06:29,114 -   Train Loss:           0.265637
2026-07-19 22:06:29,114 -   Val/Test Loss:        0.264625
2026-07-19 22:06:29,114 -   Train Bal.Accuracy:   0.887226
2026-07-19 22:06:29,114 -   Val/Test Bal.Accuracy:0.887298
2026-07-19 22:06:29,114 -   Loss gap:             0.001011
2026-07-19 22:06:29,114 -   Accuracy gap:         -0.000072
2026-07-19 22:06:29,115 -   Epoch time:           1.35 sec
2026-07-19 22:06:29,115 - 
--- EPOCH 63/200 ---
2026-07-19 22:06:29,115 - Starting epoch 63
2026-07-19 22:06:30,518 - Epoch 63 results:
2026-07-19 22:06:30,518 -   Train Loss:           0.265642
2026-07-19 22:06:30,518 -   Val/Test Loss:        0.264631
2026-07-19 22:06:30,518 -   Train Bal.Accuracy:   0.887220
2026-07-19 22:06:30,518 -   Val/Test Bal.Accuracy:0.887316
2026-07-19 22:06:30,518 -   Loss gap:             0.001012
2026-07-19 22:06:30,518 -   Accuracy gap:         -0.000096
2026-07-19 22:06:30,518 -   Epoch time:           1.40 sec
2026-07-19 22:06:30,518 - 
--- EPOCH 64/200 ---
2026-07-19 22:06:30,518 - Starting epoch 64
2026-07-19 22:06:31,877 - Epoch 64 results:
2026-07-19 22:06:31,877 -   Train Loss:           0.265647
2026-07-19 22:06:31,877 -   Val/Test Loss:        0.264636
2026-07-19 22:06:31,877 -   Train Bal.Accuracy:   0.887231
2026-07-19 22:06:31,877 -   Val/Test Bal.Accuracy:0.887323
2026-07-19 22:06:31,877 -   Loss gap:             0.001012
2026-07-19 22:06:31,877 -   Accuracy gap:         -0.000092
2026-07-19 22:06:31,877 -   Epoch time:           1.36 sec
2026-07-19 22:06:31,877 - 
--- EPOCH 65/200 ---
2026-07-19 22:06:31,877 - Starting epoch 65
2026-07-19 22:06:33,266 - Epoch 65 results:
2026-07-19 22:06:33,266 -   Train Loss:           0.265652
2026-07-19 22:06:33,266 -   Val/Test Loss:        0.264640
2026-07-19 22:06:33,266 -   Train Bal.Accuracy:   0.887250
2026-07-19 22:06:33,266 -   Val/Test Bal.Accuracy:0.887357
2026-07-19 22:06:33,266 -   Loss gap:             0.001012
2026-07-19 22:06:33,266 -   Accuracy gap:         -0.000107
2026-07-19 22:06:33,266 -   Epoch time:           1.39 sec
2026-07-19 22:06:33,266 - 
--- EPOCH 66/200 ---
2026-07-19 22:06:33,266 - Starting epoch 66
2026-07-19 22:06:34,619 - Epoch 66 results:
2026-07-19 22:06:34,620 -   Train Loss:           0.265657
2026-07-19 22:06:34,620 -   Val/Test Loss:        0.264644
2026-07-19 22:06:34,620 -   Train Bal.Accuracy:   0.887257
2026-07-19 22:06:34,620 -   Val/Test Bal.Accuracy:0.887336
2026-07-19 22:06:34,620 -   Loss gap:             0.001012
2026-07-19 22:06:34,620 -   Accuracy gap:         -0.000079
2026-07-19 22:06:34,620 -   Epoch time:           1.35 sec
2026-07-19 22:06:34,620 - 
--- EPOCH 67/200 ---
2026-07-19 22:06:34,620 - Starting epoch 67
2026-07-19 22:06:35,975 - Epoch 67 results:
2026-07-19 22:06:35,976 -   Train Loss:           0.265661
2026-07-19 22:06:35,976 -   Val/Test Loss:        0.264648
2026-07-19 22:06:35,976 -   Train Bal.Accuracy:   0.887271
2026-07-19 22:06:35,976 -   Val/Test Bal.Accuracy:0.887326
2026-07-19 22:06:35,976 -   Loss gap:             0.001012
2026-07-19 22:06:35,976 -   Accuracy gap:         -0.000055
2026-07-19 22:06:35,976 -   Epoch time:           1.36 sec
2026-07-19 22:06:35,976 - 
--- EPOCH 68/200 ---
2026-07-19 22:06:35,976 - Starting epoch 68
2026-07-19 22:06:37,319 - Epoch 68 results:
2026-07-19 22:06:37,319 -   Train Loss:           0.265665
2026-07-19 22:06:37,319 -   Val/Test Loss:        0.264652
2026-07-19 22:06:37,319 -   Train Bal.Accuracy:   0.887309
2026-07-19 22:06:37,319 -   Val/Test Bal.Accuracy:0.887312
2026-07-19 22:06:37,319 -   Loss gap:             0.001013
2026-07-19 22:06:37,319 -   Accuracy gap:         -0.000003
2026-07-19 22:06:37,319 -   Epoch time:           1.34 sec
2026-07-19 22:06:37,319 - 
--- EPOCH 69/200 ---
2026-07-19 22:06:37,319 - Starting epoch 69
2026-07-19 22:06:38,670 - Epoch 69 results:
2026-07-19 22:06:38,671 -   Train Loss:           0.265668
2026-07-19 22:06:38,671 -   Val/Test Loss:        0.264656
2026-07-19 22:06:38,671 -   Train Bal.Accuracy:   0.887326
2026-07-19 22:06:38,671 -   Val/Test Bal.Accuracy:0.887317
2026-07-19 22:06:38,671 -   Loss gap:             0.001013
2026-07-19 22:06:38,671 -   Accuracy gap:         0.000008
2026-07-19 22:06:38,671 -   Epoch time:           1.35 sec
2026-07-19 22:06:38,671 - 
--- EPOCH 70/200 ---
2026-07-19 22:06:38,671 - Starting epoch 70
2026-07-19 22:06:40,041 - Epoch 70 results:
2026-07-19 22:06:40,041 -   Train Loss:           0.265672
2026-07-19 22:06:40,041 -   Val/Test Loss:        0.264659
2026-07-19 22:06:40,041 -   Train Bal.Accuracy:   0.887323
2026-07-19 22:06:40,041 -   Val/Test Bal.Accuracy:0.887303
2026-07-19 22:06:40,041 -   Loss gap:             0.001013
2026-07-19 22:06:40,041 -   Accuracy gap:         0.000019
2026-07-19 22:06:40,042 -   Epoch time:           1.37 sec
2026-07-19 22:06:40,042 - 
--- EPOCH 71/200 ---
2026-07-19 22:06:40,042 - Starting epoch 71
2026-07-19 22:06:41,388 - Epoch 71 results:
2026-07-19 22:06:41,388 -   Train Loss:           0.265675
2026-07-19 22:06:41,388 -   Val/Test Loss:        0.264662
2026-07-19 22:06:41,388 -   Train Bal.Accuracy:   0.887310
2026-07-19 22:06:41,388 -   Val/Test Bal.Accuracy:0.887291
2026-07-19 22:06:41,388 -   Loss gap:             0.001013
2026-07-19 22:06:41,388 -   Accuracy gap:         0.000019
2026-07-19 22:06:41,389 -   Epoch time:           1.35 sec
2026-07-19 22:06:41,389 - 
--- EPOCH 72/200 ---
2026-07-19 22:06:41,389 - Starting epoch 72
2026-07-19 22:06:42,731 - Epoch 72 results:
2026-07-19 22:06:42,731 -   Train Loss:           0.265678
2026-07-19 22:06:42,731 -   Val/Test Loss:        0.264665
2026-07-19 22:06:42,731 -   Train Bal.Accuracy:   0.887315
2026-07-19 22:06:42,731 -   Val/Test Bal.Accuracy:0.887288
2026-07-19 22:06:42,731 -   Loss gap:             0.001013
2026-07-19 22:06:42,731 -   Accuracy gap:         0.000027
2026-07-19 22:06:42,731 -   Epoch time:           1.34 sec
2026-07-19 22:06:42,731 - 
--- EPOCH 73/200 ---
2026-07-19 22:06:42,731 - Starting epoch 73
2026-07-19 22:06:44,094 - Epoch 73 results:
2026-07-19 22:06:44,094 -   Train Loss:           0.265681
2026-07-19 22:06:44,094 -   Val/Test Loss:        0.264667
2026-07-19 22:06:44,094 -   Train Bal.Accuracy:   0.887343
2026-07-19 22:06:44,094 -   Val/Test Bal.Accuracy:0.887259
2026-07-19 22:06:44,094 -   Loss gap:             0.001013
2026-07-19 22:06:44,094 -   Accuracy gap:         0.000084
2026-07-19 22:06:44,094 -   Epoch time:           1.36 sec
2026-07-19 22:06:44,095 - 
--- EPOCH 74/200 ---
2026-07-19 22:06:44,095 - Starting epoch 74
2026-07-19 22:06:45,470 - Epoch 74 results:
2026-07-19 22:06:45,471 -   Train Loss:           0.265683
2026-07-19 22:06:45,471 -   Val/Test Loss:        0.264670
2026-07-19 22:06:45,471 -   Train Bal.Accuracy:   0.887358
2026-07-19 22:06:45,471 -   Val/Test Bal.Accuracy:0.887259
2026-07-19 22:06:45,471 -   Loss gap:             0.001013
2026-07-19 22:06:45,471 -   Accuracy gap:         0.000099
2026-07-19 22:06:45,471 -   Epoch time:           1.38 sec
2026-07-19 22:06:45,471 - 
--- EPOCH 75/200 ---
2026-07-19 22:06:45,471 - Starting epoch 75
2026-07-19 22:06:46,818 - Epoch 75 results:
2026-07-19 22:06:46,818 -   Train Loss:           0.265686
2026-07-19 22:06:46,818 -   Val/Test Loss:        0.264672
2026-07-19 22:06:46,818 -   Train Bal.Accuracy:   0.887335
2026-07-19 22:06:46,818 -   Val/Test Bal.Accuracy:0.887241
2026-07-19 22:06:46,818 -   Loss gap:             0.001014
2026-07-19 22:06:46,818 -   Accuracy gap:         0.000094
2026-07-19 22:06:46,819 -   Epoch time:           1.35 sec
2026-07-19 22:06:46,819 - 
--- EPOCH 76/200 ---
2026-07-19 22:06:46,819 - Starting epoch 76
2026-07-19 22:06:48,185 - Epoch 76 results:
2026-07-19 22:06:48,185 -   Train Loss:           0.265688
2026-07-19 22:06:48,185 -   Val/Test Loss:        0.264674
2026-07-19 22:06:48,185 -   Train Bal.Accuracy:   0.887351
2026-07-19 22:06:48,185 -   Val/Test Bal.Accuracy:0.887291
2026-07-19 22:06:48,185 -   Loss gap:             0.001014
2026-07-19 22:06:48,185 -   Accuracy gap:         0.000059
2026-07-19 22:06:48,185 -   Epoch time:           1.37 sec
2026-07-19 22:06:48,185 - 
--- EPOCH 77/200 ---
2026-07-19 22:06:48,185 - Starting epoch 77
2026-07-19 22:06:49,530 - Epoch 77 results:
2026-07-19 22:06:49,530 -   Train Loss:           0.265690
2026-07-19 22:06:49,530 -   Val/Test Loss:        0.264676
2026-07-19 22:06:49,530 -   Train Bal.Accuracy:   0.887331
2026-07-19 22:06:49,530 -   Val/Test Bal.Accuracy:0.887291
2026-07-19 22:06:49,530 -   Loss gap:             0.001014
2026-07-19 22:06:49,530 -   Accuracy gap:         0.000040
2026-07-19 22:06:49,530 -   Epoch time:           1.34 sec
2026-07-19 22:06:49,530 - 
--- EPOCH 78/200 ---
2026-07-19 22:06:49,530 - Starting epoch 78
2026-07-19 22:06:50,884 - Epoch 78 results:
2026-07-19 22:06:50,884 -   Train Loss:           0.265692
2026-07-19 22:06:50,884 -   Val/Test Loss:        0.264678
2026-07-19 22:06:50,884 -   Train Bal.Accuracy:   0.887322
2026-07-19 22:06:50,884 -   Val/Test Bal.Accuracy:0.887295
2026-07-19 22:06:50,884 -   Loss gap:             0.001014
2026-07-19 22:06:50,885 -   Accuracy gap:         0.000027
2026-07-19 22:06:50,885 -   Epoch time:           1.35 sec
2026-07-19 22:06:50,885 - 
--- EPOCH 79/200 ---
2026-07-19 22:06:50,885 - Starting epoch 79
2026-07-19 22:06:52,240 - Epoch 79 results:
2026-07-19 22:06:52,240 -   Train Loss:           0.265694
2026-07-19 22:06:52,240 -   Val/Test Loss:        0.264680
2026-07-19 22:06:52,240 -   Train Bal.Accuracy:   0.887330
2026-07-19 22:06:52,240 -   Val/Test Bal.Accuracy:0.887297
2026-07-19 22:06:52,240 -   Loss gap:             0.001014
2026-07-19 22:06:52,240 -   Accuracy gap:         0.000033
2026-07-19 22:06:52,240 -   Epoch time:           1.35 sec
2026-07-19 22:06:52,240 - 
--- EPOCH 80/200 ---
2026-07-19 22:06:52,240 - Starting epoch 80
2026-07-19 22:06:53,610 - Epoch 80 results:
2026-07-19 22:06:53,610 -   Train Loss:           0.265696
2026-07-19 22:06:53,610 -   Val/Test Loss:        0.264682
2026-07-19 22:06:53,610 -   Train Bal.Accuracy:   0.887344
2026-07-19 22:06:53,610 -   Val/Test Bal.Accuracy:0.887299
2026-07-19 22:06:53,610 -   Loss gap:             0.001014
2026-07-19 22:06:53,610 -   Accuracy gap:         0.000045
2026-07-19 22:06:53,610 -   Epoch time:           1.37 sec
2026-07-19 22:06:53,610 - 
--- EPOCH 81/200 ---
2026-07-19 22:06:53,610 - Starting epoch 81
2026-07-19 22:06:54,990 - Epoch 81 results:
2026-07-19 22:06:54,990 -   Train Loss:           0.265697
2026-07-19 22:06:54,990 -   Val/Test Loss:        0.264683
2026-07-19 22:06:54,991 -   Train Bal.Accuracy:   0.887345
2026-07-19 22:06:54,991 -   Val/Test Bal.Accuracy:0.887303
2026-07-19 22:06:54,991 -   Loss gap:             0.001014
2026-07-19 22:06:54,991 -   Accuracy gap:         0.000042
2026-07-19 22:06:54,991 -   Epoch time:           1.38 sec
2026-07-19 22:06:54,991 - 
--- EPOCH 82/200 ---
2026-07-19 22:06:54,991 - Starting epoch 82
2026-07-19 22:06:56,332 - Epoch 82 results:
2026-07-19 22:06:56,332 -   Train Loss:           0.265699
2026-07-19 22:06:56,332 -   Val/Test Loss:        0.264685
2026-07-19 22:06:56,332 -   Train Bal.Accuracy:   0.887335
2026-07-19 22:06:56,333 -   Val/Test Bal.Accuracy:0.887303
2026-07-19 22:06:56,333 -   Loss gap:             0.001014
2026-07-19 22:06:56,333 -   Accuracy gap:         0.000032
2026-07-19 22:06:56,333 -   Epoch time:           1.34 sec
2026-07-19 22:06:56,333 - 
--- EPOCH 83/200 ---
2026-07-19 22:06:56,333 - Starting epoch 83
2026-07-19 22:06:57,720 - Epoch 83 results:
2026-07-19 22:06:57,720 -   Train Loss:           0.265701
2026-07-19 22:06:57,720 -   Val/Test Loss:        0.264686
2026-07-19 22:06:57,720 -   Train Bal.Accuracy:   0.887357
2026-07-19 22:06:57,720 -   Val/Test Bal.Accuracy:0.887301
2026-07-19 22:06:57,720 -   Loss gap:             0.001014
2026-07-19 22:06:57,720 -   Accuracy gap:         0.000056
2026-07-19 22:06:57,720 -   Epoch time:           1.39 sec
2026-07-19 22:06:57,720 - 
--- EPOCH 84/200 ---
2026-07-19 22:06:57,720 - Starting epoch 84
2026-07-19 22:06:59,069 - Epoch 84 results:
2026-07-19 22:06:59,069 -   Train Loss:           0.265702
2026-07-19 22:06:59,069 -   Val/Test Loss:        0.264688
2026-07-19 22:06:59,069 -   Train Bal.Accuracy:   0.887358
2026-07-19 22:06:59,069 -   Val/Test Bal.Accuracy:0.887303
2026-07-19 22:06:59,069 -   Loss gap:             0.001015
2026-07-19 22:06:59,069 -   Accuracy gap:         0.000055
2026-07-19 22:06:59,069 -   Epoch time:           1.35 sec
2026-07-19 22:06:59,069 - 
--- EPOCH 85/200 ---
2026-07-19 22:06:59,069 - Starting epoch 85
2026-07-19 22:07:00,530 - Epoch 85 results:
2026-07-19 22:07:00,530 -   Train Loss:           0.265704
2026-07-19 22:07:00,530 -   Val/Test Loss:        0.264689
2026-07-19 22:07:00,530 -   Train Bal.Accuracy:   0.887384
2026-07-19 22:07:00,531 -   Val/Test Bal.Accuracy:0.887272
2026-07-19 22:07:00,531 -   Loss gap:             0.001015
2026-07-19 22:07:00,531 -   Accuracy gap:         0.000112
2026-07-19 22:07:00,531 -   Epoch time:           1.46 sec
2026-07-19 22:07:00,531 - 
--- EPOCH 86/200 ---
2026-07-19 22:07:00,531 - Starting epoch 86
2026-07-19 22:07:01,976 - Epoch 86 results:
2026-07-19 22:07:01,976 -   Train Loss:           0.265705
2026-07-19 22:07:01,976 -   Val/Test Loss:        0.264690
2026-07-19 22:07:01,976 -   Train Bal.Accuracy:   0.887390
2026-07-19 22:07:01,976 -   Val/Test Bal.Accuracy:0.887272
2026-07-19 22:07:01,976 -   Loss gap:             0.001015
2026-07-19 22:07:01,976 -   Accuracy gap:         0.000117
2026-07-19 22:07:01,976 -   Epoch time:           1.44 sec
2026-07-19 22:07:01,976 - 
--- EPOCH 87/200 ---
2026-07-19 22:07:01,976 - Starting epoch 87
2026-07-19 22:07:03,342 - Epoch 87 results:
2026-07-19 22:07:03,342 -   Train Loss:           0.265706
2026-07-19 22:07:03,342 -   Val/Test Loss:        0.264692
2026-07-19 22:07:03,342 -   Train Bal.Accuracy:   0.887391
2026-07-19 22:07:03,342 -   Val/Test Bal.Accuracy:0.887274
2026-07-19 22:07:03,342 -   Loss gap:             0.001015
2026-07-19 22:07:03,343 -   Accuracy gap:         0.000117
2026-07-19 22:07:03,343 -   Epoch time:           1.37 sec
2026-07-19 22:07:03,343 - 
--- EPOCH 88/200 ---
2026-07-19 22:07:03,343 - Starting epoch 88
2026-07-19 22:07:04,699 - Epoch 88 results:
2026-07-19 22:07:04,699 -   Train Loss:           0.265708
2026-07-19 22:07:04,699 -   Val/Test Loss:        0.264693
2026-07-19 22:07:04,699 -   Train Bal.Accuracy:   0.887396
2026-07-19 22:07:04,699 -   Val/Test Bal.Accuracy:0.887233
2026-07-19 22:07:04,700 -   Loss gap:             0.001015
2026-07-19 22:07:04,700 -   Accuracy gap:         0.000163
2026-07-19 22:07:04,700 -   Epoch time:           1.36 sec
2026-07-19 22:07:04,700 - 
--- EPOCH 89/200 ---
2026-07-19 22:07:04,700 - Starting epoch 89
2026-07-19 22:07:06,044 - Epoch 89 results:
2026-07-19 22:07:06,044 -   Train Loss:           0.265709
2026-07-19 22:07:06,044 -   Val/Test Loss:        0.264694
2026-07-19 22:07:06,044 -   Train Bal.Accuracy:   0.887410
2026-07-19 22:07:06,044 -   Val/Test Bal.Accuracy:0.887251
2026-07-19 22:07:06,044 -   Loss gap:             0.001015
2026-07-19 22:07:06,044 -   Accuracy gap:         0.000160
2026-07-19 22:07:06,044 -   Epoch time:           1.34 sec
2026-07-19 22:07:06,044 - 
--- EPOCH 90/200 ---
2026-07-19 22:07:06,044 - Starting epoch 90
2026-07-19 22:07:07,402 - Epoch 90 results:
2026-07-19 22:07:07,402 -   Train Loss:           0.265710
2026-07-19 22:07:07,402 -   Val/Test Loss:        0.264695
2026-07-19 22:07:07,402 -   Train Bal.Accuracy:   0.887400
2026-07-19 22:07:07,402 -   Val/Test Bal.Accuracy:0.887312
2026-07-19 22:07:07,402 -   Loss gap:             0.001015
2026-07-19 22:07:07,402 -   Accuracy gap:         0.000089
2026-07-19 22:07:07,402 -   Epoch time:           1.36 sec
2026-07-19 22:07:07,402 - 
--- EPOCH 91/200 ---
2026-07-19 22:07:07,402 - Starting epoch 91
2026-07-19 22:07:08,749 - Epoch 91 results:
2026-07-19 22:07:08,749 -   Train Loss:           0.265711
2026-07-19 22:07:08,749 -   Val/Test Loss:        0.264696
2026-07-19 22:07:08,749 -   Train Bal.Accuracy:   0.887422
2026-07-19 22:07:08,749 -   Val/Test Bal.Accuracy:0.887321
2026-07-19 22:07:08,749 -   Loss gap:             0.001015
2026-07-19 22:07:08,749 -   Accuracy gap:         0.000101
2026-07-19 22:07:08,749 -   Epoch time:           1.35 sec
2026-07-19 22:07:08,749 - 
--- EPOCH 92/200 ---
2026-07-19 22:07:08,749 - Starting epoch 92
2026-07-19 22:07:10,096 - Epoch 92 results:
2026-07-19 22:07:10,096 -   Train Loss:           0.265713
2026-07-19 22:07:10,097 -   Val/Test Loss:        0.264697
2026-07-19 22:07:10,097 -   Train Bal.Accuracy:   0.887424
2026-07-19 22:07:10,097 -   Val/Test Bal.Accuracy:0.887317
2026-07-19 22:07:10,097 -   Loss gap:             0.001015
2026-07-19 22:07:10,097 -   Accuracy gap:         0.000107
2026-07-19 22:07:10,097 -   Epoch time:           1.35 sec
2026-07-19 22:07:10,097 - 
--- EPOCH 93/200 ---
2026-07-19 22:07:10,097 - Starting epoch 93
2026-07-19 22:07:11,451 - Epoch 93 results:
2026-07-19 22:07:11,451 -   Train Loss:           0.265714
2026-07-19 22:07:11,451 -   Val/Test Loss:        0.264699
2026-07-19 22:07:11,451 -   Train Bal.Accuracy:   0.887449
2026-07-19 22:07:11,451 -   Val/Test Bal.Accuracy:0.887315
2026-07-19 22:07:11,451 -   Loss gap:             0.001015
2026-07-19 22:07:11,451 -   Accuracy gap:         0.000134
2026-07-19 22:07:11,451 -   Epoch time:           1.35 sec
2026-07-19 22:07:11,451 - 
--- EPOCH 94/200 ---
2026-07-19 22:07:11,452 - Starting epoch 94
2026-07-19 22:07:12,809 - Epoch 94 results:
2026-07-19 22:07:12,809 -   Train Loss:           0.265715
2026-07-19 22:07:12,809 -   Val/Test Loss:        0.264700
2026-07-19 22:07:12,809 -   Train Bal.Accuracy:   0.887474
2026-07-19 22:07:12,810 -   Val/Test Bal.Accuracy:0.887315
2026-07-19 22:07:12,810 -   Loss gap:             0.001015
2026-07-19 22:07:12,810 -   Accuracy gap:         0.000159
2026-07-19 22:07:12,810 -   Epoch time:           1.36 sec
2026-07-19 22:07:12,810 - 
--- EPOCH 95/200 ---
2026-07-19 22:07:12,810 - Starting epoch 95
2026-07-19 22:07:14,212 - Epoch 95 results:
2026-07-19 22:07:14,212 -   Train Loss:           0.265716
2026-07-19 22:07:14,212 -   Val/Test Loss:        0.264701
2026-07-19 22:07:14,212 -   Train Bal.Accuracy:   0.887474
2026-07-19 22:07:14,212 -   Val/Test Bal.Accuracy:0.887311
2026-07-19 22:07:14,212 -   Loss gap:             0.001015
2026-07-19 22:07:14,212 -   Accuracy gap:         0.000163
2026-07-19 22:07:14,212 -   Epoch time:           1.40 sec
2026-07-19 22:07:14,212 - 
--- EPOCH 96/200 ---
2026-07-19 22:07:14,212 - Starting epoch 96
2026-07-19 22:07:15,644 - Epoch 96 results:
2026-07-19 22:07:15,644 -   Train Loss:           0.265717
2026-07-19 22:07:15,644 -   Val/Test Loss:        0.264702
2026-07-19 22:07:15,644 -   Train Bal.Accuracy:   0.887465
2026-07-19 22:07:15,644 -   Val/Test Bal.Accuracy:0.887361
2026-07-19 22:07:15,644 -   Loss gap:             0.001015
2026-07-19 22:07:15,645 -   Accuracy gap:         0.000103
2026-07-19 22:07:15,645 -   Epoch time:           1.43 sec
2026-07-19 22:07:15,645 - 
--- EPOCH 97/200 ---
2026-07-19 22:07:15,645 - Starting epoch 97
2026-07-19 22:07:17,028 - Epoch 97 results:
2026-07-19 22:07:17,029 -   Train Loss:           0.265718
2026-07-19 22:07:17,029 -   Val/Test Loss:        0.264703
2026-07-19 22:07:17,029 -   Train Bal.Accuracy:   0.887465
2026-07-19 22:07:17,029 -   Val/Test Bal.Accuracy:0.887367
2026-07-19 22:07:17,029 -   Loss gap:             0.001016
2026-07-19 22:07:17,029 -   Accuracy gap:         0.000098
2026-07-19 22:07:17,029 -   Epoch time:           1.38 sec
2026-07-19 22:07:17,029 - 
--- EPOCH 98/200 ---
2026-07-19 22:07:17,029 - Starting epoch 98
2026-07-19 22:07:18,370 - Epoch 98 results:
2026-07-19 22:07:18,371 -   Train Loss:           0.265719
2026-07-19 22:07:18,371 -   Val/Test Loss:        0.264704
2026-07-19 22:07:18,371 -   Train Bal.Accuracy:   0.887471
2026-07-19 22:07:18,371 -   Val/Test Bal.Accuracy:0.887373
2026-07-19 22:07:18,371 -   Loss gap:             0.001016
2026-07-19 22:07:18,371 -   Accuracy gap:         0.000099
2026-07-19 22:07:18,371 -   Epoch time:           1.34 sec
2026-07-19 22:07:18,371 - 
--- EPOCH 99/200 ---
2026-07-19 22:07:18,371 - Starting epoch 99
2026-07-19 22:07:19,768 - Epoch 99 results:
2026-07-19 22:07:19,768 -   Train Loss:           0.265721
2026-07-19 22:07:19,768 -   Val/Test Loss:        0.264705
2026-07-19 22:07:19,768 -   Train Bal.Accuracy:   0.887474
2026-07-19 22:07:19,768 -   Val/Test Bal.Accuracy:0.887367
2026-07-19 22:07:19,768 -   Loss gap:             0.001016
2026-07-19 22:07:19,769 -   Accuracy gap:         0.000107
2026-07-19 22:07:19,769 -   Epoch time:           1.40 sec
2026-07-19 22:07:19,769 - 
--- EPOCH 100/200 ---
2026-07-19 22:07:19,769 - Starting epoch 100
2026-07-19 22:07:21,210 - Epoch 100 results:
2026-07-19 22:07:21,210 -   Train Loss:           0.265722
2026-07-19 22:07:21,210 -   Val/Test Loss:        0.264706
2026-07-19 22:07:21,210 -   Train Bal.Accuracy:   0.887474
2026-07-19 22:07:21,210 -   Val/Test Bal.Accuracy:0.887336
2026-07-19 22:07:21,210 -   Loss gap:             0.001016
2026-07-19 22:07:21,210 -   Accuracy gap:         0.000137
2026-07-19 22:07:21,210 -   Epoch time:           1.44 sec
2026-07-19 22:07:21,210 - 
--- EPOCH 101/200 ---
2026-07-19 22:07:21,211 - Starting epoch 101
2026-07-19 22:07:22,548 - Epoch 101 results:
2026-07-19 22:07:22,549 -   Train Loss:           0.265723
2026-07-19 22:07:22,549 -   Val/Test Loss:        0.264707
2026-07-19 22:07:22,549 -   Train Bal.Accuracy:   0.887475
2026-07-19 22:07:22,549 -   Val/Test Bal.Accuracy:0.887336
2026-07-19 22:07:22,549 -   Loss gap:             0.001016
2026-07-19 22:07:22,549 -   Accuracy gap:         0.000139
2026-07-19 22:07:22,549 -   Epoch time:           1.34 sec
2026-07-19 22:07:22,549 - 
--- EPOCH 102/200 ---
2026-07-19 22:07:22,549 - Starting epoch 102
2026-07-19 22:07:23,934 - Epoch 102 results:
2026-07-19 22:07:23,934 -   Train Loss:           0.265724
2026-07-19 22:07:23,934 -   Val/Test Loss:        0.264708
2026-07-19 22:07:23,934 -   Train Bal.Accuracy:   0.887488
2026-07-19 22:07:23,934 -   Val/Test Bal.Accuracy:0.887336
2026-07-19 22:07:23,934 -   Loss gap:             0.001016
2026-07-19 22:07:23,934 -   Accuracy gap:         0.000152
2026-07-19 22:07:23,934 -   Epoch time:           1.38 sec
2026-07-19 22:07:23,934 - 
--- EPOCH 103/200 ---
2026-07-19 22:07:23,934 - Starting epoch 103
2026-07-19 22:07:25,274 - Epoch 103 results:
2026-07-19 22:07:25,274 -   Train Loss:           0.265725
2026-07-19 22:07:25,274 -   Val/Test Loss:        0.264709
2026-07-19 22:07:25,274 -   Train Bal.Accuracy:   0.887472
2026-07-19 22:07:25,274 -   Val/Test Bal.Accuracy:0.887342
2026-07-19 22:07:25,274 -   Loss gap:             0.001016
2026-07-19 22:07:25,274 -   Accuracy gap:         0.000130
2026-07-19 22:07:25,274 -   Epoch time:           1.34 sec
2026-07-19 22:07:25,274 - 
--- EPOCH 104/200 ---
2026-07-19 22:07:25,274 - Starting epoch 104
2026-07-19 22:07:26,638 - Epoch 104 results:
2026-07-19 22:07:26,638 -   Train Loss:           0.265726
2026-07-19 22:07:26,638 -   Val/Test Loss:        0.264710
2026-07-19 22:07:26,638 -   Train Bal.Accuracy:   0.887485
2026-07-19 22:07:26,639 -   Val/Test Bal.Accuracy:0.887342
2026-07-19 22:07:26,639 -   Loss gap:             0.001016
2026-07-19 22:07:26,639 -   Accuracy gap:         0.000142
2026-07-19 22:07:26,639 -   Epoch time:           1.36 sec
2026-07-19 22:07:26,639 - 
--- EPOCH 105/200 ---
2026-07-19 22:07:26,639 - Starting epoch 105
2026-07-19 22:07:27,998 - Epoch 105 results:
2026-07-19 22:07:27,998 -   Train Loss:           0.265727
2026-07-19 22:07:27,998 -   Val/Test Loss:        0.264711
2026-07-19 22:07:27,998 -   Train Bal.Accuracy:   0.887488
2026-07-19 22:07:27,998 -   Val/Test Bal.Accuracy:0.887342
2026-07-19 22:07:27,998 -   Loss gap:             0.001016
2026-07-19 22:07:27,998 -   Accuracy gap:         0.000145
2026-07-19 22:07:27,998 -   Epoch time:           1.36 sec
2026-07-19 22:07:27,999 - 
--- EPOCH 106/200 ---
2026-07-19 22:07:27,999 - Starting epoch 106
2026-07-19 22:07:29,347 - Epoch 106 results:
2026-07-19 22:07:29,347 -   Train Loss:           0.265729
2026-07-19 22:07:29,347 -   Val/Test Loss:        0.264713
2026-07-19 22:07:29,347 -   Train Bal.Accuracy:   0.887495
2026-07-19 22:07:29,347 -   Val/Test Bal.Accuracy:0.887344
2026-07-19 22:07:29,347 -   Loss gap:             0.001016
2026-07-19 22:07:29,347 -   Accuracy gap:         0.000151
2026-07-19 22:07:29,348 -   Epoch time:           1.35 sec
2026-07-19 22:07:29,348 - 
--- EPOCH 107/200 ---
2026-07-19 22:07:29,348 - Starting epoch 107
2026-07-19 22:07:30,712 - Epoch 107 results:
2026-07-19 22:07:30,713 -   Train Loss:           0.265730
2026-07-19 22:07:30,713 -   Val/Test Loss:        0.264714
2026-07-19 22:07:30,713 -   Train Bal.Accuracy:   0.887493
2026-07-19 22:07:30,713 -   Val/Test Bal.Accuracy:0.887376
2026-07-19 22:07:30,713 -   Loss gap:             0.001016
2026-07-19 22:07:30,713 -   Accuracy gap:         0.000116
2026-07-19 22:07:30,713 -   Epoch time:           1.36 sec
2026-07-19 22:07:30,713 - 
--- EPOCH 108/200 ---
2026-07-19 22:07:30,713 - Starting epoch 108
2026-07-19 22:07:32,075 - Epoch 108 results:
2026-07-19 22:07:32,076 -   Train Loss:           0.265731
2026-07-19 22:07:32,076 -   Val/Test Loss:        0.264715
2026-07-19 22:07:32,076 -   Train Bal.Accuracy:   0.887504
2026-07-19 22:07:32,076 -   Val/Test Bal.Accuracy:0.887378
2026-07-19 22:07:32,076 -   Loss gap:             0.001016
2026-07-19 22:07:32,076 -   Accuracy gap:         0.000126
2026-07-19 22:07:32,076 -   Epoch time:           1.36 sec
2026-07-19 22:07:32,076 - 
--- EPOCH 109/200 ---
2026-07-19 22:07:32,076 - Starting epoch 109
2026-07-19 22:07:33,422 - Epoch 109 results:
2026-07-19 22:07:33,422 -   Train Loss:           0.265732
2026-07-19 22:07:33,422 -   Val/Test Loss:        0.264716
2026-07-19 22:07:33,422 -   Train Bal.Accuracy:   0.887506
2026-07-19 22:07:33,422 -   Val/Test Bal.Accuracy:0.887409
2026-07-19 22:07:33,422 -   Loss gap:             0.001016
2026-07-19 22:07:33,422 -   Accuracy gap:         0.000097
2026-07-19 22:07:33,422 -   Epoch time:           1.35 sec
2026-07-19 22:07:33,422 - 
--- EPOCH 110/200 ---
2026-07-19 22:07:33,422 - Starting epoch 110
2026-07-19 22:07:34,808 - Epoch 110 results:
2026-07-19 22:07:34,808 -   Train Loss:           0.265733
2026-07-19 22:07:34,808 -   Val/Test Loss:        0.264717
2026-07-19 22:07:34,808 -   Train Bal.Accuracy:   0.887541
2026-07-19 22:07:34,808 -   Val/Test Bal.Accuracy:0.887418
2026-07-19 22:07:34,808 -   Loss gap:             0.001016
2026-07-19 22:07:34,809 -   Accuracy gap:         0.000123
2026-07-19 22:07:34,809 -   Epoch time:           1.39 sec
2026-07-19 22:07:34,809 - 
--- EPOCH 111/200 ---
2026-07-19 22:07:34,809 - Starting epoch 111
2026-07-19 22:07:36,196 - Epoch 111 results:
2026-07-19 22:07:36,196 -   Train Loss:           0.265735
2026-07-19 22:07:36,196 -   Val/Test Loss:        0.264718
2026-07-19 22:07:36,196 -   Train Bal.Accuracy:   0.887532
2026-07-19 22:07:36,196 -   Val/Test Bal.Accuracy:0.887422
2026-07-19 22:07:36,196 -   Loss gap:             0.001016
2026-07-19 22:07:36,196 -   Accuracy gap:         0.000111
2026-07-19 22:07:36,196 -   Epoch time:           1.39 sec
2026-07-19 22:07:36,196 - 
--- EPOCH 112/200 ---
2026-07-19 22:07:36,197 - Starting epoch 112
2026-07-19 22:07:37,548 - Epoch 112 results:
2026-07-19 22:07:37,548 -   Train Loss:           0.265736
2026-07-19 22:07:37,548 -   Val/Test Loss:        0.264720
2026-07-19 22:07:37,548 -   Train Bal.Accuracy:   0.887533
2026-07-19 22:07:37,548 -   Val/Test Bal.Accuracy:0.887422
2026-07-19 22:07:37,548 -   Loss gap:             0.001016
2026-07-19 22:07:37,549 -   Accuracy gap:         0.000112
2026-07-19 22:07:37,549 -   Epoch time:           1.35 sec
2026-07-19 22:07:37,549 - 
--- EPOCH 113/200 ---
2026-07-19 22:07:37,549 - Starting epoch 113
2026-07-19 22:07:38,926 - Epoch 113 results:
2026-07-19 22:07:38,927 -   Train Loss:           0.265737
2026-07-19 22:07:38,927 -   Val/Test Loss:        0.264721
2026-07-19 22:07:38,927 -   Train Bal.Accuracy:   0.887510
2026-07-19 22:07:38,927 -   Val/Test Bal.Accuracy:0.887425
2026-07-19 22:07:38,927 -   Loss gap:             0.001016
2026-07-19 22:07:38,927 -   Accuracy gap:         0.000085
2026-07-19 22:07:38,927 -   Epoch time:           1.38 sec
2026-07-19 22:07:38,927 - 
--- EPOCH 114/200 ---
2026-07-19 22:07:38,927 - Starting epoch 114
2026-07-19 22:07:40,287 - Epoch 114 results:
2026-07-19 22:07:40,287 -   Train Loss:           0.265739
2026-07-19 22:07:40,287 -   Val/Test Loss:        0.264722
2026-07-19 22:07:40,287 -   Train Bal.Accuracy:   0.887507
2026-07-19 22:07:40,287 -   Val/Test Bal.Accuracy:0.887456
2026-07-19 22:07:40,287 -   Loss gap:             0.001017
2026-07-19 22:07:40,288 -   Accuracy gap:         0.000051
2026-07-19 22:07:40,288 -   Epoch time:           1.36 sec
2026-07-19 22:07:40,288 - 
--- EPOCH 115/200 ---
2026-07-19 22:07:40,288 - Starting epoch 115
2026-07-19 22:07:41,640 - Epoch 115 results:
2026-07-19 22:07:41,640 -   Train Loss:           0.265740
2026-07-19 22:07:41,640 -   Val/Test Loss:        0.264723
2026-07-19 22:07:41,640 -   Train Bal.Accuracy:   0.887509
2026-07-19 22:07:41,640 -   Val/Test Bal.Accuracy:0.887484
2026-07-19 22:07:41,640 -   Loss gap:             0.001017
2026-07-19 22:07:41,640 -   Accuracy gap:         0.000025
2026-07-19 22:07:41,640 -   Epoch time:           1.35 sec
2026-07-19 22:07:41,640 - 
--- EPOCH 116/200 ---
2026-07-19 22:07:41,640 - Starting epoch 116
2026-07-19 22:07:43,028 - Epoch 116 results:
2026-07-19 22:07:43,029 -   Train Loss:           0.265741
2026-07-19 22:07:43,029 -   Val/Test Loss:        0.264725
2026-07-19 22:07:43,029 -   Train Bal.Accuracy:   0.887509
2026-07-19 22:07:43,029 -   Val/Test Bal.Accuracy:0.887482
2026-07-19 22:07:43,029 -   Loss gap:             0.001017
2026-07-19 22:07:43,029 -   Accuracy gap:         0.000027
2026-07-19 22:07:43,029 -   Epoch time:           1.39 sec
2026-07-19 22:07:43,029 - 
--- EPOCH 117/200 ---
2026-07-19 22:07:43,029 - Starting epoch 117
2026-07-19 22:07:44,354 - Epoch 117 results:
2026-07-19 22:07:44,354 -   Train Loss:           0.265743
2026-07-19 22:07:44,355 -   Val/Test Loss:        0.264726
2026-07-19 22:07:44,355 -   Train Bal.Accuracy:   0.887545
2026-07-19 22:07:44,355 -   Val/Test Bal.Accuracy:0.887490
2026-07-19 22:07:44,355 -   Loss gap:             0.001017
2026-07-19 22:07:44,355 -   Accuracy gap:         0.000055
2026-07-19 22:07:44,355 -   Epoch time:           1.33 sec
2026-07-19 22:07:44,355 - 
--- EPOCH 118/200 ---
2026-07-19 22:07:44,355 - Starting epoch 118
2026-07-19 22:07:45,699 - Epoch 118 results:
2026-07-19 22:07:45,699 -   Train Loss:           0.265744
2026-07-19 22:07:45,699 -   Val/Test Loss:        0.264727
2026-07-19 22:07:45,699 -   Train Bal.Accuracy:   0.887544
2026-07-19 22:07:45,699 -   Val/Test Bal.Accuracy:0.887517
2026-07-19 22:07:45,699 -   Loss gap:             0.001017
2026-07-19 22:07:45,699 -   Accuracy gap:         0.000028
2026-07-19 22:07:45,699 -   Epoch time:           1.34 sec
2026-07-19 22:07:45,699 - 
--- EPOCH 119/200 ---
2026-07-19 22:07:45,699 - Starting epoch 119
2026-07-19 22:07:47,041 - Epoch 119 results:
2026-07-19 22:07:47,042 -   Train Loss:           0.265745
2026-07-19 22:07:47,042 -   Val/Test Loss:        0.264729
2026-07-19 22:07:47,042 -   Train Bal.Accuracy:   0.887534
2026-07-19 22:07:47,042 -   Val/Test Bal.Accuracy:0.887519
2026-07-19 22:07:47,042 -   Loss gap:             0.001017
2026-07-19 22:07:47,042 -   Accuracy gap:         0.000016
2026-07-19 22:07:47,042 -   Epoch time:           1.34 sec
2026-07-19 22:07:47,042 - 
--- EPOCH 120/200 ---
2026-07-19 22:07:47,042 - Starting epoch 120
2026-07-19 22:07:48,389 - Epoch 120 results:
2026-07-19 22:07:48,390 -   Train Loss:           0.265747
2026-07-19 22:07:48,390 -   Val/Test Loss:        0.264730
2026-07-19 22:07:48,390 -   Train Bal.Accuracy:   0.887547
2026-07-19 22:07:48,390 -   Val/Test Bal.Accuracy:0.887519
2026-07-19 22:07:48,390 -   Loss gap:             0.001017
2026-07-19 22:07:48,390 -   Accuracy gap:         0.000028
2026-07-19 22:07:48,390 -   Epoch time:           1.35 sec
2026-07-19 22:07:48,390 - 
--- EPOCH 121/200 ---
2026-07-19 22:07:48,390 - Starting epoch 121
2026-07-19 22:07:49,738 - Epoch 121 results:
2026-07-19 22:07:49,738 -   Train Loss:           0.265748
2026-07-19 22:07:49,738 -   Val/Test Loss:        0.264731
2026-07-19 22:07:49,738 -   Train Bal.Accuracy:   0.887552
2026-07-19 22:07:49,739 -   Val/Test Bal.Accuracy:0.887538
2026-07-19 22:07:49,739 -   Loss gap:             0.001017
2026-07-19 22:07:49,739 -   Accuracy gap:         0.000014
2026-07-19 22:07:49,739 -   Epoch time:           1.35 sec
2026-07-19 22:07:49,739 - 
--- EPOCH 122/200 ---
2026-07-19 22:07:49,739 - Starting epoch 122
2026-07-19 22:07:51,096 - Epoch 122 results:
2026-07-19 22:07:51,096 -   Train Loss:           0.265750
2026-07-19 22:07:51,096 -   Val/Test Loss:        0.264733
2026-07-19 22:07:51,096 -   Train Bal.Accuracy:   0.887565
2026-07-19 22:07:51,096 -   Val/Test Bal.Accuracy:0.887517
2026-07-19 22:07:51,096 -   Loss gap:             0.001017
2026-07-19 22:07:51,096 -   Accuracy gap:         0.000049
2026-07-19 22:07:51,097 -   Epoch time:           1.36 sec
2026-07-19 22:07:51,097 - 
--- EPOCH 123/200 ---
2026-07-19 22:07:51,097 - Starting epoch 123
2026-07-19 22:07:52,434 - Epoch 123 results:
2026-07-19 22:07:52,434 -   Train Loss:           0.265751
2026-07-19 22:07:52,434 -   Val/Test Loss:        0.264734
2026-07-19 22:07:52,434 -   Train Bal.Accuracy:   0.887563
2026-07-19 22:07:52,434 -   Val/Test Bal.Accuracy:0.887517
2026-07-19 22:07:52,434 -   Loss gap:             0.001017
2026-07-19 22:07:52,434 -   Accuracy gap:         0.000046
2026-07-19 22:07:52,434 -   Epoch time:           1.34 sec
2026-07-19 22:07:52,434 - 
--- EPOCH 124/200 ---
2026-07-19 22:07:52,434 - Starting epoch 124
2026-07-19 22:07:53,805 - Epoch 124 results:
2026-07-19 22:07:53,805 -   Train Loss:           0.265753
2026-07-19 22:07:53,806 -   Val/Test Loss:        0.264736
2026-07-19 22:07:53,806 -   Train Bal.Accuracy:   0.887561
2026-07-19 22:07:53,806 -   Val/Test Bal.Accuracy:0.887551
2026-07-19 22:07:53,806 -   Loss gap:             0.001017
2026-07-19 22:07:53,806 -   Accuracy gap:         0.000010
2026-07-19 22:07:53,806 -   Epoch time:           1.37 sec
2026-07-19 22:07:53,806 - 
--- EPOCH 125/200 ---
2026-07-19 22:07:53,806 - Starting epoch 125
2026-07-19 22:07:55,162 - Epoch 125 results:
2026-07-19 22:07:55,162 -   Train Loss:           0.265754
2026-07-19 22:07:55,162 -   Val/Test Loss:        0.264737
2026-07-19 22:07:55,162 -   Train Bal.Accuracy:   0.887573
2026-07-19 22:07:55,162 -   Val/Test Bal.Accuracy:0.887555
2026-07-19 22:07:55,162 -   Loss gap:             0.001017
2026-07-19 22:07:55,162 -   Accuracy gap:         0.000018
2026-07-19 22:07:55,162 -   Epoch time:           1.36 sec
2026-07-19 22:07:55,162 - 
--- EPOCH 126/200 ---
2026-07-19 22:07:55,162 - Starting epoch 126
2026-07-19 22:07:56,516 - Epoch 126 results:
2026-07-19 22:07:56,516 -   Train Loss:           0.265756
2026-07-19 22:07:56,516 -   Val/Test Loss:        0.264739
2026-07-19 22:07:56,516 -   Train Bal.Accuracy:   0.887574
2026-07-19 22:07:56,516 -   Val/Test Bal.Accuracy:0.887557
2026-07-19 22:07:56,516 -   Loss gap:             0.001017
2026-07-19 22:07:56,516 -   Accuracy gap:         0.000017
2026-07-19 22:07:56,516 -   Epoch time:           1.35 sec
2026-07-19 22:07:56,516 - 
--- EPOCH 127/200 ---
2026-07-19 22:07:56,516 - Starting epoch 127
2026-07-19 22:07:57,861 - Epoch 127 results:
2026-07-19 22:07:57,861 -   Train Loss:           0.265757
2026-07-19 22:07:57,861 -   Val/Test Loss:        0.264740
2026-07-19 22:07:57,862 -   Train Bal.Accuracy:   0.887582
2026-07-19 22:07:57,862 -   Val/Test Bal.Accuracy:0.887526
2026-07-19 22:07:57,862 -   Loss gap:             0.001017
2026-07-19 22:07:57,862 -   Accuracy gap:         0.000056
2026-07-19 22:07:57,862 -   Epoch time:           1.34 sec
2026-07-19 22:07:57,862 - 
--- EPOCH 128/200 ---
2026-07-19 22:07:57,862 - Starting epoch 128
2026-07-19 22:07:59,232 - Epoch 128 results:
2026-07-19 22:07:59,232 -   Train Loss:           0.265759
2026-07-19 22:07:59,232 -   Val/Test Loss:        0.264742
2026-07-19 22:07:59,233 -   Train Bal.Accuracy:   0.887576
2026-07-19 22:07:59,233 -   Val/Test Bal.Accuracy:0.887489
2026-07-19 22:07:59,233 -   Loss gap:             0.001017
2026-07-19 22:07:59,233 -   Accuracy gap:         0.000087
2026-07-19 22:07:59,233 -   Epoch time:           1.37 sec
2026-07-19 22:07:59,233 - 
--- EPOCH 129/200 ---
2026-07-19 22:07:59,233 - Starting epoch 129
2026-07-19 22:08:00,583 - Epoch 129 results:
2026-07-19 22:08:00,583 -   Train Loss:           0.265761
2026-07-19 22:08:00,583 -   Val/Test Loss:        0.264743
2026-07-19 22:08:00,583 -   Train Bal.Accuracy:   0.887577
2026-07-19 22:08:00,583 -   Val/Test Bal.Accuracy:0.887493
2026-07-19 22:08:00,583 -   Loss gap:             0.001017
2026-07-19 22:08:00,583 -   Accuracy gap:         0.000084
2026-07-19 22:08:00,583 -   Epoch time:           1.35 sec
2026-07-19 22:08:00,584 - 
--- EPOCH 130/200 ---
2026-07-19 22:08:00,584 - Starting epoch 130
2026-07-19 22:08:01,955 - Epoch 130 results:
2026-07-19 22:08:01,955 -   Train Loss:           0.265762
2026-07-19 22:08:01,955 -   Val/Test Loss:        0.264745
2026-07-19 22:08:01,955 -   Train Bal.Accuracy:   0.887589
2026-07-19 22:08:01,955 -   Val/Test Bal.Accuracy:0.887491
2026-07-19 22:08:01,956 -   Loss gap:             0.001017
2026-07-19 22:08:01,956 -   Accuracy gap:         0.000098
2026-07-19 22:08:01,956 -   Epoch time:           1.37 sec
2026-07-19 22:08:01,956 - 
--- EPOCH 131/200 ---
2026-07-19 22:08:01,956 - Starting epoch 131
2026-07-19 22:08:03,334 - Epoch 131 results:
2026-07-19 22:08:03,334 -   Train Loss:           0.265764
2026-07-19 22:08:03,334 -   Val/Test Loss:        0.264747
2026-07-19 22:08:03,334 -   Train Bal.Accuracy:   0.887574
2026-07-19 22:08:03,334 -   Val/Test Bal.Accuracy:0.887491
2026-07-19 22:08:03,334 -   Loss gap:             0.001017
2026-07-19 22:08:03,335 -   Accuracy gap:         0.000083
2026-07-19 22:08:03,335 -   Epoch time:           1.38 sec
2026-07-19 22:08:03,335 - 
--- EPOCH 132/200 ---
2026-07-19 22:08:03,335 - Starting epoch 132
2026-07-19 22:08:04,670 - Epoch 132 results:
2026-07-19 22:08:04,670 -   Train Loss:           0.265766
2026-07-19 22:08:04,670 -   Val/Test Loss:        0.264748
2026-07-19 22:08:04,670 -   Train Bal.Accuracy:   0.887573
2026-07-19 22:08:04,670 -   Val/Test Bal.Accuracy:0.887493
2026-07-19 22:08:04,670 -   Loss gap:             0.001017
2026-07-19 22:08:04,670 -   Accuracy gap:         0.000081
2026-07-19 22:08:04,670 -   Epoch time:           1.34 sec
2026-07-19 22:08:04,670 - 
--- EPOCH 133/200 ---
2026-07-19 22:08:04,670 - Starting epoch 133
2026-07-19 22:08:06,019 - Epoch 133 results:
2026-07-19 22:08:06,019 -   Train Loss:           0.265767
2026-07-19 22:08:06,019 -   Val/Test Loss:        0.264750
2026-07-19 22:08:06,019 -   Train Bal.Accuracy:   0.887571
2026-07-19 22:08:06,019 -   Val/Test Bal.Accuracy:0.887495
2026-07-19 22:08:06,019 -   Loss gap:             0.001017
2026-07-19 22:08:06,019 -   Accuracy gap:         0.000077
2026-07-19 22:08:06,019 -   Epoch time:           1.35 sec
2026-07-19 22:08:06,020 - 
--- EPOCH 134/200 ---
2026-07-19 22:08:06,020 - Starting epoch 134
2026-07-19 22:08:07,485 - Epoch 134 results:
2026-07-19 22:08:07,486 -   Train Loss:           0.265769
2026-07-19 22:08:07,486 -   Val/Test Loss:        0.264752
2026-07-19 22:08:07,486 -   Train Bal.Accuracy:   0.887570
2026-07-19 22:08:07,486 -   Val/Test Bal.Accuracy:0.887497
2026-07-19 22:08:07,486 -   Loss gap:             0.001017
2026-07-19 22:08:07,486 -   Accuracy gap:         0.000073
2026-07-19 22:08:07,486 -   Epoch time:           1.47 sec
2026-07-19 22:08:07,486 - 
--- EPOCH 135/200 ---
2026-07-19 22:08:07,486 - Starting epoch 135
2026-07-19 22:08:08,874 - Epoch 135 results:
2026-07-19 22:08:08,874 -   Train Loss:           0.265771
2026-07-19 22:08:08,874 -   Val/Test Loss:        0.264753
2026-07-19 22:08:08,874 -   Train Bal.Accuracy:   0.887551
2026-07-19 22:08:08,875 -   Val/Test Bal.Accuracy:0.887497
2026-07-19 22:08:08,875 -   Loss gap:             0.001018
2026-07-19 22:08:08,875 -   Accuracy gap:         0.000055
2026-07-19 22:08:08,875 -   Epoch time:           1.39 sec
2026-07-19 22:08:08,875 - 
--- EPOCH 136/200 ---
2026-07-19 22:08:08,875 - Starting epoch 136
2026-07-19 22:08:10,296 - Epoch 136 results:
2026-07-19 22:08:10,296 -   Train Loss:           0.265773
2026-07-19 22:08:10,296 -   Val/Test Loss:        0.264755
2026-07-19 22:08:10,296 -   Train Bal.Accuracy:   0.887539
2026-07-19 22:08:10,296 -   Val/Test Bal.Accuracy:0.887498
2026-07-19 22:08:10,296 -   Loss gap:             0.001018
2026-07-19 22:08:10,296 -   Accuracy gap:         0.000040
2026-07-19 22:08:10,296 -   Epoch time:           1.42 sec
2026-07-19 22:08:10,296 - 
--- EPOCH 137/200 ---
2026-07-19 22:08:10,296 - Starting epoch 137
2026-07-19 22:08:11,867 - Epoch 137 results:
2026-07-19 22:08:11,867 -   Train Loss:           0.265774
2026-07-19 22:08:11,868 -   Val/Test Loss:        0.264757
2026-07-19 22:08:11,868 -   Train Bal.Accuracy:   0.887558
2026-07-19 22:08:11,868 -   Val/Test Bal.Accuracy:0.887500
2026-07-19 22:08:11,868 -   Loss gap:             0.001018
2026-07-19 22:08:11,868 -   Accuracy gap:         0.000058
2026-07-19 22:08:11,868 -   Epoch time:           1.57 sec
2026-07-19 22:08:11,868 - 
--- EPOCH 138/200 ---
2026-07-19 22:08:11,868 - Starting epoch 138
2026-07-19 22:08:13,252 - Epoch 138 results:
2026-07-19 22:08:13,252 -   Train Loss:           0.265776
2026-07-19 22:08:13,252 -   Val/Test Loss:        0.264758
2026-07-19 22:08:13,252 -   Train Bal.Accuracy:   0.887558
2026-07-19 22:08:13,252 -   Val/Test Bal.Accuracy:0.887504
2026-07-19 22:08:13,252 -   Loss gap:             0.001018
2026-07-19 22:08:13,252 -   Accuracy gap:         0.000054
2026-07-19 22:08:13,252 -   Epoch time:           1.38 sec
2026-07-19 22:08:13,252 - 
--- EPOCH 139/200 ---
2026-07-19 22:08:13,253 - Starting epoch 139
2026-07-19 22:08:14,621 - Epoch 139 results:
2026-07-19 22:08:14,621 -   Train Loss:           0.265778
2026-07-19 22:08:14,622 -   Val/Test Loss:        0.264760
2026-07-19 22:08:14,622 -   Train Bal.Accuracy:   0.887550
2026-07-19 22:08:14,622 -   Val/Test Bal.Accuracy:0.887504
2026-07-19 22:08:14,622 -   Loss gap:             0.001018
2026-07-19 22:08:14,622 -   Accuracy gap:         0.000046
2026-07-19 22:08:14,622 -   Epoch time:           1.37 sec
2026-07-19 22:08:14,622 - 
--- EPOCH 140/200 ---
2026-07-19 22:08:14,622 - Starting epoch 140
2026-07-19 22:08:15,968 - Epoch 140 results:
2026-07-19 22:08:15,968 -   Train Loss:           0.265780
2026-07-19 22:08:15,968 -   Val/Test Loss:        0.264762
2026-07-19 22:08:15,968 -   Train Bal.Accuracy:   0.887551
2026-07-19 22:08:15,968 -   Val/Test Bal.Accuracy:0.887506
2026-07-19 22:08:15,968 -   Loss gap:             0.001018
2026-07-19 22:08:15,968 -   Accuracy gap:         0.000045
2026-07-19 22:08:15,968 -   Epoch time:           1.35 sec
2026-07-19 22:08:15,969 - 
--- EPOCH 141/200 ---
2026-07-19 22:08:15,969 - Starting epoch 141
2026-07-19 22:08:17,318 - Epoch 141 results:
2026-07-19 22:08:17,318 -   Train Loss:           0.265782
2026-07-19 22:08:17,318 -   Val/Test Loss:        0.264764
2026-07-19 22:08:17,318 -   Train Bal.Accuracy:   0.887551
2026-07-19 22:08:17,318 -   Val/Test Bal.Accuracy:0.887502
2026-07-19 22:08:17,318 -   Loss gap:             0.001018
2026-07-19 22:08:17,318 -   Accuracy gap:         0.000049
2026-07-19 22:08:17,318 -   Epoch time:           1.35 sec
2026-07-19 22:08:17,318 - 
--- EPOCH 142/200 ---
2026-07-19 22:08:17,318 - Starting epoch 142
2026-07-19 22:08:18,668 - Epoch 142 results:
2026-07-19 22:08:18,668 -   Train Loss:           0.265784
2026-07-19 22:08:18,668 -   Val/Test Loss:        0.264766
2026-07-19 22:08:18,668 -   Train Bal.Accuracy:   0.887539
2026-07-19 22:08:18,668 -   Val/Test Bal.Accuracy:0.887506
2026-07-19 22:08:18,668 -   Loss gap:             0.001018
2026-07-19 22:08:18,669 -   Accuracy gap:         0.000033
2026-07-19 22:08:18,669 -   Epoch time:           1.35 sec
2026-07-19 22:08:18,669 - 
--- EPOCH 143/200 ---
2026-07-19 22:08:18,669 - Starting epoch 143
2026-07-19 22:08:20,069 - Epoch 143 results:
2026-07-19 22:08:20,070 -   Train Loss:           0.265786
2026-07-19 22:08:20,070 -   Val/Test Loss:        0.264768
2026-07-19 22:08:20,070 -   Train Bal.Accuracy:   0.887549
2026-07-19 22:08:20,070 -   Val/Test Bal.Accuracy:0.887537
2026-07-19 22:08:20,070 -   Loss gap:             0.001018
2026-07-19 22:08:20,070 -   Accuracy gap:         0.000013
2026-07-19 22:08:20,070 -   Epoch time:           1.40 sec
2026-07-19 22:08:20,070 - 
--- EPOCH 144/200 ---
2026-07-19 22:08:20,070 - Starting epoch 144
2026-07-19 22:08:21,411 - Epoch 144 results:
2026-07-19 22:08:21,411 -   Train Loss:           0.265787
2026-07-19 22:08:21,411 -   Val/Test Loss:        0.264769
2026-07-19 22:08:21,411 -   Train Bal.Accuracy:   0.887549
2026-07-19 22:08:21,411 -   Val/Test Bal.Accuracy:0.887540
2026-07-19 22:08:21,411 -   Loss gap:             0.001018
2026-07-19 22:08:21,411 -   Accuracy gap:         0.000008
2026-07-19 22:08:21,411 -   Epoch time:           1.34 sec
2026-07-19 22:08:21,411 - 
--- EPOCH 145/200 ---
2026-07-19 22:08:21,411 - Starting epoch 145
2026-07-19 22:08:22,754 - Epoch 145 results:
2026-07-19 22:08:22,754 -   Train Loss:           0.265789
2026-07-19 22:08:22,754 -   Val/Test Loss:        0.264771
2026-07-19 22:08:22,754 -   Train Bal.Accuracy:   0.887535
2026-07-19 22:08:22,754 -   Val/Test Bal.Accuracy:0.887569
2026-07-19 22:08:22,754 -   Loss gap:             0.001018
2026-07-19 22:08:22,755 -   Accuracy gap:         -0.000034
2026-07-19 22:08:22,755 -   Epoch time:           1.34 sec
2026-07-19 22:08:22,755 - 
--- EPOCH 146/200 ---
2026-07-19 22:08:22,755 - Starting epoch 146
2026-07-19 22:08:24,137 - Epoch 146 results:
2026-07-19 22:08:24,137 -   Train Loss:           0.265791
2026-07-19 22:08:24,137 -   Val/Test Loss:        0.264773
2026-07-19 22:08:24,137 -   Train Bal.Accuracy:   0.887539
2026-07-19 22:08:24,137 -   Val/Test Bal.Accuracy:0.887569
2026-07-19 22:08:24,137 -   Loss gap:             0.001018
2026-07-19 22:08:24,137 -   Accuracy gap:         -0.000030
2026-07-19 22:08:24,137 -   Epoch time:           1.38 sec
2026-07-19 22:08:24,138 - 
--- EPOCH 147/200 ---
2026-07-19 22:08:24,138 - Starting epoch 147
2026-07-19 22:08:25,500 - Epoch 147 results:
2026-07-19 22:08:25,500 -   Train Loss:           0.265793
2026-07-19 22:08:25,500 -   Val/Test Loss:        0.264775
2026-07-19 22:08:25,500 -   Train Bal.Accuracy:   0.887550
2026-07-19 22:08:25,500 -   Val/Test Bal.Accuracy:0.887567
2026-07-19 22:08:25,501 -   Loss gap:             0.001018
2026-07-19 22:08:25,501 -   Accuracy gap:         -0.000017
2026-07-19 22:08:25,501 -   Epoch time:           1.36 sec
2026-07-19 22:08:25,501 - 
--- EPOCH 148/200 ---
2026-07-19 22:08:25,501 - Starting epoch 148
2026-07-19 22:08:26,854 - Epoch 148 results:
2026-07-19 22:08:26,854 -   Train Loss:           0.265795
2026-07-19 22:08:26,854 -   Val/Test Loss:        0.264777
2026-07-19 22:08:26,854 -   Train Bal.Accuracy:   0.887573
2026-07-19 22:08:26,854 -   Val/Test Bal.Accuracy:0.887596
2026-07-19 22:08:26,854 -   Loss gap:             0.001018
2026-07-19 22:08:26,855 -   Accuracy gap:         -0.000022
2026-07-19 22:08:26,855 -   Epoch time:           1.35 sec
2026-07-19 22:08:26,855 - 
--- EPOCH 149/200 ---
2026-07-19 22:08:26,855 - Starting epoch 149
2026-07-19 22:08:28,207 - Epoch 149 results:
2026-07-19 22:08:28,207 -   Train Loss:           0.265797
2026-07-19 22:08:28,207 -   Val/Test Loss:        0.264779
2026-07-19 22:08:28,207 -   Train Bal.Accuracy:   0.887563
2026-07-19 22:08:28,207 -   Val/Test Bal.Accuracy:0.887597
2026-07-19 22:08:28,207 -   Loss gap:             0.001018
2026-07-19 22:08:28,207 -   Accuracy gap:         -0.000034
2026-07-19 22:08:28,207 -   Epoch time:           1.35 sec
2026-07-19 22:08:28,207 - 
--- EPOCH 150/200 ---
2026-07-19 22:08:28,207 - Starting epoch 150
2026-07-19 22:08:29,572 - Epoch 150 results:
2026-07-19 22:08:29,572 -   Train Loss:           0.265799
2026-07-19 22:08:29,572 -   Val/Test Loss:        0.264781
2026-07-19 22:08:29,572 -   Train Bal.Accuracy:   0.887571
2026-07-19 22:08:29,572 -   Val/Test Bal.Accuracy:0.887576
2026-07-19 22:08:29,572 -   Loss gap:             0.001018
2026-07-19 22:08:29,572 -   Accuracy gap:         -0.000005
2026-07-19 22:08:29,572 -   Epoch time:           1.36 sec
2026-07-19 22:08:29,572 - 
--- EPOCH 151/200 ---
2026-07-19 22:08:29,572 - Starting epoch 151
2026-07-19 22:08:30,992 - Epoch 151 results:
2026-07-19 22:08:30,992 -   Train Loss:           0.265801
2026-07-19 22:08:30,992 -   Val/Test Loss:        0.264783
2026-07-19 22:08:30,992 -   Train Bal.Accuracy:   0.887571
2026-07-19 22:08:30,992 -   Val/Test Bal.Accuracy:0.887549
2026-07-19 22:08:30,992 -   Loss gap:             0.001018
2026-07-19 22:08:30,992 -   Accuracy gap:         0.000022
2026-07-19 22:08:30,992 -   Epoch time:           1.42 sec
2026-07-19 22:08:30,993 - 
--- EPOCH 152/200 ---
2026-07-19 22:08:30,993 - Starting epoch 152
2026-07-19 22:08:32,333 - Epoch 152 results:
2026-07-19 22:08:32,333 -   Train Loss:           0.265804
2026-07-19 22:08:32,334 -   Val/Test Loss:        0.264785
2026-07-19 22:08:32,334 -   Train Bal.Accuracy:   0.887561
2026-07-19 22:08:32,334 -   Val/Test Bal.Accuracy:0.887549
2026-07-19 22:08:32,334 -   Loss gap:             0.001018
2026-07-19 22:08:32,334 -   Accuracy gap:         0.000012
2026-07-19 22:08:32,334 -   Epoch time:           1.34 sec
2026-07-19 22:08:32,334 - 
--- EPOCH 153/200 ---
2026-07-19 22:08:32,334 - Starting epoch 153
2026-07-19 22:08:33,692 - Epoch 153 results:
2026-07-19 22:08:33,692 -   Train Loss:           0.265806
2026-07-19 22:08:33,692 -   Val/Test Loss:        0.264787
2026-07-19 22:08:33,692 -   Train Bal.Accuracy:   0.887563
2026-07-19 22:08:33,692 -   Val/Test Bal.Accuracy:0.887549
2026-07-19 22:08:33,692 -   Loss gap:             0.001018
2026-07-19 22:08:33,692 -   Accuracy gap:         0.000014
2026-07-19 22:08:33,692 -   Epoch time:           1.36 sec
2026-07-19 22:08:33,692 - 
--- EPOCH 154/200 ---
2026-07-19 22:08:33,692 - Starting epoch 154
2026-07-19 22:08:35,052 - Epoch 154 results:
2026-07-19 22:08:35,052 -   Train Loss:           0.265808
2026-07-19 22:08:35,052 -   Val/Test Loss:        0.264789
2026-07-19 22:08:35,052 -   Train Bal.Accuracy:   0.887554
2026-07-19 22:08:35,052 -   Val/Test Bal.Accuracy:0.887547
2026-07-19 22:08:35,052 -   Loss gap:             0.001018
2026-07-19 22:08:35,052 -   Accuracy gap:         0.000007
2026-07-19 22:08:35,052 -   Epoch time:           1.36 sec
2026-07-19 22:08:35,052 - 
--- EPOCH 155/200 ---
2026-07-19 22:08:35,052 - Starting epoch 155
2026-07-19 22:08:36,379 - Epoch 155 results:
2026-07-19 22:08:36,379 -   Train Loss:           0.265810
2026-07-19 22:08:36,379 -   Val/Test Loss:        0.264791
2026-07-19 22:08:36,379 -   Train Bal.Accuracy:   0.887554
2026-07-19 22:08:36,379 -   Val/Test Bal.Accuracy:0.887545
2026-07-19 22:08:36,379 -   Loss gap:             0.001018
2026-07-19 22:08:36,379 -   Accuracy gap:         0.000009
2026-07-19 22:08:36,379 -   Epoch time:           1.33 sec
2026-07-19 22:08:36,380 - 
--- EPOCH 156/200 ---
2026-07-19 22:08:36,380 - Starting epoch 156
2026-07-19 22:08:37,724 - Epoch 156 results:
2026-07-19 22:08:37,724 -   Train Loss:           0.265812
2026-07-19 22:08:37,724 -   Val/Test Loss:        0.264794
2026-07-19 22:08:37,724 -   Train Bal.Accuracy:   0.887557
2026-07-19 22:08:37,725 -   Val/Test Bal.Accuracy:0.887574
2026-07-19 22:08:37,725 -   Loss gap:             0.001018
2026-07-19 22:08:37,725 -   Accuracy gap:         -0.000017
2026-07-19 22:08:37,725 -   Epoch time:           1.34 sec
2026-07-19 22:08:37,725 - 
--- EPOCH 157/200 ---
2026-07-19 22:08:37,725 - Starting epoch 157
2026-07-19 22:08:39,071 - Epoch 157 results:
2026-07-19 22:08:39,071 -   Train Loss:           0.265814
2026-07-19 22:08:39,071 -   Val/Test Loss:        0.264796
2026-07-19 22:08:39,071 -   Train Bal.Accuracy:   0.887566
2026-07-19 22:08:39,071 -   Val/Test Bal.Accuracy:0.887572
2026-07-19 22:08:39,071 -   Loss gap:             0.001019
2026-07-19 22:08:39,071 -   Accuracy gap:         -0.000006
2026-07-19 22:08:39,071 -   Epoch time:           1.35 sec
2026-07-19 22:08:39,071 - 
--- EPOCH 158/200 ---
2026-07-19 22:08:39,071 - Starting epoch 158
2026-07-19 22:08:40,444 - Epoch 158 results:
2026-07-19 22:08:40,444 -   Train Loss:           0.265816
2026-07-19 22:08:40,444 -   Val/Test Loss:        0.264798
2026-07-19 22:08:40,444 -   Train Bal.Accuracy:   0.887566
2026-07-19 22:08:40,444 -   Val/Test Bal.Accuracy:0.887552
2026-07-19 22:08:40,444 -   Loss gap:             0.001019
2026-07-19 22:08:40,445 -   Accuracy gap:         0.000014
2026-07-19 22:08:40,445 -   Epoch time:           1.37 sec
2026-07-19 22:08:40,445 - 
--- EPOCH 159/200 ---
2026-07-19 22:08:40,445 - Starting epoch 159
2026-07-19 22:08:41,791 - Epoch 159 results:
2026-07-19 22:08:41,791 -   Train Loss:           0.265818
2026-07-19 22:08:41,791 -   Val/Test Loss:        0.264800
2026-07-19 22:08:41,791 -   Train Bal.Accuracy:   0.887557
2026-07-19 22:08:41,791 -   Val/Test Bal.Accuracy:0.887533
2026-07-19 22:08:41,791 -   Loss gap:             0.001019
2026-07-19 22:08:41,791 -   Accuracy gap:         0.000024
2026-07-19 22:08:41,791 -   Epoch time:           1.35 sec
2026-07-19 22:08:41,791 - 
--- EPOCH 160/200 ---
2026-07-19 22:08:41,791 - Starting epoch 160
2026-07-19 22:08:43,130 - Epoch 160 results:
2026-07-19 22:08:43,131 -   Train Loss:           0.265821
2026-07-19 22:08:43,131 -   Val/Test Loss:        0.264802
2026-07-19 22:08:43,131 -   Train Bal.Accuracy:   0.887544
2026-07-19 22:08:43,131 -   Val/Test Bal.Accuracy:0.887531
2026-07-19 22:08:43,131 -   Loss gap:             0.001019
2026-07-19 22:08:43,131 -   Accuracy gap:         0.000013
2026-07-19 22:08:43,131 -   Epoch time:           1.34 sec
2026-07-19 22:08:43,131 - 
--- EPOCH 161/200 ---
2026-07-19 22:08:43,131 - Starting epoch 161
2026-07-19 22:08:44,514 - Epoch 161 results:
2026-07-19 22:08:44,514 -   Train Loss:           0.265823
2026-07-19 22:08:44,515 -   Val/Test Loss:        0.264804
2026-07-19 22:08:44,515 -   Train Bal.Accuracy:   0.887542
2026-07-19 22:08:44,515 -   Val/Test Bal.Accuracy:0.887531
2026-07-19 22:08:44,515 -   Loss gap:             0.001019
2026-07-19 22:08:44,515 -   Accuracy gap:         0.000011
2026-07-19 22:08:44,515 -   Epoch time:           1.38 sec
2026-07-19 22:08:44,515 - 
--- EPOCH 162/200 ---
2026-07-19 22:08:44,515 - Starting epoch 162
2026-07-19 22:08:45,870 - Epoch 162 results:
2026-07-19 22:08:45,870 -   Train Loss:           0.265825
2026-07-19 22:08:45,870 -   Val/Test Loss:        0.264806
2026-07-19 22:08:45,870 -   Train Bal.Accuracy:   0.887562
2026-07-19 22:08:45,870 -   Val/Test Bal.Accuracy:0.887529
2026-07-19 22:08:45,870 -   Loss gap:             0.001019
2026-07-19 22:08:45,870 -   Accuracy gap:         0.000033
2026-07-19 22:08:45,870 -   Epoch time:           1.35 sec
2026-07-19 22:08:45,870 - 
--- EPOCH 163/200 ---
2026-07-19 22:08:45,870 - Starting epoch 163
2026-07-19 22:08:47,246 - Epoch 163 results:
2026-07-19 22:08:47,247 -   Train Loss:           0.265827
2026-07-19 22:08:47,247 -   Val/Test Loss:        0.264809
2026-07-19 22:08:47,247 -   Train Bal.Accuracy:   0.887560
2026-07-19 22:08:47,247 -   Val/Test Bal.Accuracy:0.887533
2026-07-19 22:08:47,247 -   Loss gap:             0.001019
2026-07-19 22:08:47,247 -   Accuracy gap:         0.000028
2026-07-19 22:08:47,247 -   Epoch time:           1.38 sec
2026-07-19 22:08:47,247 - 
--- EPOCH 164/200 ---
2026-07-19 22:08:47,247 - Starting epoch 164
2026-07-19 22:08:48,594 - Epoch 164 results:
2026-07-19 22:08:48,594 -   Train Loss:           0.265830
2026-07-19 22:08:48,594 -   Val/Test Loss:        0.264811
2026-07-19 22:08:48,594 -   Train Bal.Accuracy:   0.887559
2026-07-19 22:08:48,594 -   Val/Test Bal.Accuracy:0.887531
2026-07-19 22:08:48,594 -   Loss gap:             0.001019
2026-07-19 22:08:48,594 -   Accuracy gap:         0.000028
2026-07-19 22:08:48,594 -   Epoch time:           1.35 sec
2026-07-19 22:08:48,594 - 
--- EPOCH 165/200 ---
2026-07-19 22:08:48,594 - Starting epoch 165
2026-07-19 22:08:49,937 - Epoch 165 results:
2026-07-19 22:08:49,938 -   Train Loss:           0.265832
2026-07-19 22:08:49,938 -   Val/Test Loss:        0.264813
2026-07-19 22:08:49,938 -   Train Bal.Accuracy:   0.887569
2026-07-19 22:08:49,938 -   Val/Test Bal.Accuracy:0.887531
2026-07-19 22:08:49,938 -   Loss gap:             0.001019
2026-07-19 22:08:49,938 -   Accuracy gap:         0.000039
2026-07-19 22:08:49,938 -   Epoch time:           1.34 sec
2026-07-19 22:08:49,938 - 
--- EPOCH 166/200 ---
2026-07-19 22:08:49,938 - Starting epoch 166
2026-07-19 22:08:51,306 - Epoch 166 results:
2026-07-19 22:08:51,306 -   Train Loss:           0.265834
2026-07-19 22:08:51,306 -   Val/Test Loss:        0.264815
2026-07-19 22:08:51,306 -   Train Bal.Accuracy:   0.887569
2026-07-19 22:08:51,306 -   Val/Test Bal.Accuracy:0.887535
2026-07-19 22:08:51,306 -   Loss gap:             0.001019
2026-07-19 22:08:51,306 -   Accuracy gap:         0.000035
2026-07-19 22:08:51,306 -   Epoch time:           1.37 sec
2026-07-19 22:08:51,306 - 
--- EPOCH 167/200 ---
2026-07-19 22:08:51,307 - Starting epoch 167
2026-07-19 22:08:52,640 - Epoch 167 results:
2026-07-19 22:08:52,641 -   Train Loss:           0.265836
2026-07-19 22:08:52,641 -   Val/Test Loss:        0.264818
2026-07-19 22:08:52,641 -   Train Bal.Accuracy:   0.887581
2026-07-19 22:08:52,641 -   Val/Test Bal.Accuracy:0.887535
2026-07-19 22:08:52,641 -   Loss gap:             0.001019
2026-07-19 22:08:52,641 -   Accuracy gap:         0.000046
2026-07-19 22:08:52,641 -   Epoch time:           1.33 sec
2026-07-19 22:08:52,641 - 
--- EPOCH 168/200 ---
2026-07-19 22:08:52,641 - Starting epoch 168
2026-07-19 22:08:54,011 - Epoch 168 results:
2026-07-19 22:08:54,011 -   Train Loss:           0.265839
2026-07-19 22:08:54,011 -   Val/Test Loss:        0.264820
2026-07-19 22:08:54,011 -   Train Bal.Accuracy:   0.887581
2026-07-19 22:08:54,011 -   Val/Test Bal.Accuracy:0.887529
2026-07-19 22:08:54,011 -   Loss gap:             0.001019
2026-07-19 22:08:54,011 -   Accuracy gap:         0.000052
2026-07-19 22:08:54,011 -   Epoch time:           1.37 sec
2026-07-19 22:08:54,011 - 
--- EPOCH 169/200 ---
2026-07-19 22:08:54,011 - Starting epoch 169
2026-07-19 22:08:55,367 - Epoch 169 results:
2026-07-19 22:08:55,367 -   Train Loss:           0.265841
2026-07-19 22:08:55,367 -   Val/Test Loss:        0.264822
2026-07-19 22:08:55,367 -   Train Bal.Accuracy:   0.887583
2026-07-19 22:08:55,367 -   Val/Test Bal.Accuracy:0.887529
2026-07-19 22:08:55,367 -   Loss gap:             0.001019
2026-07-19 22:08:55,367 -   Accuracy gap:         0.000054
2026-07-19 22:08:55,367 -   Epoch time:           1.36 sec
2026-07-19 22:08:55,367 - 
--- EPOCH 170/200 ---
2026-07-19 22:08:55,367 - Starting epoch 170
2026-07-19 22:08:56,714 - Epoch 170 results:
2026-07-19 22:08:56,714 -   Train Loss:           0.265843
2026-07-19 22:08:56,714 -   Val/Test Loss:        0.264824
2026-07-19 22:08:56,714 -   Train Bal.Accuracy:   0.887583
2026-07-19 22:08:56,714 -   Val/Test Bal.Accuracy:0.887523
2026-07-19 22:08:56,714 -   Loss gap:             0.001019
2026-07-19 22:08:56,714 -   Accuracy gap:         0.000060
2026-07-19 22:08:56,714 -   Epoch time:           1.35 sec
2026-07-19 22:08:56,714 - 
--- EPOCH 171/200 ---
2026-07-19 22:08:56,714 - Starting epoch 171
2026-07-19 22:08:58,108 - Epoch 171 results:
2026-07-19 22:08:58,108 -   Train Loss:           0.265846
2026-07-19 22:08:58,109 -   Val/Test Loss:        0.264827
2026-07-19 22:08:58,109 -   Train Bal.Accuracy:   0.887583
2026-07-19 22:08:58,109 -   Val/Test Bal.Accuracy:0.887525
2026-07-19 22:08:58,109 -   Loss gap:             0.001019
2026-07-19 22:08:58,109 -   Accuracy gap:         0.000058
2026-07-19 22:08:58,109 -   Epoch time:           1.39 sec
2026-07-19 22:08:58,109 - 
--- EPOCH 172/200 ---
2026-07-19 22:08:58,109 - Starting epoch 172
2026-07-19 22:08:59,700 - Epoch 172 results:
2026-07-19 22:08:59,701 -   Train Loss:           0.265848
2026-07-19 22:08:59,701 -   Val/Test Loss:        0.264829
2026-07-19 22:08:59,701 -   Train Bal.Accuracy:   0.887583
2026-07-19 22:08:59,701 -   Val/Test Bal.Accuracy:0.887505
2026-07-19 22:08:59,701 -   Loss gap:             0.001019
2026-07-19 22:08:59,701 -   Accuracy gap:         0.000078
2026-07-19 22:08:59,701 -   Epoch time:           1.59 sec
2026-07-19 22:08:59,701 - 
--- EPOCH 173/200 ---
2026-07-19 22:08:59,701 - Starting epoch 173
2026-07-19 22:09:01,284 - Epoch 173 results:
2026-07-19 22:09:01,284 -   Train Loss:           0.265850
2026-07-19 22:09:01,284 -   Val/Test Loss:        0.264831
2026-07-19 22:09:01,284 -   Train Bal.Accuracy:   0.887585
2026-07-19 22:09:01,285 -   Val/Test Bal.Accuracy:0.887502
2026-07-19 22:09:01,285 -   Loss gap:             0.001019
2026-07-19 22:09:01,285 -   Accuracy gap:         0.000083
2026-07-19 22:09:01,285 -   Epoch time:           1.58 sec
2026-07-19 22:09:01,285 - 
--- EPOCH 174/200 ---
2026-07-19 22:09:01,285 - Starting epoch 174
2026-07-19 22:09:02,957 - Epoch 174 results:
2026-07-19 22:09:02,957 -   Train Loss:           0.265853
2026-07-19 22:09:02,957 -   Val/Test Loss:        0.264834
2026-07-19 22:09:02,958 -   Train Bal.Accuracy:   0.887585
2026-07-19 22:09:02,958 -   Val/Test Bal.Accuracy:0.887500
2026-07-19 22:09:02,958 -   Loss gap:             0.001019
2026-07-19 22:09:02,958 -   Accuracy gap:         0.000085
2026-07-19 22:09:02,958 -   Epoch time:           1.67 sec
2026-07-19 22:09:02,958 - 
--- EPOCH 175/200 ---
2026-07-19 22:09:02,958 - Starting epoch 175
2026-07-19 22:09:04,469 - Epoch 175 results:
2026-07-19 22:09:04,469 -   Train Loss:           0.265855
2026-07-19 22:09:04,469 -   Val/Test Loss:        0.264836
2026-07-19 22:09:04,469 -   Train Bal.Accuracy:   0.887587
2026-07-19 22:09:04,469 -   Val/Test Bal.Accuracy:0.887500
2026-07-19 22:09:04,469 -   Loss gap:             0.001019
2026-07-19 22:09:04,469 -   Accuracy gap:         0.000087
2026-07-19 22:09:04,469 -   Epoch time:           1.51 sec
2026-07-19 22:09:04,469 - 
--- EPOCH 176/200 ---
2026-07-19 22:09:04,469 - Starting epoch 176
2026-07-19 22:09:05,902 - Epoch 176 results:
2026-07-19 22:09:05,903 -   Train Loss:           0.265858
2026-07-19 22:09:05,903 -   Val/Test Loss:        0.264838
2026-07-19 22:09:05,903 -   Train Bal.Accuracy:   0.887599
2026-07-19 22:09:05,903 -   Val/Test Bal.Accuracy:0.887480
2026-07-19 22:09:05,903 -   Loss gap:             0.001019
2026-07-19 22:09:05,903 -   Accuracy gap:         0.000119
2026-07-19 22:09:05,903 -   Epoch time:           1.43 sec
2026-07-19 22:09:05,903 - 
--- EPOCH 177/200 ---
2026-07-19 22:09:05,903 - Starting epoch 177
2026-07-19 22:09:07,454 - Epoch 177 results:
2026-07-19 22:09:07,454 -   Train Loss:           0.265860
2026-07-19 22:09:07,454 -   Val/Test Loss:        0.264841
2026-07-19 22:09:07,454 -   Train Bal.Accuracy:   0.887610
2026-07-19 22:09:07,454 -   Val/Test Bal.Accuracy:0.887478
2026-07-19 22:09:07,454 -   Loss gap:             0.001019
2026-07-19 22:09:07,454 -   Accuracy gap:         0.000132
2026-07-19 22:09:07,454 -   Epoch time:           1.55 sec
2026-07-19 22:09:07,454 - 
--- EPOCH 178/200 ---
2026-07-19 22:09:07,455 - Starting epoch 178
2026-07-19 22:09:09,202 - Epoch 178 results:
2026-07-19 22:09:09,203 -   Train Loss:           0.265862
2026-07-19 22:09:09,203 -   Val/Test Loss:        0.264843
2026-07-19 22:09:09,203 -   Train Bal.Accuracy:   0.887609
2026-07-19 22:09:09,203 -   Val/Test Bal.Accuracy:0.887507
2026-07-19 22:09:09,203 -   Loss gap:             0.001019
2026-07-19 22:09:09,203 -   Accuracy gap:         0.000103
2026-07-19 22:09:09,203 -   Epoch time:           1.75 sec
2026-07-19 22:09:09,203 - 
--- EPOCH 179/200 ---
2026-07-19 22:09:09,203 - Starting epoch 179
2026-07-19 22:09:10,550 - Epoch 179 results:
2026-07-19 22:09:10,550 -   Train Loss:           0.265865
2026-07-19 22:09:10,550 -   Val/Test Loss:        0.264845
2026-07-19 22:09:10,550 -   Train Bal.Accuracy:   0.887608
2026-07-19 22:09:10,550 -   Val/Test Bal.Accuracy:0.887507
2026-07-19 22:09:10,550 -   Loss gap:             0.001019
2026-07-19 22:09:10,550 -   Accuracy gap:         0.000101
2026-07-19 22:09:10,550 -   Epoch time:           1.35 sec
2026-07-19 22:09:10,551 - 
--- EPOCH 180/200 ---
2026-07-19 22:09:10,551 - Starting epoch 180
2026-07-19 22:09:11,839 - Epoch 180 results:
2026-07-19 22:09:11,839 -   Train Loss:           0.265867
2026-07-19 22:09:11,839 -   Val/Test Loss:        0.264848
2026-07-19 22:09:11,839 -   Train Bal.Accuracy:   0.887594
2026-07-19 22:09:11,839 -   Val/Test Bal.Accuracy:0.887505
2026-07-19 22:09:11,839 -   Loss gap:             0.001019
2026-07-19 22:09:11,839 -   Accuracy gap:         0.000089
2026-07-19 22:09:11,840 -   Epoch time:           1.29 sec
2026-07-19 22:09:11,840 - 
--- EPOCH 181/200 ---
2026-07-19 22:09:11,840 - Starting epoch 181
2026-07-19 22:09:13,126 - Epoch 181 results:
2026-07-19 22:09:13,126 -   Train Loss:           0.265870
2026-07-19 22:09:13,126 -   Val/Test Loss:        0.264850
2026-07-19 22:09:13,126 -   Train Bal.Accuracy:   0.887593
2026-07-19 22:09:13,126 -   Val/Test Bal.Accuracy:0.887483
2026-07-19 22:09:13,126 -   Loss gap:             0.001020
2026-07-19 22:09:13,126 -   Accuracy gap:         0.000110
2026-07-19 22:09:13,126 -   Epoch time:           1.29 sec
2026-07-19 22:09:13,127 - 
--- EPOCH 182/200 ---
2026-07-19 22:09:13,127 - Starting epoch 182
2026-07-19 22:09:14,692 - Epoch 182 results:
2026-07-19 22:09:14,692 -   Train Loss:           0.265872
2026-07-19 22:09:14,692 -   Val/Test Loss:        0.264852
2026-07-19 22:09:14,692 -   Train Bal.Accuracy:   0.887592
2026-07-19 22:09:14,693 -   Val/Test Bal.Accuracy:0.887483
2026-07-19 22:09:14,693 -   Loss gap:             0.001020
2026-07-19 22:09:14,693 -   Accuracy gap:         0.000109
2026-07-19 22:09:14,693 -   Epoch time:           1.57 sec
2026-07-19 22:09:14,693 - 
--- EPOCH 183/200 ---
2026-07-19 22:09:14,693 - Starting epoch 183
2026-07-19 22:09:16,598 - Epoch 183 results:
2026-07-19 22:09:16,598 -   Train Loss:           0.265874
2026-07-19 22:09:16,598 -   Val/Test Loss:        0.264855
2026-07-19 22:09:16,598 -   Train Bal.Accuracy:   0.887591
2026-07-19 22:09:16,598 -   Val/Test Bal.Accuracy:0.887483
2026-07-19 22:09:16,598 -   Loss gap:             0.001020
2026-07-19 22:09:16,598 -   Accuracy gap:         0.000108
2026-07-19 22:09:16,598 -   Epoch time:           1.90 sec
2026-07-19 22:09:16,598 - 
--- EPOCH 184/200 ---
2026-07-19 22:09:16,599 - Starting epoch 184
2026-07-19 22:09:18,516 - Epoch 184 results:
2026-07-19 22:09:18,516 -   Train Loss:           0.265877
2026-07-19 22:09:18,516 -   Val/Test Loss:        0.264857
2026-07-19 22:09:18,517 -   Train Bal.Accuracy:   0.887601
2026-07-19 22:09:18,517 -   Val/Test Bal.Accuracy:0.887483
2026-07-19 22:09:18,517 -   Loss gap:             0.001020
2026-07-19 22:09:18,517 -   Accuracy gap:         0.000118
2026-07-19 22:09:18,517 -   Epoch time:           1.92 sec
2026-07-19 22:09:18,517 - 
--- EPOCH 185/200 ---
2026-07-19 22:09:18,517 - Starting epoch 185
2026-07-19 22:09:19,939 - Epoch 185 results:
2026-07-19 22:09:19,939 -   Train Loss:           0.265879
2026-07-19 22:09:19,939 -   Val/Test Loss:        0.264860
2026-07-19 22:09:19,939 -   Train Bal.Accuracy:   0.887601
2026-07-19 22:09:19,940 -   Val/Test Bal.Accuracy:0.887485
2026-07-19 22:09:19,940 -   Loss gap:             0.001020
2026-07-19 22:09:19,940 -   Accuracy gap:         0.000116
2026-07-19 22:09:19,940 -   Epoch time:           1.42 sec
2026-07-19 22:09:19,940 - 
--- EPOCH 186/200 ---
2026-07-19 22:09:19,940 - Starting epoch 186
2026-07-19 22:09:21,305 - Epoch 186 results:
2026-07-19 22:09:21,305 -   Train Loss:           0.265882
2026-07-19 22:09:21,305 -   Val/Test Loss:        0.264862
2026-07-19 22:09:21,305 -   Train Bal.Accuracy:   0.887601
2026-07-19 22:09:21,305 -   Val/Test Bal.Accuracy:0.887485
2026-07-19 22:09:21,305 -   Loss gap:             0.001020
2026-07-19 22:09:21,305 -   Accuracy gap:         0.000116
2026-07-19 22:09:21,305 -   Epoch time:           1.37 sec
2026-07-19 22:09:21,305 - 
--- EPOCH 187/200 ---
2026-07-19 22:09:21,305 - Starting epoch 187
2026-07-19 22:09:22,700 - Epoch 187 results:
2026-07-19 22:09:22,700 -   Train Loss:           0.265884
2026-07-19 22:09:22,700 -   Val/Test Loss:        0.264865
2026-07-19 22:09:22,701 -   Train Bal.Accuracy:   0.887601
2026-07-19 22:09:22,701 -   Val/Test Bal.Accuracy:0.887483
2026-07-19 22:09:22,701 -   Loss gap:             0.001020
2026-07-19 22:09:22,701 -   Accuracy gap:         0.000118
2026-07-19 22:09:22,701 -   Epoch time:           1.39 sec
2026-07-19 22:09:22,701 - 
--- EPOCH 188/200 ---
2026-07-19 22:09:22,701 - Starting epoch 188
2026-07-19 22:09:24,337 - Epoch 188 results:
2026-07-19 22:09:24,337 -   Train Loss:           0.265887
2026-07-19 22:09:24,337 -   Val/Test Loss:        0.264867
2026-07-19 22:09:24,337 -   Train Bal.Accuracy:   0.887600
2026-07-19 22:09:24,337 -   Val/Test Bal.Accuracy:0.887508
2026-07-19 22:09:24,337 -   Loss gap:             0.001020
2026-07-19 22:09:24,338 -   Accuracy gap:         0.000093
2026-07-19 22:09:24,338 -   Epoch time:           1.64 sec
2026-07-19 22:09:24,338 - 
--- EPOCH 189/200 ---
2026-07-19 22:09:24,338 - Starting epoch 189
2026-07-19 22:09:25,940 - Epoch 189 results:
2026-07-19 22:09:25,940 -   Train Loss:           0.265889
2026-07-19 22:09:25,940 -   Val/Test Loss:        0.264869
2026-07-19 22:09:25,940 -   Train Bal.Accuracy:   0.887600
2026-07-19 22:09:25,940 -   Val/Test Bal.Accuracy:0.887510
2026-07-19 22:09:25,941 -   Loss gap:             0.001020
2026-07-19 22:09:25,941 -   Accuracy gap:         0.000091
2026-07-19 22:09:25,941 -   Epoch time:           1.60 sec
2026-07-19 22:09:25,941 - 
--- EPOCH 190/200 ---
2026-07-19 22:09:25,941 - Starting epoch 190
2026-07-19 22:09:27,449 - Epoch 190 results:
2026-07-19 22:09:27,449 -   Train Loss:           0.265892
2026-07-19 22:09:27,450 -   Val/Test Loss:        0.264872
2026-07-19 22:09:27,450 -   Train Bal.Accuracy:   0.887591
2026-07-19 22:09:27,450 -   Val/Test Bal.Accuracy:0.887512
2026-07-19 22:09:27,450 -   Loss gap:             0.001020
2026-07-19 22:09:27,450 -   Accuracy gap:         0.000079
2026-07-19 22:09:27,450 -   Epoch time:           1.51 sec
2026-07-19 22:09:27,450 - 
--- EPOCH 191/200 ---
2026-07-19 22:09:27,450 - Starting epoch 191
2026-07-19 22:09:28,937 - Epoch 191 results:
2026-07-19 22:09:28,938 -   Train Loss:           0.265894
2026-07-19 22:09:28,938 -   Val/Test Loss:        0.264874
2026-07-19 22:09:28,938 -   Train Bal.Accuracy:   0.887589
2026-07-19 22:09:28,938 -   Val/Test Bal.Accuracy:0.887514
2026-07-19 22:09:28,938 -   Loss gap:             0.001020
2026-07-19 22:09:28,938 -   Accuracy gap:         0.000076
2026-07-19 22:09:28,938 -   Epoch time:           1.49 sec
2026-07-19 22:09:28,938 - 
--- EPOCH 192/200 ---
2026-07-19 22:09:28,938 - Starting epoch 192
2026-07-19 22:09:30,358 - Epoch 192 results:
2026-07-19 22:09:30,358 -   Train Loss:           0.265897
2026-07-19 22:09:30,358 -   Val/Test Loss:        0.264877
2026-07-19 22:09:30,358 -   Train Bal.Accuracy:   0.887590
2026-07-19 22:09:30,358 -   Val/Test Bal.Accuracy:0.887512
2026-07-19 22:09:30,358 -   Loss gap:             0.001020
2026-07-19 22:09:30,359 -   Accuracy gap:         0.000079
2026-07-19 22:09:30,359 -   Epoch time:           1.42 sec
2026-07-19 22:09:30,359 - 
--- EPOCH 193/200 ---
2026-07-19 22:09:30,359 - Starting epoch 193
2026-07-19 22:09:31,802 - Epoch 193 results:
2026-07-19 22:09:31,802 -   Train Loss:           0.265899
2026-07-19 22:09:31,802 -   Val/Test Loss:        0.264879
2026-07-19 22:09:31,802 -   Train Bal.Accuracy:   0.887589
2026-07-19 22:09:31,803 -   Val/Test Bal.Accuracy:0.887514
2026-07-19 22:09:31,803 -   Loss gap:             0.001020
2026-07-19 22:09:31,803 -   Accuracy gap:         0.000076
2026-07-19 22:09:31,803 -   Epoch time:           1.44 sec
2026-07-19 22:09:31,803 - 
--- EPOCH 194/200 ---
2026-07-19 22:09:31,803 - Starting epoch 194
2026-07-19 22:09:33,225 - Epoch 194 results:
2026-07-19 22:09:33,225 -   Train Loss:           0.265902
2026-07-19 22:09:33,225 -   Val/Test Loss:        0.264882
2026-07-19 22:09:33,225 -   Train Bal.Accuracy:   0.887589
2026-07-19 22:09:33,225 -   Val/Test Bal.Accuracy:0.887512
2026-07-19 22:09:33,225 -   Loss gap:             0.001020
2026-07-19 22:09:33,226 -   Accuracy gap:         0.000078
2026-07-19 22:09:33,226 -   Epoch time:           1.42 sec
2026-07-19 22:09:33,226 - 
--- EPOCH 195/200 ---
2026-07-19 22:09:33,226 - Starting epoch 195
2026-07-19 22:09:34,656 - Epoch 195 results:
2026-07-19 22:09:34,656 -   Train Loss:           0.265904
2026-07-19 22:09:34,656 -   Val/Test Loss:        0.264884
2026-07-19 22:09:34,656 -   Train Bal.Accuracy:   0.887588
2026-07-19 22:09:34,656 -   Val/Test Bal.Accuracy:0.887510
2026-07-19 22:09:34,656 -   Loss gap:             0.001020
2026-07-19 22:09:34,656 -   Accuracy gap:         0.000078
2026-07-19 22:09:34,656 -   Epoch time:           1.43 sec
2026-07-19 22:09:34,656 - 
--- EPOCH 196/200 ---
2026-07-19 22:09:34,656 - Starting epoch 196
2026-07-19 22:09:36,070 - Epoch 196 results:
2026-07-19 22:09:36,070 -   Train Loss:           0.265907
2026-07-19 22:09:36,070 -   Val/Test Loss:        0.264887
2026-07-19 22:09:36,070 -   Train Bal.Accuracy:   0.887587
2026-07-19 22:09:36,070 -   Val/Test Bal.Accuracy:0.887510
2026-07-19 22:09:36,070 -   Loss gap:             0.001020
2026-07-19 22:09:36,070 -   Accuracy gap:         0.000077
2026-07-19 22:09:36,070 -   Epoch time:           1.41 sec
2026-07-19 22:09:36,070 - 
--- EPOCH 197/200 ---
2026-07-19 22:09:36,070 - Starting epoch 197
2026-07-19 22:09:37,553 - Epoch 197 results:
2026-07-19 22:09:37,554 -   Train Loss:           0.265909
2026-07-19 22:09:37,554 -   Val/Test Loss:        0.264889
2026-07-19 22:09:37,554 -   Train Bal.Accuracy:   0.887588
2026-07-19 22:09:37,554 -   Val/Test Bal.Accuracy:0.887510
2026-07-19 22:09:37,554 -   Loss gap:             0.001020
2026-07-19 22:09:37,554 -   Accuracy gap:         0.000078
2026-07-19 22:09:37,554 -   Epoch time:           1.48 sec
2026-07-19 22:09:37,554 - 
--- EPOCH 198/200 ---
2026-07-19 22:09:37,554 - Starting epoch 198
2026-07-19 22:09:38,996 - Epoch 198 results:
2026-07-19 22:09:38,996 -   Train Loss:           0.265912
2026-07-19 22:09:38,996 -   Val/Test Loss:        0.264892
2026-07-19 22:09:38,996 -   Train Bal.Accuracy:   0.887585
2026-07-19 22:09:38,996 -   Val/Test Bal.Accuracy:0.887508
2026-07-19 22:09:38,997 -   Loss gap:             0.001020
2026-07-19 22:09:38,997 -   Accuracy gap:         0.000077
2026-07-19 22:09:38,997 -   Epoch time:           1.44 sec
2026-07-19 22:09:38,997 - 
--- EPOCH 199/200 ---
2026-07-19 22:09:38,997 - Starting epoch 199
2026-07-19 22:09:40,393 - Epoch 199 results:
2026-07-19 22:09:40,393 -   Train Loss:           0.265914
2026-07-19 22:09:40,393 -   Val/Test Loss:        0.264894
2026-07-19 22:09:40,393 -   Train Bal.Accuracy:   0.887585
2026-07-19 22:09:40,394 -   Val/Test Bal.Accuracy:0.887506
2026-07-19 22:09:40,394 -   Loss gap:             0.001020
2026-07-19 22:09:40,394 -   Accuracy gap:         0.000079
2026-07-19 22:09:40,394 -   Epoch time:           1.40 sec
2026-07-19 22:09:40,394 - 
--- EPOCH 200/200 ---
2026-07-19 22:09:40,394 - Starting epoch 200
2026-07-19 22:09:41,773 - Epoch 200 results:
2026-07-19 22:09:41,774 -   Train Loss:           0.265917
2026-07-19 22:09:41,774 -   Val/Test Loss:        0.264897
2026-07-19 22:09:41,774 -   Train Bal.Accuracy:   0.887585
2026-07-19 22:09:41,774 -   Val/Test Bal.Accuracy:0.887506
2026-07-19 22:09:41,774 -   Loss gap:             0.001020
2026-07-19 22:09:41,774 -   Accuracy gap:         0.000079
2026-07-19 22:09:41,774 -   Epoch time:           1.38 sec
2026-07-19 22:09:41,774 - 
============================================================
2026-07-19 22:09:41,774 - TRAINING COMPLETED
2026-07-19 22:09:41,774 - ============================================================
2026-07-19 22:09:41,774 - 
FINAL RESULTS (epoch 200):
2026-07-19 22:09:41,774 -   Train Loss:           0.265917
2026-07-19 22:09:41,774 -   Val/Test Loss:        0.264897
2026-07-19 22:09:41,774 -   Train Bal.Accuracy:   0.887585
2026-07-19 22:09:41,774 -   Val/Test Bal.Accuracy:0.887506
2026-07-19 22:09:41,775 - 
BEST VALUES:
2026-07-19 22:09:41,775 -   Best Train Loss:     0.252017 (epoch 1)
2026-07-19 22:09:41,775 -   Best Val/Test Loss:  0.251448 (epoch 1)
2026-07-19 22:09:41,775 -   Best Train Acc:      0.887610 (epoch 177)
2026-07-19 22:09:41,775 -   Best Val/Test Acc:   0.887597 (epoch 149)
2026-07-19 22:09:41,775 - 
Log saved to: logs\train_2026-07-19_22-05_2048;200.log
2026-07-19 22:09:41,775 - ============================================================
