2026-07-19 14:09:01,972 - ============================================================
2026-07-19 14:09:01,973 - TRAINING STARTED
2026-07-19 14:09:01,974 - Epochs: 1000, Batch size: 2056
2026-07-19 14:09:01,976 - Train set size: 472547
2026-07-19 14:09:01,977 - Validation set size: 202521
2026-07-19 14:09:01,978 - ============================================================
2026-07-19 14:09:01,980 - 
--- EPOCH 1/1000 ---
2026-07-19 14:09:01,981 - Starting epoch 1
2026-07-19 14:09:03,713 - Epoch 1 results:
2026-07-19 14:09:03,714 -   Train Loss:           0.207762
2026-07-19 14:09:03,715 -   Val/Test Loss:        0.205101
2026-07-19 14:09:03,716 -   Train Bal.Accuracy:   0.662918
2026-07-19 14:09:03,717 -   Val/Test Bal.Accuracy:0.665579
2026-07-19 14:09:03,718 -   Loss gap:             0.002661
2026-07-19 14:09:03,719 -   Accuracy gap:         -0.002661
2026-07-19 14:09:03,720 -   Epoch time:           1.73 sec
2026-07-19 14:09:03,721 - 
--- EPOCH 2/1000 ---
2026-07-19 14:09:03,722 - Starting epoch 2
2026-07-19 14:09:05,082 - Epoch 2 results:
2026-07-19 14:09:05,083 -   Train Loss:           0.206689
2026-07-19 14:09:05,084 -   Val/Test Loss:        0.204114
2026-07-19 14:09:05,085 -   Train Bal.Accuracy:   0.673481
2026-07-19 14:09:05,086 -   Val/Test Bal.Accuracy:0.676845
2026-07-19 14:09:05,087 -   Loss gap:             0.002574
2026-07-19 14:09:05,088 -   Accuracy gap:         -0.003364
2026-07-19 14:09:05,089 -   Epoch time:           1.36 sec
2026-07-19 14:09:05,090 - 
--- EPOCH 3/1000 ---
2026-07-19 14:09:05,091 - Starting epoch 3
2026-07-19 14:09:06,446 - Epoch 3 results:
2026-07-19 14:09:06,447 -   Train Loss:           0.206113
2026-07-19 14:09:06,448 -   Val/Test Loss:        0.203585
2026-07-19 14:09:06,449 -   Train Bal.Accuracy:   0.683477
2026-07-19 14:09:06,450 -   Val/Test Bal.Accuracy:0.687038
2026-07-19 14:09:06,451 -   Loss gap:             0.002528
2026-07-19 14:09:06,452 -   Accuracy gap:         -0.003562
2026-07-19 14:09:06,453 -   Epoch time:           1.36 sec
2026-07-19 14:09:06,453 - 
--- EPOCH 4/1000 ---
2026-07-19 14:09:06,455 - Starting epoch 4
2026-07-19 14:09:07,969 - Epoch 4 results:
2026-07-19 14:09:07,970 -   Train Loss:           0.205745
2026-07-19 14:09:07,970 -   Val/Test Loss:        0.203248
2026-07-19 14:09:07,972 -   Train Bal.Accuracy:   0.690987
2026-07-19 14:09:07,973 -   Val/Test Bal.Accuracy:0.694313
2026-07-19 14:09:07,973 -   Loss gap:             0.002496
2026-07-19 14:09:07,974 -   Accuracy gap:         -0.003325
2026-07-19 14:09:07,975 -   Epoch time:           1.52 sec
2026-07-19 14:09:07,976 - 
--- EPOCH 5/1000 ---
2026-07-19 14:09:07,976 - Starting epoch 5
2026-07-19 14:09:09,489 - Epoch 5 results:
2026-07-19 14:09:09,490 -   Train Loss:           0.205492
2026-07-19 14:09:09,491 -   Val/Test Loss:        0.203020
2026-07-19 14:09:09,491 -   Train Bal.Accuracy:   0.696130
2026-07-19 14:09:09,492 -   Val/Test Bal.Accuracy:0.699134
2026-07-19 14:09:09,494 -   Loss gap:             0.002472
2026-07-19 14:09:09,494 -   Accuracy gap:         -0.003004
2026-07-19 14:09:09,495 -   Epoch time:           1.51 sec
2026-07-19 14:09:09,496 - 
--- EPOCH 6/1000 ---
2026-07-19 14:09:09,497 - Starting epoch 6
2026-07-19 14:09:11,270 - Epoch 6 results:
2026-07-19 14:09:11,272 -   Train Loss:           0.205311
2026-07-19 14:09:11,274 -   Val/Test Loss:        0.202859
2026-07-19 14:09:11,275 -   Train Bal.Accuracy:   0.700107
2026-07-19 14:09:11,277 -   Val/Test Bal.Accuracy:0.702693
2026-07-19 14:09:11,278 -   Loss gap:             0.002452
2026-07-19 14:09:11,279 -   Accuracy gap:         -0.002586
2026-07-19 14:09:11,281 -   Epoch time:           1.77 sec
2026-07-19 14:09:11,282 - 
--- EPOCH 7/1000 ---
2026-07-19 14:09:11,283 - Starting epoch 7
2026-07-19 14:09:13,520 - Epoch 7 results:
2026-07-19 14:09:13,522 -   Train Loss:           0.205178
2026-07-19 14:09:13,523 -   Val/Test Loss:        0.202742
2026-07-19 14:09:13,525 -   Train Bal.Accuracy:   0.702846
2026-07-19 14:09:13,526 -   Val/Test Bal.Accuracy:0.705983
2026-07-19 14:09:13,527 -   Loss gap:             0.002436
2026-07-19 14:09:13,528 -   Accuracy gap:         -0.003137
2026-07-19 14:09:13,530 -   Epoch time:           2.24 sec
2026-07-19 14:09:13,531 - 
--- EPOCH 8/1000 ---
2026-07-19 14:09:13,532 - Starting epoch 8
2026-07-19 14:09:15,704 - Epoch 8 results:
2026-07-19 14:09:15,705 -   Train Loss:           0.205077
2026-07-19 14:09:15,705 -   Val/Test Loss:        0.202655
2026-07-19 14:09:15,706 -   Train Bal.Accuracy:   0.704834
2026-07-19 14:09:15,707 -   Val/Test Bal.Accuracy:0.708208
2026-07-19 14:09:15,708 -   Loss gap:             0.002422
2026-07-19 14:09:15,709 -   Accuracy gap:         -0.003374
2026-07-19 14:09:15,710 -   Epoch time:           2.17 sec
2026-07-19 14:09:15,711 - 
--- EPOCH 9/1000 ---
2026-07-19 14:09:15,712 - Starting epoch 9
2026-07-19 14:09:17,735 - Epoch 9 results:
2026-07-19 14:09:17,736 -   Train Loss:           0.204999
2026-07-19 14:09:17,737 -   Val/Test Loss:        0.202588
2026-07-19 14:09:17,739 -   Train Bal.Accuracy:   0.706446
2026-07-19 14:09:17,740 -   Val/Test Bal.Accuracy:0.710147
2026-07-19 14:09:17,741 -   Loss gap:             0.002411
2026-07-19 14:09:17,742 -   Accuracy gap:         -0.003701
2026-07-19 14:09:17,744 -   Epoch time:           2.02 sec
2026-07-19 14:09:17,745 - 
--- EPOCH 10/1000 ---
2026-07-19 14:09:17,746 - Starting epoch 10
2026-07-19 14:09:19,803 - Epoch 10 results:
2026-07-19 14:09:19,804 -   Train Loss:           0.204938
2026-07-19 14:09:19,805 -   Val/Test Loss:        0.202535
2026-07-19 14:09:19,807 -   Train Bal.Accuracy:   0.707630
2026-07-19 14:09:19,807 -   Val/Test Bal.Accuracy:0.711521
2026-07-19 14:09:19,808 -   Loss gap:             0.002402
2026-07-19 14:09:19,809 -   Accuracy gap:         -0.003891
2026-07-19 14:09:19,810 -   Epoch time:           2.06 sec
2026-07-19 14:09:19,811 - 
--- EPOCH 11/1000 ---
2026-07-19 14:09:19,811 - Starting epoch 11
2026-07-19 14:09:21,797 - Epoch 11 results:
2026-07-19 14:09:21,798 -   Train Loss:           0.204888
2026-07-19 14:09:21,799 -   Val/Test Loss:        0.202494
2026-07-19 14:09:21,800 -   Train Bal.Accuracy:   0.708720
2026-07-19 14:09:21,801 -   Val/Test Bal.Accuracy:0.712367
2026-07-19 14:09:21,802 -   Loss gap:             0.002394
2026-07-19 14:09:21,803 -   Accuracy gap:         -0.003647
2026-07-19 14:09:21,804 -   Epoch time:           1.99 sec
2026-07-19 14:09:21,805 - 
--- EPOCH 12/1000 ---
2026-07-19 14:09:21,806 - Starting epoch 12
2026-07-19 14:09:23,692 - Epoch 12 results:
2026-07-19 14:09:23,693 -   Train Loss:           0.204848
2026-07-19 14:09:23,694 -   Val/Test Loss:        0.202460
2026-07-19 14:09:23,695 -   Train Bal.Accuracy:   0.709650
2026-07-19 14:09:23,696 -   Val/Test Bal.Accuracy:0.713197
2026-07-19 14:09:23,698 -   Loss gap:             0.002388
2026-07-19 14:09:23,700 -   Accuracy gap:         -0.003547
2026-07-19 14:09:23,701 -   Epoch time:           1.89 sec
2026-07-19 14:09:23,702 - 
--- EPOCH 13/1000 ---
2026-07-19 14:09:23,703 - Starting epoch 13
2026-07-19 14:09:25,897 - Epoch 13 results:
2026-07-19 14:09:25,899 -   Train Loss:           0.204815
2026-07-19 14:09:25,901 -   Val/Test Loss:        0.202433
2026-07-19 14:09:25,902 -   Train Bal.Accuracy:   0.710450
2026-07-19 14:09:25,904 -   Val/Test Bal.Accuracy:0.713707
2026-07-19 14:09:25,906 -   Loss gap:             0.002382
2026-07-19 14:09:25,907 -   Accuracy gap:         -0.003256
2026-07-19 14:09:25,909 -   Epoch time:           2.20 sec
2026-07-19 14:09:25,910 - 
--- EPOCH 14/1000 ---
2026-07-19 14:09:25,911 - Starting epoch 14
2026-07-19 14:09:27,577 - Epoch 14 results:
2026-07-19 14:09:27,578 -   Train Loss:           0.204787
2026-07-19 14:09:27,579 -   Val/Test Loss:        0.202410
2026-07-19 14:09:27,581 -   Train Bal.Accuracy:   0.710942
2026-07-19 14:09:27,582 -   Val/Test Bal.Accuracy:0.714526
2026-07-19 14:09:27,582 -   Loss gap:             0.002377
2026-07-19 14:09:27,583 -   Accuracy gap:         -0.003584
2026-07-19 14:09:27,585 -   Epoch time:           1.67 sec
2026-07-19 14:09:27,586 - 
--- EPOCH 15/1000 ---
2026-07-19 14:09:27,587 - Starting epoch 15
2026-07-19 14:09:29,287 - Epoch 15 results:
2026-07-19 14:09:29,288 -   Train Loss:           0.204764
2026-07-19 14:09:29,289 -   Val/Test Loss:        0.202391
2026-07-19 14:09:29,290 -   Train Bal.Accuracy:   0.711581
2026-07-19 14:09:29,292 -   Val/Test Bal.Accuracy:0.714652
2026-07-19 14:09:29,293 -   Loss gap:             0.002373
2026-07-19 14:09:29,294 -   Accuracy gap:         -0.003071
2026-07-19 14:09:29,295 -   Epoch time:           1.70 sec
2026-07-19 14:09:29,296 - 
--- EPOCH 16/1000 ---
2026-07-19 14:09:29,297 - Starting epoch 16
2026-07-19 14:09:31,139 - Epoch 16 results:
2026-07-19 14:09:31,140 -   Train Loss:           0.204744
2026-07-19 14:09:31,141 -   Val/Test Loss:        0.202375
2026-07-19 14:09:31,142 -   Train Bal.Accuracy:   0.711968
2026-07-19 14:09:31,143 -   Val/Test Bal.Accuracy:0.714959
2026-07-19 14:09:31,145 -   Loss gap:             0.002369
2026-07-19 14:09:31,146 -   Accuracy gap:         -0.002991
2026-07-19 14:09:31,146 -   Epoch time:           1.84 sec
2026-07-19 14:09:31,147 - 
--- EPOCH 17/1000 ---
2026-07-19 14:09:31,148 - Starting epoch 17
2026-07-19 14:09:32,854 - Epoch 17 results:
2026-07-19 14:09:32,856 -   Train Loss:           0.204727
2026-07-19 14:09:32,857 -   Val/Test Loss:        0.202361
2026-07-19 14:09:32,858 -   Train Bal.Accuracy:   0.712341
2026-07-19 14:09:32,859 -   Val/Test Bal.Accuracy:0.715335
2026-07-19 14:09:32,860 -   Loss gap:             0.002366
2026-07-19 14:09:32,861 -   Accuracy gap:         -0.002994
2026-07-19 14:09:32,862 -   Epoch time:           1.71 sec
2026-07-19 14:09:32,862 - 
--- EPOCH 18/1000 ---
2026-07-19 14:09:32,863 - Starting epoch 18
2026-07-19 14:09:34,455 - Epoch 18 results:
2026-07-19 14:09:34,456 -   Train Loss:           0.204712
2026-07-19 14:09:34,457 -   Val/Test Loss:        0.202349
2026-07-19 14:09:34,458 -   Train Bal.Accuracy:   0.712537
2026-07-19 14:09:34,459 -   Val/Test Bal.Accuracy:0.715675
2026-07-19 14:09:34,460 -   Loss gap:             0.002363
2026-07-19 14:09:34,461 -   Accuracy gap:         -0.003138
2026-07-19 14:09:34,462 -   Epoch time:           1.59 sec
2026-07-19 14:09:34,462 - 
--- EPOCH 19/1000 ---
2026-07-19 14:09:34,463 - Starting epoch 19
2026-07-19 14:09:36,055 - Epoch 19 results:
2026-07-19 14:09:36,056 -   Train Loss:           0.204698
2026-07-19 14:09:36,057 -   Val/Test Loss:        0.202338
2026-07-19 14:09:36,058 -   Train Bal.Accuracy:   0.712701
2026-07-19 14:09:36,059 -   Val/Test Bal.Accuracy:0.716014
2026-07-19 14:09:36,060 -   Loss gap:             0.002360
2026-07-19 14:09:36,061 -   Accuracy gap:         -0.003313
2026-07-19 14:09:36,062 -   Epoch time:           1.59 sec
2026-07-19 14:09:36,062 - 
--- EPOCH 20/1000 ---
2026-07-19 14:09:36,063 - Starting epoch 20
2026-07-19 14:09:37,629 - Epoch 20 results:
2026-07-19 14:09:37,630 -   Train Loss:           0.204686
2026-07-19 14:09:37,631 -   Val/Test Loss:        0.202329
2026-07-19 14:09:37,632 -   Train Bal.Accuracy:   0.713028
2026-07-19 14:09:37,633 -   Val/Test Bal.Accuracy:0.716448
2026-07-19 14:09:37,634 -   Loss gap:             0.002358
2026-07-19 14:09:37,635 -   Accuracy gap:         -0.003419
2026-07-19 14:09:37,636 -   Epoch time:           1.57 sec
2026-07-19 14:09:37,637 - 
--- EPOCH 21/1000 ---
2026-07-19 14:09:37,638 - Starting epoch 21
2026-07-19 14:09:39,494 - Epoch 21 results:
2026-07-19 14:09:39,495 -   Train Loss:           0.204676
2026-07-19 14:09:39,496 -   Val/Test Loss:        0.202320
2026-07-19 14:09:39,497 -   Train Bal.Accuracy:   0.713074
2026-07-19 14:09:39,498 -   Val/Test Bal.Accuracy:0.716627
2026-07-19 14:09:39,499 -   Loss gap:             0.002356
2026-07-19 14:09:39,500 -   Accuracy gap:         -0.003552
2026-07-19 14:09:39,502 -   Epoch time:           1.86 sec
2026-07-19 14:09:39,503 - 
--- EPOCH 22/1000 ---
2026-07-19 14:09:39,504 - Starting epoch 22
2026-07-19 14:09:41,436 - Epoch 22 results:
2026-07-19 14:09:41,437 -   Train Loss:           0.204666
2026-07-19 14:09:41,439 -   Val/Test Loss:        0.202313
2026-07-19 14:09:41,439 -   Train Bal.Accuracy:   0.713189
2026-07-19 14:09:41,440 -   Val/Test Bal.Accuracy:0.716760
2026-07-19 14:09:41,442 -   Loss gap:             0.002354
2026-07-19 14:09:41,442 -   Accuracy gap:         -0.003571
2026-07-19 14:09:41,443 -   Epoch time:           1.93 sec
2026-07-19 14:09:41,444 - 
--- EPOCH 23/1000 ---
2026-07-19 14:09:41,445 - Starting epoch 23
2026-07-19 14:09:43,159 - Epoch 23 results:
2026-07-19 14:09:43,160 -   Train Loss:           0.204657
2026-07-19 14:09:43,161 -   Val/Test Loss:        0.202306
2026-07-19 14:09:43,162 -   Train Bal.Accuracy:   0.713239
2026-07-19 14:09:43,163 -   Val/Test Bal.Accuracy:0.717028
2026-07-19 14:09:43,164 -   Loss gap:             0.002352
2026-07-19 14:09:43,165 -   Accuracy gap:         -0.003789
2026-07-19 14:09:43,166 -   Epoch time:           1.72 sec
2026-07-19 14:09:43,167 - 
--- EPOCH 24/1000 ---
2026-07-19 14:09:43,168 - Starting epoch 24
2026-07-19 14:09:44,860 - Epoch 24 results:
2026-07-19 14:09:44,861 -   Train Loss:           0.204649
2026-07-19 14:09:44,862 -   Val/Test Loss:        0.202299
2026-07-19 14:09:44,863 -   Train Bal.Accuracy:   0.713340
2026-07-19 14:09:44,864 -   Val/Test Bal.Accuracy:0.717094
2026-07-19 14:09:44,865 -   Loss gap:             0.002350
2026-07-19 14:09:44,866 -   Accuracy gap:         -0.003754
2026-07-19 14:09:44,867 -   Epoch time:           1.69 sec
2026-07-19 14:09:44,868 - 
--- EPOCH 25/1000 ---
2026-07-19 14:09:44,869 - Starting epoch 25
2026-07-19 14:09:46,423 - Epoch 25 results:
2026-07-19 14:09:46,424 -   Train Loss:           0.204642
2026-07-19 14:09:46,425 -   Val/Test Loss:        0.202293
2026-07-19 14:09:46,425 -   Train Bal.Accuracy:   0.713470
2026-07-19 14:09:46,426 -   Val/Test Bal.Accuracy:0.717224
2026-07-19 14:09:46,427 -   Loss gap:             0.002349
2026-07-19 14:09:46,428 -   Accuracy gap:         -0.003754
2026-07-19 14:09:46,430 -   Epoch time:           1.55 sec
2026-07-19 14:09:46,431 - 
--- EPOCH 26/1000 ---
2026-07-19 14:09:46,432 - Starting epoch 26
2026-07-19 14:09:47,899 - Epoch 26 results:
2026-07-19 14:09:47,900 -   Train Loss:           0.204635
2026-07-19 14:09:47,901 -   Val/Test Loss:        0.202288
2026-07-19 14:09:47,903 -   Train Bal.Accuracy:   0.713638
2026-07-19 14:09:47,904 -   Val/Test Bal.Accuracy:0.717193
2026-07-19 14:09:47,905 -   Loss gap:             0.002347
2026-07-19 14:09:47,906 -   Accuracy gap:         -0.003555
2026-07-19 14:09:47,907 -   Epoch time:           1.47 sec
2026-07-19 14:09:47,908 - 
--- EPOCH 27/1000 ---
2026-07-19 14:09:47,908 - Starting epoch 27
2026-07-19 14:09:49,378 - Epoch 27 results:
2026-07-19 14:09:49,379 -   Train Loss:           0.204628
2026-07-19 14:09:49,380 -   Val/Test Loss:        0.202282
2026-07-19 14:09:49,381 -   Train Bal.Accuracy:   0.713671
2026-07-19 14:09:49,382 -   Val/Test Bal.Accuracy:0.717290
2026-07-19 14:09:49,383 -   Loss gap:             0.002346
2026-07-19 14:09:49,383 -   Accuracy gap:         -0.003619
2026-07-19 14:09:49,385 -   Epoch time:           1.47 sec
2026-07-19 14:09:49,385 - 
--- EPOCH 28/1000 ---
2026-07-19 14:09:49,386 - Starting epoch 28
2026-07-19 14:09:50,958 - Epoch 28 results:
2026-07-19 14:09:50,959 -   Train Loss:           0.204622
2026-07-19 14:09:50,959 -   Val/Test Loss:        0.202277
2026-07-19 14:09:50,961 -   Train Bal.Accuracy:   0.713777
2026-07-19 14:09:50,962 -   Val/Test Bal.Accuracy:0.717473
2026-07-19 14:09:50,962 -   Loss gap:             0.002344
2026-07-19 14:09:50,963 -   Accuracy gap:         -0.003696
2026-07-19 14:09:50,964 -   Epoch time:           1.57 sec
2026-07-19 14:09:50,965 - 
--- EPOCH 29/1000 ---
2026-07-19 14:09:50,966 - Starting epoch 29
2026-07-19 14:09:52,573 - Epoch 29 results:
2026-07-19 14:09:52,574 -   Train Loss:           0.204616
2026-07-19 14:09:52,575 -   Val/Test Loss:        0.202273
2026-07-19 14:09:52,576 -   Train Bal.Accuracy:   0.713884
2026-07-19 14:09:52,577 -   Val/Test Bal.Accuracy:0.717738
2026-07-19 14:09:52,578 -   Loss gap:             0.002343
2026-07-19 14:09:52,579 -   Accuracy gap:         -0.003854
2026-07-19 14:09:52,579 -   Epoch time:           1.61 sec
2026-07-19 14:09:52,580 - 
--- EPOCH 30/1000 ---
2026-07-19 14:09:52,581 - Starting epoch 30
2026-07-19 14:09:54,138 - Epoch 30 results:
2026-07-19 14:09:54,139 -   Train Loss:           0.204610
2026-07-19 14:09:54,140 -   Val/Test Loss:        0.202268
2026-07-19 14:09:54,141 -   Train Bal.Accuracy:   0.713917
2026-07-19 14:09:54,143 -   Val/Test Bal.Accuracy:0.717812
2026-07-19 14:09:54,144 -   Loss gap:             0.002342
2026-07-19 14:09:54,145 -   Accuracy gap:         -0.003895
2026-07-19 14:09:54,146 -   Epoch time:           1.56 sec
2026-07-19 14:09:54,147 - 
--- EPOCH 31/1000 ---
2026-07-19 14:09:54,148 - Starting epoch 31
2026-07-19 14:09:55,707 - Epoch 31 results:
2026-07-19 14:09:55,708 -   Train Loss:           0.204605
2026-07-19 14:09:55,708 -   Val/Test Loss:        0.202264
2026-07-19 14:09:55,709 -   Train Bal.Accuracy:   0.713986
2026-07-19 14:09:55,710 -   Val/Test Bal.Accuracy:0.717779
2026-07-19 14:09:55,711 -   Loss gap:             0.002341
2026-07-19 14:09:55,712 -   Accuracy gap:         -0.003793
2026-07-19 14:09:55,713 -   Epoch time:           1.56 sec
2026-07-19 14:09:55,714 - 
--- EPOCH 32/1000 ---
2026-07-19 14:09:55,715 - Starting epoch 32
2026-07-19 14:09:57,423 - Epoch 32 results:
2026-07-19 14:09:57,424 -   Train Loss:           0.204600
2026-07-19 14:09:57,425 -   Val/Test Loss:        0.202260
2026-07-19 14:09:57,427 -   Train Bal.Accuracy:   0.714088
2026-07-19 14:09:57,427 -   Val/Test Bal.Accuracy:0.717893
2026-07-19 14:09:57,429 -   Loss gap:             0.002340
2026-07-19 14:09:57,429 -   Accuracy gap:         -0.003804
2026-07-19 14:09:57,430 -   Epoch time:           1.71 sec
2026-07-19 14:09:57,431 - 
--- EPOCH 33/1000 ---
2026-07-19 14:09:57,432 - Starting epoch 33
2026-07-19 14:09:58,950 - Epoch 33 results:
2026-07-19 14:09:58,951 -   Train Loss:           0.204595
2026-07-19 14:09:58,952 -   Val/Test Loss:        0.202256
2026-07-19 14:09:58,954 -   Train Bal.Accuracy:   0.714229
2026-07-19 14:09:58,955 -   Val/Test Bal.Accuracy:0.717941
2026-07-19 14:09:58,955 -   Loss gap:             0.002339
2026-07-19 14:09:58,956 -   Accuracy gap:         -0.003712
2026-07-19 14:09:58,957 -   Epoch time:           1.52 sec
2026-07-19 14:09:58,958 - 
--- EPOCH 34/1000 ---
2026-07-19 14:09:58,959 - Starting epoch 34
2026-07-19 14:10:00,435 - Epoch 34 results:
2026-07-19 14:10:00,436 -   Train Loss:           0.204590
2026-07-19 14:10:00,437 -   Val/Test Loss:        0.202252
2026-07-19 14:10:00,438 -   Train Bal.Accuracy:   0.714299
2026-07-19 14:10:00,439 -   Val/Test Bal.Accuracy:0.718060
2026-07-19 14:10:00,440 -   Loss gap:             0.002338
2026-07-19 14:10:00,441 -   Accuracy gap:         -0.003761
2026-07-19 14:10:00,442 -   Epoch time:           1.48 sec
2026-07-19 14:10:00,443 - 
--- EPOCH 35/1000 ---
2026-07-19 14:10:00,443 - Starting epoch 35
2026-07-19 14:10:01,951 - Epoch 35 results:
2026-07-19 14:10:01,952 -   Train Loss:           0.204586
2026-07-19 14:10:01,953 -   Val/Test Loss:        0.202248
2026-07-19 14:10:01,954 -   Train Bal.Accuracy:   0.714411
2026-07-19 14:10:01,955 -   Val/Test Bal.Accuracy:0.718125
2026-07-19 14:10:01,956 -   Loss gap:             0.002337
2026-07-19 14:10:01,957 -   Accuracy gap:         -0.003714
2026-07-19 14:10:01,958 -   Epoch time:           1.51 sec
2026-07-19 14:10:01,958 - 
--- EPOCH 36/1000 ---
2026-07-19 14:10:01,959 - Starting epoch 36
2026-07-19 14:10:03,441 - Epoch 36 results:
2026-07-19 14:10:03,442 -   Train Loss:           0.204581
2026-07-19 14:10:03,443 -   Val/Test Loss:        0.202245
2026-07-19 14:10:03,444 -   Train Bal.Accuracy:   0.714491
2026-07-19 14:10:03,445 -   Val/Test Bal.Accuracy:0.718213
2026-07-19 14:10:03,446 -   Loss gap:             0.002337
2026-07-19 14:10:03,446 -   Accuracy gap:         -0.003722
2026-07-19 14:10:03,447 -   Epoch time:           1.48 sec
2026-07-19 14:10:03,448 - 
--- EPOCH 37/1000 ---
2026-07-19 14:10:03,450 - Starting epoch 37
2026-07-19 14:10:04,955 - Epoch 37 results:
2026-07-19 14:10:04,956 -   Train Loss:           0.204577
2026-07-19 14:10:04,957 -   Val/Test Loss:        0.202241
2026-07-19 14:10:04,959 -   Train Bal.Accuracy:   0.714574
2026-07-19 14:10:04,960 -   Val/Test Bal.Accuracy:0.718236
2026-07-19 14:10:04,961 -   Loss gap:             0.002336
2026-07-19 14:10:04,962 -   Accuracy gap:         -0.003662
2026-07-19 14:10:04,963 -   Epoch time:           1.51 sec
2026-07-19 14:10:04,964 - 
--- EPOCH 38/1000 ---
2026-07-19 14:10:04,965 - Starting epoch 38
2026-07-19 14:10:06,410 - Epoch 38 results:
2026-07-19 14:10:06,410 -   Train Loss:           0.204573
2026-07-19 14:10:06,411 -   Val/Test Loss:        0.202238
2026-07-19 14:10:06,412 -   Train Bal.Accuracy:   0.714682
2026-07-19 14:10:06,413 -   Val/Test Bal.Accuracy:0.718421
2026-07-19 14:10:06,414 -   Loss gap:             0.002335
2026-07-19 14:10:06,415 -   Accuracy gap:         -0.003739
2026-07-19 14:10:06,416 -   Epoch time:           1.45 sec
2026-07-19 14:10:06,416 - 
--- EPOCH 39/1000 ---
2026-07-19 14:10:06,417 - Starting epoch 39
2026-07-19 14:10:07,879 - Epoch 39 results:
2026-07-19 14:10:07,880 -   Train Loss:           0.204569
2026-07-19 14:10:07,881 -   Val/Test Loss:        0.202235
2026-07-19 14:10:07,882 -   Train Bal.Accuracy:   0.714746
2026-07-19 14:10:07,883 -   Val/Test Bal.Accuracy:0.718544
2026-07-19 14:10:07,884 -   Loss gap:             0.002334
2026-07-19 14:10:07,885 -   Accuracy gap:         -0.003797
2026-07-19 14:10:07,886 -   Epoch time:           1.46 sec
2026-07-19 14:10:07,887 - 
--- EPOCH 40/1000 ---
2026-07-19 14:10:07,888 - Starting epoch 40
2026-07-19 14:10:09,380 - Epoch 40 results:
2026-07-19 14:10:09,381 -   Train Loss:           0.204565
2026-07-19 14:10:09,381 -   Val/Test Loss:        0.202231
2026-07-19 14:10:09,382 -   Train Bal.Accuracy:   0.714796
2026-07-19 14:10:09,383 -   Val/Test Bal.Accuracy:0.718687
2026-07-19 14:10:09,384 -   Loss gap:             0.002334
2026-07-19 14:10:09,385 -   Accuracy gap:         -0.003891
2026-07-19 14:10:09,386 -   Epoch time:           1.49 sec
2026-07-19 14:10:09,387 - 
--- EPOCH 41/1000 ---
2026-07-19 14:10:09,388 - Starting epoch 41
2026-07-19 14:10:10,854 - Epoch 41 results:
2026-07-19 14:10:10,855 -   Train Loss:           0.204561
2026-07-19 14:10:10,856 -   Val/Test Loss:        0.202228
2026-07-19 14:10:10,857 -   Train Bal.Accuracy:   0.714831
2026-07-19 14:10:10,858 -   Val/Test Bal.Accuracy:0.718769
2026-07-19 14:10:10,859 -   Loss gap:             0.002333
2026-07-19 14:10:10,860 -   Accuracy gap:         -0.003938
2026-07-19 14:10:10,861 -   Epoch time:           1.47 sec
2026-07-19 14:10:10,862 - 
--- EPOCH 42/1000 ---
2026-07-19 14:10:10,863 - Starting epoch 42
2026-07-19 14:10:12,441 - Epoch 42 results:
2026-07-19 14:10:12,442 -   Train Loss:           0.204558
2026-07-19 14:10:12,443 -   Val/Test Loss:        0.202225
2026-07-19 14:10:12,444 -   Train Bal.Accuracy:   0.714925
2026-07-19 14:10:12,446 -   Val/Test Bal.Accuracy:0.718937
2026-07-19 14:10:12,447 -   Loss gap:             0.002332
2026-07-19 14:10:12,448 -   Accuracy gap:         -0.004012
2026-07-19 14:10:12,449 -   Epoch time:           1.58 sec
2026-07-19 14:10:12,450 - 
--- EPOCH 43/1000 ---
2026-07-19 14:10:12,451 - Starting epoch 43
2026-07-19 14:10:14,112 - Epoch 43 results:
2026-07-19 14:10:14,113 -   Train Loss:           0.204554
2026-07-19 14:10:14,114 -   Val/Test Loss:        0.202222
2026-07-19 14:10:14,115 -   Train Bal.Accuracy:   0.714983
2026-07-19 14:10:14,116 -   Val/Test Bal.Accuracy:0.719065
2026-07-19 14:10:14,117 -   Loss gap:             0.002332
2026-07-19 14:10:14,118 -   Accuracy gap:         -0.004082
2026-07-19 14:10:14,120 -   Epoch time:           1.66 sec
2026-07-19 14:10:14,121 - 
--- EPOCH 44/1000 ---
2026-07-19 14:10:14,123 - Starting epoch 44
2026-07-19 14:10:16,007 - Epoch 44 results:
2026-07-19 14:10:16,008 -   Train Loss:           0.204551
2026-07-19 14:10:16,009 -   Val/Test Loss:        0.202220
2026-07-19 14:10:16,010 -   Train Bal.Accuracy:   0.715070
2026-07-19 14:10:16,012 -   Val/Test Bal.Accuracy:0.719145
2026-07-19 14:10:16,013 -   Loss gap:             0.002331
2026-07-19 14:10:16,014 -   Accuracy gap:         -0.004076
2026-07-19 14:10:16,015 -   Epoch time:           1.89 sec
2026-07-19 14:10:16,016 - 
--- EPOCH 45/1000 ---
2026-07-19 14:10:16,017 - Starting epoch 45
2026-07-19 14:10:17,965 - Epoch 45 results:
2026-07-19 14:10:17,966 -   Train Loss:           0.204547
2026-07-19 14:10:17,967 -   Val/Test Loss:        0.202217
2026-07-19 14:10:17,969 -   Train Bal.Accuracy:   0.715097
2026-07-19 14:10:17,970 -   Val/Test Bal.Accuracy:0.719186
2026-07-19 14:10:17,971 -   Loss gap:             0.002331
2026-07-19 14:10:17,973 -   Accuracy gap:         -0.004089
2026-07-19 14:10:17,974 -   Epoch time:           1.95 sec
2026-07-19 14:10:17,975 - 
--- EPOCH 46/1000 ---
2026-07-19 14:10:17,976 - Starting epoch 46
2026-07-19 14:10:19,761 - Epoch 46 results:
2026-07-19 14:10:19,762 -   Train Loss:           0.204544
2026-07-19 14:10:19,763 -   Val/Test Loss:        0.202214
2026-07-19 14:10:19,765 -   Train Bal.Accuracy:   0.715285
2026-07-19 14:10:19,766 -   Val/Test Bal.Accuracy:0.719196
2026-07-19 14:10:19,768 -   Loss gap:             0.002330
2026-07-19 14:10:19,770 -   Accuracy gap:         -0.003911
2026-07-19 14:10:19,771 -   Epoch time:           1.79 sec
2026-07-19 14:10:19,772 - 
--- EPOCH 47/1000 ---
2026-07-19 14:10:19,773 - Starting epoch 47
2026-07-19 14:10:21,588 - Epoch 47 results:
2026-07-19 14:10:21,589 -   Train Loss:           0.204541
2026-07-19 14:10:21,590 -   Val/Test Loss:        0.202211
2026-07-19 14:10:21,591 -   Train Bal.Accuracy:   0.715386
2026-07-19 14:10:21,592 -   Val/Test Bal.Accuracy:0.719129
2026-07-19 14:10:21,593 -   Loss gap:             0.002330
2026-07-19 14:10:21,594 -   Accuracy gap:         -0.003743
2026-07-19 14:10:21,595 -   Epoch time:           1.82 sec
2026-07-19 14:10:21,596 - 
--- EPOCH 48/1000 ---
2026-07-19 14:10:21,597 - Starting epoch 48
2026-07-19 14:10:23,237 - Epoch 48 results:
2026-07-19 14:10:23,238 -   Train Loss:           0.204538
2026-07-19 14:10:23,239 -   Val/Test Loss:        0.202209
2026-07-19 14:10:23,241 -   Train Bal.Accuracy:   0.715468
2026-07-19 14:10:23,242 -   Val/Test Bal.Accuracy:0.719131
2026-07-19 14:10:23,243 -   Loss gap:             0.002329
2026-07-19 14:10:23,244 -   Accuracy gap:         -0.003663
2026-07-19 14:10:23,245 -   Epoch time:           1.64 sec
2026-07-19 14:10:23,246 - 
--- EPOCH 49/1000 ---
2026-07-19 14:10:23,247 - Starting epoch 49
2026-07-19 14:10:24,937 - Epoch 49 results:
2026-07-19 14:10:24,939 -   Train Loss:           0.204535
2026-07-19 14:10:24,939 -   Val/Test Loss:        0.202206
2026-07-19 14:10:24,941 -   Train Bal.Accuracy:   0.715539
2026-07-19 14:10:24,941 -   Val/Test Bal.Accuracy:0.719255
2026-07-19 14:10:24,943 -   Loss gap:             0.002329
2026-07-19 14:10:24,943 -   Accuracy gap:         -0.003716
2026-07-19 14:10:24,945 -   Epoch time:           1.69 sec
2026-07-19 14:10:24,946 - 
--- EPOCH 50/1000 ---
2026-07-19 14:10:24,946 - Starting epoch 50
2026-07-19 14:10:26,434 - Epoch 50 results:
2026-07-19 14:10:26,435 -   Train Loss:           0.204532
2026-07-19 14:10:26,436 -   Val/Test Loss:        0.202204
2026-07-19 14:10:26,437 -   Train Bal.Accuracy:   0.715609
2026-07-19 14:10:26,438 -   Val/Test Bal.Accuracy:0.719294
2026-07-19 14:10:26,439 -   Loss gap:             0.002328
2026-07-19 14:10:26,440 -   Accuracy gap:         -0.003685
2026-07-19 14:10:26,441 -   Epoch time:           1.49 sec
2026-07-19 14:10:26,442 - 
--- EPOCH 51/1000 ---
2026-07-19 14:10:26,443 - Starting epoch 51
2026-07-19 14:10:27,891 - Epoch 51 results:
2026-07-19 14:10:27,892 -   Train Loss:           0.204529
2026-07-19 14:10:27,893 -   Val/Test Loss:        0.202202
2026-07-19 14:10:27,895 -   Train Bal.Accuracy:   0.715675
2026-07-19 14:10:27,896 -   Val/Test Bal.Accuracy:0.719339
2026-07-19 14:10:27,896 -   Loss gap:             0.002328
2026-07-19 14:10:27,897 -   Accuracy gap:         -0.003664
2026-07-19 14:10:27,898 -   Epoch time:           1.45 sec
2026-07-19 14:10:27,899 - 
--- EPOCH 52/1000 ---
2026-07-19 14:10:27,899 - Starting epoch 52
2026-07-19 14:10:29,370 - Epoch 52 results:
2026-07-19 14:10:29,371 -   Train Loss:           0.204527
2026-07-19 14:10:29,371 -   Val/Test Loss:        0.202199
2026-07-19 14:10:29,372 -   Train Bal.Accuracy:   0.715775
2026-07-19 14:10:29,373 -   Val/Test Bal.Accuracy:0.719455
2026-07-19 14:10:29,374 -   Loss gap:             0.002327
2026-07-19 14:10:29,375 -   Accuracy gap:         -0.003681
2026-07-19 14:10:29,376 -   Epoch time:           1.47 sec
2026-07-19 14:10:29,377 - 
--- EPOCH 53/1000 ---
2026-07-19 14:10:29,378 - Starting epoch 53
2026-07-19 14:10:30,932 - Epoch 53 results:
2026-07-19 14:10:30,933 -   Train Loss:           0.204524
2026-07-19 14:10:30,934 -   Val/Test Loss:        0.202197
2026-07-19 14:10:30,934 -   Train Bal.Accuracy:   0.715834
2026-07-19 14:10:30,935 -   Val/Test Bal.Accuracy:0.719417
2026-07-19 14:10:30,936 -   Loss gap:             0.002327
2026-07-19 14:10:30,937 -   Accuracy gap:         -0.003583
2026-07-19 14:10:30,938 -   Epoch time:           1.55 sec
2026-07-19 14:10:30,939 - 
--- EPOCH 54/1000 ---
2026-07-19 14:10:30,940 - Starting epoch 54
2026-07-19 14:10:32,454 - Epoch 54 results:
2026-07-19 14:10:32,455 -   Train Loss:           0.204522
2026-07-19 14:10:32,456 -   Val/Test Loss:        0.202195
2026-07-19 14:10:32,457 -   Train Bal.Accuracy:   0.715918
2026-07-19 14:10:32,458 -   Val/Test Bal.Accuracy:0.719446
2026-07-19 14:10:32,459 -   Loss gap:             0.002327
2026-07-19 14:10:32,459 -   Accuracy gap:         -0.003528
2026-07-19 14:10:32,460 -   Epoch time:           1.51 sec
2026-07-19 14:10:32,461 - 
--- EPOCH 55/1000 ---
2026-07-19 14:10:32,462 - Starting epoch 55
2026-07-19 14:10:33,958 - Epoch 55 results:
2026-07-19 14:10:33,959 -   Train Loss:           0.204519
2026-07-19 14:10:33,960 -   Val/Test Loss:        0.202193
2026-07-19 14:10:33,961 -   Train Bal.Accuracy:   0.716048
2026-07-19 14:10:33,961 -   Val/Test Bal.Accuracy:0.719563
2026-07-19 14:10:33,963 -   Loss gap:             0.002326
2026-07-19 14:10:33,963 -   Accuracy gap:         -0.003515
2026-07-19 14:10:33,964 -   Epoch time:           1.50 sec
2026-07-19 14:10:33,965 - 
--- EPOCH 56/1000 ---
2026-07-19 14:10:33,966 - Starting epoch 56
2026-07-19 14:10:35,453 - Epoch 56 results:
2026-07-19 14:10:35,454 -   Train Loss:           0.204517
2026-07-19 14:10:35,455 -   Val/Test Loss:        0.202191
2026-07-19 14:10:35,456 -   Train Bal.Accuracy:   0.716075
2026-07-19 14:10:35,457 -   Val/Test Bal.Accuracy:0.719621
2026-07-19 14:10:35,458 -   Loss gap:             0.002326
2026-07-19 14:10:35,459 -   Accuracy gap:         -0.003546
2026-07-19 14:10:35,460 -   Epoch time:           1.49 sec
2026-07-19 14:10:35,460 - 
--- EPOCH 57/1000 ---
2026-07-19 14:10:35,461 - Starting epoch 57
2026-07-19 14:10:36,956 - Epoch 57 results:
2026-07-19 14:10:36,957 -   Train Loss:           0.204514
2026-07-19 14:10:36,958 -   Val/Test Loss:        0.202189
2026-07-19 14:10:36,959 -   Train Bal.Accuracy:   0.716155
2026-07-19 14:10:36,960 -   Val/Test Bal.Accuracy:0.719736
2026-07-19 14:10:36,961 -   Loss gap:             0.002326
2026-07-19 14:10:36,962 -   Accuracy gap:         -0.003581
2026-07-19 14:10:36,963 -   Epoch time:           1.50 sec
2026-07-19 14:10:36,963 - 
--- EPOCH 58/1000 ---
2026-07-19 14:10:36,964 - Starting epoch 58
2026-07-19 14:10:38,465 - Epoch 58 results:
2026-07-19 14:10:38,466 -   Train Loss:           0.204512
2026-07-19 14:10:38,466 -   Val/Test Loss:        0.202187
2026-07-19 14:10:38,467 -   Train Bal.Accuracy:   0.716217
2026-07-19 14:10:38,468 -   Val/Test Bal.Accuracy:0.719867
2026-07-19 14:10:38,469 -   Loss gap:             0.002325
2026-07-19 14:10:38,470 -   Accuracy gap:         -0.003651
2026-07-19 14:10:38,471 -   Epoch time:           1.50 sec
2026-07-19 14:10:38,472 - 
--- EPOCH 59/1000 ---
2026-07-19 14:10:38,474 - Starting epoch 59
2026-07-19 14:10:39,949 - Epoch 59 results:
2026-07-19 14:10:39,950 -   Train Loss:           0.204510
2026-07-19 14:10:39,951 -   Val/Test Loss:        0.202185
2026-07-19 14:10:39,952 -   Train Bal.Accuracy:   0.716294
2026-07-19 14:10:39,953 -   Val/Test Bal.Accuracy:0.719937
2026-07-19 14:10:39,954 -   Loss gap:             0.002325
2026-07-19 14:10:39,955 -   Accuracy gap:         -0.003643
2026-07-19 14:10:39,956 -   Epoch time:           1.48 sec
2026-07-19 14:10:39,957 - 
--- EPOCH 60/1000 ---
2026-07-19 14:10:39,958 - Starting epoch 60
2026-07-19 14:10:41,462 - Epoch 60 results:
2026-07-19 14:10:41,463 -   Train Loss:           0.204507
2026-07-19 14:10:41,464 -   Val/Test Loss:        0.202183
2026-07-19 14:10:41,465 -   Train Bal.Accuracy:   0.716409
2026-07-19 14:10:41,466 -   Val/Test Bal.Accuracy:0.720003
2026-07-19 14:10:41,467 -   Loss gap:             0.002325
2026-07-19 14:10:41,467 -   Accuracy gap:         -0.003594
2026-07-19 14:10:41,469 -   Epoch time:           1.50 sec
2026-07-19 14:10:41,470 - 
--- EPOCH 61/1000 ---
2026-07-19 14:10:41,471 - Starting epoch 61
2026-07-19 14:10:42,906 - Epoch 61 results:
2026-07-19 14:10:42,907 -   Train Loss:           0.204505
2026-07-19 14:10:42,908 -   Val/Test Loss:        0.202181
2026-07-19 14:10:42,909 -   Train Bal.Accuracy:   0.716422
2026-07-19 14:10:42,910 -   Val/Test Bal.Accuracy:0.720035
2026-07-19 14:10:42,911 -   Loss gap:             0.002324
2026-07-19 14:10:42,912 -   Accuracy gap:         -0.003613
2026-07-19 14:10:42,913 -   Epoch time:           1.44 sec
2026-07-19 14:10:42,914 - 
--- EPOCH 62/1000 ---
2026-07-19 14:10:42,915 - Starting epoch 62
2026-07-19 14:10:44,393 - Epoch 62 results:
2026-07-19 14:10:44,394 -   Train Loss:           0.204503
2026-07-19 14:10:44,395 -   Val/Test Loss:        0.202179
2026-07-19 14:10:44,396 -   Train Bal.Accuracy:   0.716491
2026-07-19 14:10:44,396 -   Val/Test Bal.Accuracy:0.720101
2026-07-19 14:10:44,397 -   Loss gap:             0.002324
2026-07-19 14:10:44,398 -   Accuracy gap:         -0.003610
2026-07-19 14:10:44,399 -   Epoch time:           1.48 sec
2026-07-19 14:10:44,400 - 
--- EPOCH 63/1000 ---
2026-07-19 14:10:44,401 - Starting epoch 63
2026-07-19 14:10:45,899 - Epoch 63 results:
2026-07-19 14:10:45,900 -   Train Loss:           0.204501
2026-07-19 14:10:45,901 -   Val/Test Loss:        0.202177
2026-07-19 14:10:45,902 -   Train Bal.Accuracy:   0.716531
2026-07-19 14:10:45,903 -   Val/Test Bal.Accuracy:0.720189
2026-07-19 14:10:45,904 -   Loss gap:             0.002324
2026-07-19 14:10:45,905 -   Accuracy gap:         -0.003658
2026-07-19 14:10:45,905 -   Epoch time:           1.50 sec
2026-07-19 14:10:45,906 - 
--- EPOCH 64/1000 ---
2026-07-19 14:10:45,907 - Starting epoch 64
2026-07-19 14:10:47,411 - Epoch 64 results:
2026-07-19 14:10:47,412 -   Train Loss:           0.204499
2026-07-19 14:10:47,413 -   Val/Test Loss:        0.202176
2026-07-19 14:10:47,414 -   Train Bal.Accuracy:   0.716623
2026-07-19 14:10:47,414 -   Val/Test Bal.Accuracy:0.720204
2026-07-19 14:10:47,415 -   Loss gap:             0.002323
2026-07-19 14:10:47,416 -   Accuracy gap:         -0.003582
2026-07-19 14:10:47,417 -   Epoch time:           1.50 sec
2026-07-19 14:10:47,418 - 
--- EPOCH 65/1000 ---
2026-07-19 14:10:47,419 - Starting epoch 65
2026-07-19 14:10:48,911 - Epoch 65 results:
2026-07-19 14:10:48,912 -   Train Loss:           0.204497
2026-07-19 14:10:48,913 -   Val/Test Loss:        0.202174
2026-07-19 14:10:48,913 -   Train Bal.Accuracy:   0.716651
2026-07-19 14:10:48,914 -   Val/Test Bal.Accuracy:0.720241
2026-07-19 14:10:48,915 -   Loss gap:             0.002323
2026-07-19 14:10:48,916 -   Accuracy gap:         -0.003591
2026-07-19 14:10:48,917 -   Epoch time:           1.49 sec
2026-07-19 14:10:48,918 - 
--- EPOCH 66/1000 ---
2026-07-19 14:10:48,919 - Starting epoch 66
2026-07-19 14:10:50,392 - Epoch 66 results:
2026-07-19 14:10:50,393 -   Train Loss:           0.204495
2026-07-19 14:10:50,394 -   Val/Test Loss:        0.202173
2026-07-19 14:10:50,395 -   Train Bal.Accuracy:   0.716682
2026-07-19 14:10:50,396 -   Val/Test Bal.Accuracy:0.720315
2026-07-19 14:10:50,397 -   Loss gap:             0.002323
2026-07-19 14:10:50,398 -   Accuracy gap:         -0.003633
2026-07-19 14:10:50,399 -   Epoch time:           1.47 sec
2026-07-19 14:10:50,400 - 
--- EPOCH 67/1000 ---
2026-07-19 14:10:50,401 - Starting epoch 67
2026-07-19 14:10:51,878 - Epoch 67 results:
2026-07-19 14:10:51,879 -   Train Loss:           0.204494
2026-07-19 14:10:51,880 -   Val/Test Loss:        0.202171
2026-07-19 14:10:51,881 -   Train Bal.Accuracy:   0.716760
2026-07-19 14:10:51,881 -   Val/Test Bal.Accuracy:0.720346
2026-07-19 14:10:51,882 -   Loss gap:             0.002323
2026-07-19 14:10:51,883 -   Accuracy gap:         -0.003586
2026-07-19 14:10:51,884 -   Epoch time:           1.48 sec
2026-07-19 14:10:51,885 - 
--- EPOCH 68/1000 ---
2026-07-19 14:10:51,886 - Starting epoch 68
2026-07-19 14:10:53,372 - Epoch 68 results:
2026-07-19 14:10:53,373 -   Train Loss:           0.204492
2026-07-19 14:10:53,374 -   Val/Test Loss:        0.202169
2026-07-19 14:10:53,375 -   Train Bal.Accuracy:   0.716830
2026-07-19 14:10:53,376 -   Val/Test Bal.Accuracy:0.720371
2026-07-19 14:10:53,377 -   Loss gap:             0.002322
2026-07-19 14:10:53,378 -   Accuracy gap:         -0.003541
2026-07-19 14:10:53,379 -   Epoch time:           1.49 sec
2026-07-19 14:10:53,380 - 
--- EPOCH 69/1000 ---
2026-07-19 14:10:53,381 - Starting epoch 69
2026-07-19 14:10:54,905 - Epoch 69 results:
2026-07-19 14:10:54,907 -   Train Loss:           0.204490
2026-07-19 14:10:54,908 -   Val/Test Loss:        0.202168
2026-07-19 14:10:54,909 -   Train Bal.Accuracy:   0.716831
2026-07-19 14:10:54,910 -   Val/Test Bal.Accuracy:0.720398
2026-07-19 14:10:54,910 -   Loss gap:             0.002322
2026-07-19 14:10:54,911 -   Accuracy gap:         -0.003568
2026-07-19 14:10:54,912 -   Epoch time:           1.53 sec
2026-07-19 14:10:54,913 - 
--- EPOCH 70/1000 ---
2026-07-19 14:10:54,914 - Starting epoch 70
2026-07-19 14:10:56,410 - Epoch 70 results:
2026-07-19 14:10:56,411 -   Train Loss:           0.204488
2026-07-19 14:10:56,412 -   Val/Test Loss:        0.202167
2026-07-19 14:10:56,412 -   Train Bal.Accuracy:   0.716909
2026-07-19 14:10:56,413 -   Val/Test Bal.Accuracy:0.720414
2026-07-19 14:10:56,414 -   Loss gap:             0.002322
2026-07-19 14:10:56,415 -   Accuracy gap:         -0.003505
2026-07-19 14:10:56,416 -   Epoch time:           1.50 sec
2026-07-19 14:10:56,417 - 
--- EPOCH 71/1000 ---
2026-07-19 14:10:56,418 - Starting epoch 71
2026-07-19 14:10:57,885 - Epoch 71 results:
2026-07-19 14:10:57,886 -   Train Loss:           0.204487
2026-07-19 14:10:57,887 -   Val/Test Loss:        0.202165
2026-07-19 14:10:57,888 -   Train Bal.Accuracy:   0.716964
2026-07-19 14:10:57,888 -   Val/Test Bal.Accuracy:0.720482
2026-07-19 14:10:57,890 -   Loss gap:             0.002322
2026-07-19 14:10:57,890 -   Accuracy gap:         -0.003518
2026-07-19 14:10:57,891 -   Epoch time:           1.47 sec
2026-07-19 14:10:57,892 - 
--- EPOCH 72/1000 ---
2026-07-19 14:10:57,893 - Starting epoch 72
2026-07-19 14:10:59,417 - Epoch 72 results:
2026-07-19 14:10:59,419 -   Train Loss:           0.204485
2026-07-19 14:10:59,419 -   Val/Test Loss:        0.202164
2026-07-19 14:10:59,420 -   Train Bal.Accuracy:   0.717013
2026-07-19 14:10:59,421 -   Val/Test Bal.Accuracy:0.720482
2026-07-19 14:10:59,422 -   Loss gap:             0.002321
2026-07-19 14:10:59,423 -   Accuracy gap:         -0.003469
2026-07-19 14:10:59,424 -   Epoch time:           1.53 sec
2026-07-19 14:10:59,425 - 
--- EPOCH 73/1000 ---
2026-07-19 14:10:59,426 - Starting epoch 73
2026-07-19 14:11:00,921 - Epoch 73 results:
2026-07-19 14:11:00,922 -   Train Loss:           0.204484
2026-07-19 14:11:00,923 -   Val/Test Loss:        0.202162
2026-07-19 14:11:00,924 -   Train Bal.Accuracy:   0.717008
2026-07-19 14:11:00,925 -   Val/Test Bal.Accuracy:0.720482
2026-07-19 14:11:00,925 -   Loss gap:             0.002321
2026-07-19 14:11:00,926 -   Accuracy gap:         -0.003474
2026-07-19 14:11:00,927 -   Epoch time:           1.50 sec
2026-07-19 14:11:00,928 - 
--- EPOCH 74/1000 ---
2026-07-19 14:11:00,929 - Starting epoch 74
2026-07-19 14:11:02,420 - Epoch 74 results:
2026-07-19 14:11:02,421 -   Train Loss:           0.204482
2026-07-19 14:11:02,422 -   Val/Test Loss:        0.202161
2026-07-19 14:11:02,423 -   Train Bal.Accuracy:   0.717080
2026-07-19 14:11:02,424 -   Val/Test Bal.Accuracy:0.720573
2026-07-19 14:11:02,425 -   Loss gap:             0.002321
2026-07-19 14:11:02,426 -   Accuracy gap:         -0.003493
2026-07-19 14:11:02,426 -   Epoch time:           1.49 sec
2026-07-19 14:11:02,427 - 
--- EPOCH 75/1000 ---
2026-07-19 14:11:02,428 - Starting epoch 75
2026-07-19 14:11:03,937 - Epoch 75 results:
2026-07-19 14:11:03,938 -   Train Loss:           0.204481
2026-07-19 14:11:03,940 -   Val/Test Loss:        0.202160
2026-07-19 14:11:03,940 -   Train Bal.Accuracy:   0.717148
2026-07-19 14:11:03,941 -   Val/Test Bal.Accuracy:0.720571
2026-07-19 14:11:03,942 -   Loss gap:             0.002321
2026-07-19 14:11:03,943 -   Accuracy gap:         -0.003423
2026-07-19 14:11:03,944 -   Epoch time:           1.51 sec
2026-07-19 14:11:03,945 - 
--- EPOCH 76/1000 ---
2026-07-19 14:11:03,946 - Starting epoch 76
2026-07-19 14:11:05,513 - Epoch 76 results:
2026-07-19 14:11:05,514 -   Train Loss:           0.204479
2026-07-19 14:11:05,515 -   Val/Test Loss:        0.202159
2026-07-19 14:11:05,516 -   Train Bal.Accuracy:   0.717238
2026-07-19 14:11:05,516 -   Val/Test Bal.Accuracy:0.720600
2026-07-19 14:11:05,518 -   Loss gap:             0.002320
2026-07-19 14:11:05,518 -   Accuracy gap:         -0.003362
2026-07-19 14:11:05,519 -   Epoch time:           1.57 sec
2026-07-19 14:11:05,520 - 
--- EPOCH 77/1000 ---
2026-07-19 14:11:05,521 - Starting epoch 77
2026-07-19 14:11:07,027 - Epoch 77 results:
2026-07-19 14:11:07,028 -   Train Loss:           0.204478
2026-07-19 14:11:07,029 -   Val/Test Loss:        0.202158
2026-07-19 14:11:07,030 -   Train Bal.Accuracy:   0.717282
2026-07-19 14:11:07,031 -   Val/Test Bal.Accuracy:0.720686
2026-07-19 14:11:07,031 -   Loss gap:             0.002320
2026-07-19 14:11:07,032 -   Accuracy gap:         -0.003405
2026-07-19 14:11:07,034 -   Epoch time:           1.51 sec
2026-07-19 14:11:07,035 - 
--- EPOCH 78/1000 ---
2026-07-19 14:11:07,036 - Starting epoch 78
2026-07-19 14:11:08,539 - Epoch 78 results:
2026-07-19 14:11:08,540 -   Train Loss:           0.204476
2026-07-19 14:11:08,541 -   Val/Test Loss:        0.202156
2026-07-19 14:11:08,542 -   Train Bal.Accuracy:   0.717356
2026-07-19 14:11:08,542 -   Val/Test Bal.Accuracy:0.720783
2026-07-19 14:11:08,543 -   Loss gap:             0.002320
2026-07-19 14:11:08,544 -   Accuracy gap:         -0.003427
2026-07-19 14:11:08,545 -   Epoch time:           1.50 sec
2026-07-19 14:11:08,546 - 
--- EPOCH 79/1000 ---
2026-07-19 14:11:08,547 - Starting epoch 79
2026-07-19 14:11:10,060 - Epoch 79 results:
2026-07-19 14:11:10,061 -   Train Loss:           0.204475
2026-07-19 14:11:10,061 -   Val/Test Loss:        0.202155
2026-07-19 14:11:10,062 -   Train Bal.Accuracy:   0.717445
2026-07-19 14:11:10,063 -   Val/Test Bal.Accuracy:0.720834
2026-07-19 14:11:10,064 -   Loss gap:             0.002320
2026-07-19 14:11:10,065 -   Accuracy gap:         -0.003389
2026-07-19 14:11:10,066 -   Epoch time:           1.51 sec
2026-07-19 14:11:10,067 - 
--- EPOCH 80/1000 ---
2026-07-19 14:11:10,068 - Starting epoch 80
2026-07-19 14:11:11,551 - Epoch 80 results:
2026-07-19 14:11:11,553 -   Train Loss:           0.204474
2026-07-19 14:11:11,553 -   Val/Test Loss:        0.202154
2026-07-19 14:11:11,555 -   Train Bal.Accuracy:   0.717499
2026-07-19 14:11:11,555 -   Val/Test Bal.Accuracy:0.720853
2026-07-19 14:11:11,557 -   Loss gap:             0.002320
2026-07-19 14:11:11,558 -   Accuracy gap:         -0.003354
2026-07-19 14:11:11,559 -   Epoch time:           1.48 sec
2026-07-19 14:11:11,560 - 
--- EPOCH 81/1000 ---
2026-07-19 14:11:11,561 - Starting epoch 81
2026-07-19 14:11:13,063 - Epoch 81 results:
2026-07-19 14:11:13,064 -   Train Loss:           0.204473
2026-07-19 14:11:13,065 -   Val/Test Loss:        0.202153
2026-07-19 14:11:13,066 -   Train Bal.Accuracy:   0.717573
2026-07-19 14:11:13,067 -   Val/Test Bal.Accuracy:0.720902
2026-07-19 14:11:13,068 -   Loss gap:             0.002320
2026-07-19 14:11:13,069 -   Accuracy gap:         -0.003328
2026-07-19 14:11:13,070 -   Epoch time:           1.50 sec
2026-07-19 14:11:13,071 - 
--- EPOCH 82/1000 ---
2026-07-19 14:11:13,072 - Starting epoch 82
2026-07-19 14:11:14,760 - Epoch 82 results:
2026-07-19 14:11:14,761 -   Train Loss:           0.204471
2026-07-19 14:11:14,762 -   Val/Test Loss:        0.202152
2026-07-19 14:11:14,763 -   Train Bal.Accuracy:   0.717623
2026-07-19 14:11:14,764 -   Val/Test Bal.Accuracy:0.720950
2026-07-19 14:11:14,765 -   Loss gap:             0.002319
2026-07-19 14:11:14,766 -   Accuracy gap:         -0.003327
2026-07-19 14:11:14,767 -   Epoch time:           1.69 sec
2026-07-19 14:11:14,768 - 
--- EPOCH 83/1000 ---
2026-07-19 14:11:14,769 - Starting epoch 83
2026-07-19 14:11:16,814 - Epoch 83 results:
2026-07-19 14:11:16,815 -   Train Loss:           0.204470
2026-07-19 14:11:16,815 -   Val/Test Loss:        0.202151
2026-07-19 14:11:16,816 -   Train Bal.Accuracy:   0.717660
2026-07-19 14:11:16,817 -   Val/Test Bal.Accuracy:0.720979
2026-07-19 14:11:16,819 -   Loss gap:             0.002319
2026-07-19 14:11:16,819 -   Accuracy gap:         -0.003319
2026-07-19 14:11:16,821 -   Epoch time:           2.05 sec
2026-07-19 14:11:16,821 - 
--- EPOCH 84/1000 ---
2026-07-19 14:11:16,822 - Starting epoch 84
2026-07-19 14:11:18,301 - Epoch 84 results:
2026-07-19 14:11:18,302 -   Train Loss:           0.204469
2026-07-19 14:11:18,303 -   Val/Test Loss:        0.202150
2026-07-19 14:11:18,304 -   Train Bal.Accuracy:   0.717679
2026-07-19 14:11:18,305 -   Val/Test Bal.Accuracy:0.721045
2026-07-19 14:11:18,306 -   Loss gap:             0.002319
2026-07-19 14:11:18,307 -   Accuracy gap:         -0.003366
2026-07-19 14:11:18,308 -   Epoch time:           1.48 sec
2026-07-19 14:11:18,309 - 
--- EPOCH 85/1000 ---
2026-07-19 14:11:18,310 - Starting epoch 85
2026-07-19 14:11:19,824 - Epoch 85 results:
2026-07-19 14:11:19,825 -   Train Loss:           0.204468
2026-07-19 14:11:19,826 -   Val/Test Loss:        0.202149
2026-07-19 14:11:19,827 -   Train Bal.Accuracy:   0.717762
2026-07-19 14:11:19,828 -   Val/Test Bal.Accuracy:0.721123
2026-07-19 14:11:19,828 -   Loss gap:             0.002319
2026-07-19 14:11:19,829 -   Accuracy gap:         -0.003361
2026-07-19 14:11:19,830 -   Epoch time:           1.51 sec
2026-07-19 14:11:19,831 - 
--- EPOCH 86/1000 ---
2026-07-19 14:11:19,832 - Starting epoch 86
2026-07-19 14:11:21,440 - Epoch 86 results:
2026-07-19 14:11:21,441 -   Train Loss:           0.204467
2026-07-19 14:11:21,442 -   Val/Test Loss:        0.202148
2026-07-19 14:11:21,443 -   Train Bal.Accuracy:   0.717787
2026-07-19 14:11:21,443 -   Val/Test Bal.Accuracy:0.721200
2026-07-19 14:11:21,444 -   Loss gap:             0.002319
2026-07-19 14:11:21,445 -   Accuracy gap:         -0.003414
2026-07-19 14:11:21,446 -   Epoch time:           1.61 sec
2026-07-19 14:11:21,447 - 
--- EPOCH 87/1000 ---
2026-07-19 14:11:21,448 - Starting epoch 87
2026-07-19 14:11:23,217 - Epoch 87 results:
2026-07-19 14:11:23,218 -   Train Loss:           0.204466
2026-07-19 14:11:23,219 -   Val/Test Loss:        0.202147
2026-07-19 14:11:23,221 -   Train Bal.Accuracy:   0.717811
2026-07-19 14:11:23,222 -   Val/Test Bal.Accuracy:0.721249
2026-07-19 14:11:23,223 -   Loss gap:             0.002318
2026-07-19 14:11:23,224 -   Accuracy gap:         -0.003437
2026-07-19 14:11:23,226 -   Epoch time:           1.77 sec
2026-07-19 14:11:23,227 - 
--- EPOCH 88/1000 ---
2026-07-19 14:11:23,228 - Starting epoch 88
2026-07-19 14:11:26,171 - Epoch 88 results:
2026-07-19 14:11:26,173 -   Train Loss:           0.204465
2026-07-19 14:11:26,174 -   Val/Test Loss:        0.202146
2026-07-19 14:11:26,176 -   Train Bal.Accuracy:   0.717840
2026-07-19 14:11:26,177 -   Val/Test Bal.Accuracy:0.721308
2026-07-19 14:11:26,178 -   Loss gap:             0.002318
2026-07-19 14:11:26,179 -   Accuracy gap:         -0.003467
2026-07-19 14:11:26,180 -   Epoch time:           2.94 sec
2026-07-19 14:11:26,181 - 
--- EPOCH 89/1000 ---
2026-07-19 14:11:26,182 - Starting epoch 89
2026-07-19 14:11:28,500 - Epoch 89 results:
2026-07-19 14:11:28,502 -   Train Loss:           0.204464
2026-07-19 14:11:28,503 -   Val/Test Loss:        0.202145
2026-07-19 14:11:28,505 -   Train Bal.Accuracy:   0.717893
2026-07-19 14:11:28,507 -   Val/Test Bal.Accuracy:0.721414
2026-07-19 14:11:28,508 -   Loss gap:             0.002318
2026-07-19 14:11:28,509 -   Accuracy gap:         -0.003521
2026-07-19 14:11:28,511 -   Epoch time:           2.32 sec
2026-07-19 14:11:28,512 - 
--- EPOCH 90/1000 ---
2026-07-19 14:11:28,514 - Starting epoch 90
2026-07-19 14:11:31,431 - Epoch 90 results:
2026-07-19 14:11:31,432 -   Train Loss:           0.204463
2026-07-19 14:11:31,433 -   Val/Test Loss:        0.202145
2026-07-19 14:11:31,434 -   Train Bal.Accuracy:   0.717918
2026-07-19 14:11:31,436 -   Val/Test Bal.Accuracy:0.721521
2026-07-19 14:11:31,438 -   Loss gap:             0.002318
2026-07-19 14:11:31,439 -   Accuracy gap:         -0.003604
2026-07-19 14:11:31,440 -   Epoch time:           2.92 sec
2026-07-19 14:11:31,441 - 
--- EPOCH 91/1000 ---
2026-07-19 14:11:31,442 - Starting epoch 91
2026-07-19 14:11:33,975 - Epoch 91 results:
2026-07-19 14:11:33,977 -   Train Loss:           0.204462
2026-07-19 14:11:33,978 -   Val/Test Loss:        0.202144
2026-07-19 14:11:33,980 -   Train Bal.Accuracy:   0.717961
2026-07-19 14:11:33,982 -   Val/Test Bal.Accuracy:0.721521
2026-07-19 14:11:33,984 -   Loss gap:             0.002318
2026-07-19 14:11:33,986 -   Accuracy gap:         -0.003560
2026-07-19 14:11:33,987 -   Epoch time:           2.53 sec
2026-07-19 14:11:33,989 - 
--- EPOCH 92/1000 ---
2026-07-19 14:11:33,991 - Starting epoch 92
2026-07-19 14:11:36,510 - Epoch 92 results:
2026-07-19 14:11:36,511 -   Train Loss:           0.204461
2026-07-19 14:11:36,513 -   Val/Test Loss:        0.202143
2026-07-19 14:11:36,514 -   Train Bal.Accuracy:   0.718013
2026-07-19 14:11:36,515 -   Val/Test Bal.Accuracy:0.721550
2026-07-19 14:11:36,515 -   Loss gap:             0.002318
2026-07-19 14:11:36,516 -   Accuracy gap:         -0.003537
2026-07-19 14:11:36,517 -   Epoch time:           2.52 sec
2026-07-19 14:11:36,518 - 
--- EPOCH 93/1000 ---
2026-07-19 14:11:36,520 - Starting epoch 93
2026-07-19 14:11:38,794 - Epoch 93 results:
2026-07-19 14:11:38,796 -   Train Loss:           0.204460
2026-07-19 14:11:38,796 -   Val/Test Loss:        0.202142
2026-07-19 14:11:38,797 -   Train Bal.Accuracy:   0.718049
2026-07-19 14:11:38,798 -   Val/Test Bal.Accuracy:0.721665
2026-07-19 14:11:38,799 -   Loss gap:             0.002318
2026-07-19 14:11:38,800 -   Accuracy gap:         -0.003615
2026-07-19 14:11:38,800 -   Epoch time:           2.28 sec
2026-07-19 14:11:38,801 - 
--- EPOCH 94/1000 ---
2026-07-19 14:11:38,802 - Starting epoch 94
2026-07-19 14:11:40,795 - Epoch 94 results:
2026-07-19 14:11:40,796 -   Train Loss:           0.204459
2026-07-19 14:11:40,798 -   Val/Test Loss:        0.202141
2026-07-19 14:11:40,799 -   Train Bal.Accuracy:   0.718128
2026-07-19 14:11:40,800 -   Val/Test Bal.Accuracy:0.721715
2026-07-19 14:11:40,801 -   Loss gap:             0.002317
2026-07-19 14:11:40,802 -   Accuracy gap:         -0.003587
2026-07-19 14:11:40,803 -   Epoch time:           1.99 sec
2026-07-19 14:11:40,804 - 
--- EPOCH 95/1000 ---
2026-07-19 14:11:40,805 - Starting epoch 95
2026-07-19 14:11:42,266 - Epoch 95 results:
2026-07-19 14:11:42,267 -   Train Loss:           0.204458
2026-07-19 14:11:42,268 -   Val/Test Loss:        0.202141
2026-07-19 14:11:42,269 -   Train Bal.Accuracy:   0.718182
2026-07-19 14:11:42,270 -   Val/Test Bal.Accuracy:0.721802
2026-07-19 14:11:42,271 -   Loss gap:             0.002317
2026-07-19 14:11:42,272 -   Accuracy gap:         -0.003620
2026-07-19 14:11:42,273 -   Epoch time:           1.46 sec
2026-07-19 14:11:42,274 - 
--- EPOCH 96/1000 ---
2026-07-19 14:11:42,275 - Starting epoch 96
2026-07-19 14:11:43,750 - Epoch 96 results:
2026-07-19 14:11:43,751 -   Train Loss:           0.204457
2026-07-19 14:11:43,753 -   Val/Test Loss:        0.202140
2026-07-19 14:11:43,754 -   Train Bal.Accuracy:   0.718219
2026-07-19 14:11:43,755 -   Val/Test Bal.Accuracy:0.721870
2026-07-19 14:11:43,756 -   Loss gap:             0.002317
2026-07-19 14:11:43,757 -   Accuracy gap:         -0.003651
2026-07-19 14:11:43,758 -   Epoch time:           1.48 sec
2026-07-19 14:11:43,758 - 
--- EPOCH 97/1000 ---
2026-07-19 14:11:43,759 - Starting epoch 97
2026-07-19 14:11:45,237 - Epoch 97 results:
2026-07-19 14:11:45,238 -   Train Loss:           0.204456
2026-07-19 14:11:45,239 -   Val/Test Loss:        0.202139
2026-07-19 14:11:45,240 -   Train Bal.Accuracy:   0.718235
2026-07-19 14:11:45,241 -   Val/Test Bal.Accuracy:0.721870
2026-07-19 14:11:45,242 -   Loss gap:             0.002317
2026-07-19 14:11:45,242 -   Accuracy gap:         -0.003635
2026-07-19 14:11:45,244 -   Epoch time:           1.48 sec
2026-07-19 14:11:45,244 - 
--- EPOCH 98/1000 ---
2026-07-19 14:11:45,245 - Starting epoch 98
2026-07-19 14:11:46,725 - Epoch 98 results:
2026-07-19 14:11:46,726 -   Train Loss:           0.204455
2026-07-19 14:11:46,727 -   Val/Test Loss:        0.202139
2026-07-19 14:11:46,728 -   Train Bal.Accuracy:   0.718281
2026-07-19 14:11:46,728 -   Val/Test Bal.Accuracy:0.721958
2026-07-19 14:11:46,729 -   Loss gap:             0.002317
2026-07-19 14:11:46,730 -   Accuracy gap:         -0.003677
2026-07-19 14:11:46,731 -   Epoch time:           1.48 sec
2026-07-19 14:11:46,732 - 
--- EPOCH 99/1000 ---
2026-07-19 14:11:46,733 - Starting epoch 99
2026-07-19 14:11:48,193 - Epoch 99 results:
2026-07-19 14:11:48,194 -   Train Loss:           0.204455
2026-07-19 14:11:48,195 -   Val/Test Loss:        0.202138
2026-07-19 14:11:48,195 -   Train Bal.Accuracy:   0.718314
2026-07-19 14:11:48,196 -   Val/Test Bal.Accuracy:0.721987
2026-07-19 14:11:48,197 -   Loss gap:             0.002317
2026-07-19 14:11:48,198 -   Accuracy gap:         -0.003673
2026-07-19 14:11:48,199 -   Epoch time:           1.46 sec
2026-07-19 14:11:48,200 - 
--- EPOCH 100/1000 ---
2026-07-19 14:11:48,200 - Starting epoch 100
2026-07-19 14:11:49,640 - Epoch 100 results:
2026-07-19 14:11:49,641 -   Train Loss:           0.204454
2026-07-19 14:11:49,642 -   Val/Test Loss:        0.202137
2026-07-19 14:11:49,643 -   Train Bal.Accuracy:   0.718313
2026-07-19 14:11:49,644 -   Val/Test Bal.Accuracy:0.721989
2026-07-19 14:11:49,645 -   Loss gap:             0.002317
2026-07-19 14:11:49,646 -   Accuracy gap:         -0.003676
2026-07-19 14:11:49,647 -   Epoch time:           1.44 sec
2026-07-19 14:11:49,648 - 
--- EPOCH 101/1000 ---
2026-07-19 14:11:49,649 - Starting epoch 101
2026-07-19 14:11:51,087 - Epoch 101 results:
2026-07-19 14:11:51,089 -   Train Loss:           0.204453
2026-07-19 14:11:51,089 -   Val/Test Loss:        0.202137
2026-07-19 14:11:51,090 -   Train Bal.Accuracy:   0.718371
2026-07-19 14:11:51,091 -   Val/Test Bal.Accuracy:0.721947
2026-07-19 14:11:51,092 -   Loss gap:             0.002316
2026-07-19 14:11:51,093 -   Accuracy gap:         -0.003575
2026-07-19 14:11:51,094 -   Epoch time:           1.44 sec
2026-07-19 14:11:51,095 - 
--- EPOCH 102/1000 ---
2026-07-19 14:11:51,095 - Starting epoch 102
2026-07-19 14:11:52,591 - Epoch 102 results:
2026-07-19 14:11:52,592 -   Train Loss:           0.204452
2026-07-19 14:11:52,594 -   Val/Test Loss:        0.202136
2026-07-19 14:11:52,594 -   Train Bal.Accuracy:   0.718425
2026-07-19 14:11:52,595 -   Val/Test Bal.Accuracy:0.721947
2026-07-19 14:11:52,596 -   Loss gap:             0.002316
2026-07-19 14:11:52,597 -   Accuracy gap:         -0.003521
2026-07-19 14:11:52,598 -   Epoch time:           1.50 sec
2026-07-19 14:11:52,599 - 
--- EPOCH 103/1000 ---
2026-07-19 14:11:52,599 - Starting epoch 103
2026-07-19 14:11:54,057 - Epoch 103 results:
2026-07-19 14:11:54,058 -   Train Loss:           0.204452
2026-07-19 14:11:54,059 -   Val/Test Loss:        0.202135
2026-07-19 14:11:54,060 -   Train Bal.Accuracy:   0.718451
2026-07-19 14:11:54,060 -   Val/Test Bal.Accuracy:0.721937
2026-07-19 14:11:54,061 -   Loss gap:             0.002316
2026-07-19 14:11:54,062 -   Accuracy gap:         -0.003486
2026-07-19 14:11:54,063 -   Epoch time:           1.46 sec
2026-07-19 14:11:54,064 - 
--- EPOCH 104/1000 ---
2026-07-19 14:11:54,065 - Starting epoch 104
2026-07-19 14:11:55,507 - Epoch 104 results:
2026-07-19 14:11:55,508 -   Train Loss:           0.204451
2026-07-19 14:11:55,509 -   Val/Test Loss:        0.202135
2026-07-19 14:11:55,510 -   Train Bal.Accuracy:   0.718460
2026-07-19 14:11:55,511 -   Val/Test Bal.Accuracy:0.721926
2026-07-19 14:11:55,512 -   Loss gap:             0.002316
2026-07-19 14:11:55,513 -   Accuracy gap:         -0.003466
2026-07-19 14:11:55,514 -   Epoch time:           1.44 sec
2026-07-19 14:11:55,515 - 
--- EPOCH 105/1000 ---
2026-07-19 14:11:55,515 - Starting epoch 105
2026-07-19 14:11:56,953 - Epoch 105 results:
2026-07-19 14:11:56,954 -   Train Loss:           0.204450
2026-07-19 14:11:56,955 -   Val/Test Loss:        0.202134
2026-07-19 14:11:56,956 -   Train Bal.Accuracy:   0.718469
2026-07-19 14:11:56,957 -   Val/Test Bal.Accuracy:0.721926
2026-07-19 14:11:56,958 -   Loss gap:             0.002316
2026-07-19 14:11:56,959 -   Accuracy gap:         -0.003457
2026-07-19 14:11:56,959 -   Epoch time:           1.44 sec
2026-07-19 14:11:56,960 - 
--- EPOCH 106/1000 ---
2026-07-19 14:11:56,961 - Starting epoch 106
2026-07-19 14:11:58,422 - Epoch 106 results:
2026-07-19 14:11:58,423 -   Train Loss:           0.204450
2026-07-19 14:11:58,424 -   Val/Test Loss:        0.202134
2026-07-19 14:11:58,425 -   Train Bal.Accuracy:   0.718486
2026-07-19 14:11:58,426 -   Val/Test Bal.Accuracy:0.721924
2026-07-19 14:11:58,427 -   Loss gap:             0.002316
2026-07-19 14:11:58,428 -   Accuracy gap:         -0.003438
2026-07-19 14:11:58,429 -   Epoch time:           1.46 sec
2026-07-19 14:11:58,429 - 
--- EPOCH 107/1000 ---
2026-07-19 14:11:58,430 - Starting epoch 107
2026-07-19 14:11:59,878 - Epoch 107 results:
2026-07-19 14:11:59,879 -   Train Loss:           0.204449
2026-07-19 14:11:59,880 -   Val/Test Loss:        0.202133
2026-07-19 14:11:59,881 -   Train Bal.Accuracy:   0.718506
2026-07-19 14:11:59,882 -   Val/Test Bal.Accuracy:0.721924
2026-07-19 14:11:59,884 -   Loss gap:             0.002316
2026-07-19 14:11:59,884 -   Accuracy gap:         -0.003417
2026-07-19 14:11:59,885 -   Epoch time:           1.45 sec
2026-07-19 14:11:59,887 - 
--- EPOCH 108/1000 ---
2026-07-19 14:11:59,888 - Starting epoch 108
2026-07-19 14:12:01,472 - Epoch 108 results:
2026-07-19 14:12:01,473 -   Train Loss:           0.204448
2026-07-19 14:12:01,475 -   Val/Test Loss:        0.202133
2026-07-19 14:12:01,476 -   Train Bal.Accuracy:   0.718531
2026-07-19 14:12:01,477 -   Val/Test Bal.Accuracy:0.721953
2026-07-19 14:12:01,478 -   Loss gap:             0.002316
2026-07-19 14:12:01,478 -   Accuracy gap:         -0.003422
2026-07-19 14:12:01,479 -   Epoch time:           1.59 sec
2026-07-19 14:12:01,480 - 
--- EPOCH 109/1000 ---
2026-07-19 14:12:01,481 - Starting epoch 109
2026-07-19 14:12:03,155 - Epoch 109 results:
2026-07-19 14:12:03,156 -   Train Loss:           0.204448
2026-07-19 14:12:03,157 -   Val/Test Loss:        0.202132
2026-07-19 14:12:03,158 -   Train Bal.Accuracy:   0.718550
2026-07-19 14:12:03,159 -   Val/Test Bal.Accuracy:0.721972
2026-07-19 14:12:03,160 -   Loss gap:             0.002316
2026-07-19 14:12:03,161 -   Accuracy gap:         -0.003422
2026-07-19 14:12:03,161 -   Epoch time:           1.67 sec
2026-07-19 14:12:03,162 - 
--- EPOCH 110/1000 ---
2026-07-19 14:12:03,163 - Starting epoch 110
2026-07-19 14:12:04,735 - Epoch 110 results:
2026-07-19 14:12:04,736 -   Train Loss:           0.204447
2026-07-19 14:12:04,738 -   Val/Test Loss:        0.202132
2026-07-19 14:12:04,739 -   Train Bal.Accuracy:   0.718592
2026-07-19 14:12:04,739 -   Val/Test Bal.Accuracy:0.722001
2026-07-19 14:12:04,741 -   Loss gap:             0.002315
2026-07-19 14:12:04,742 -   Accuracy gap:         -0.003410
2026-07-19 14:12:04,743 -   Epoch time:           1.57 sec
2026-07-19 14:12:04,744 - 
--- EPOCH 111/1000 ---
2026-07-19 14:12:04,744 - Starting epoch 111
2026-07-19 14:12:06,347 - Epoch 111 results:
2026-07-19 14:12:06,348 -   Train Loss:           0.204446
2026-07-19 14:12:06,349 -   Val/Test Loss:        0.202131
2026-07-19 14:12:06,350 -   Train Bal.Accuracy:   0.718604
2026-07-19 14:12:06,351 -   Val/Test Bal.Accuracy:0.722090
2026-07-19 14:12:06,352 -   Loss gap:             0.002315
2026-07-19 14:12:06,353 -   Accuracy gap:         -0.003486
2026-07-19 14:12:06,354 -   Epoch time:           1.60 sec
2026-07-19 14:12:06,355 - 
--- EPOCH 112/1000 ---
2026-07-19 14:12:06,356 - Starting epoch 112
2026-07-19 14:12:07,940 - Epoch 112 results:
2026-07-19 14:12:07,941 -   Train Loss:           0.204446
2026-07-19 14:12:07,942 -   Val/Test Loss:        0.202131
2026-07-19 14:12:07,943 -   Train Bal.Accuracy:   0.718629
2026-07-19 14:12:07,944 -   Val/Test Bal.Accuracy:0.722090
2026-07-19 14:12:07,945 -   Loss gap:             0.002315
2026-07-19 14:12:07,945 -   Accuracy gap:         -0.003461
2026-07-19 14:12:07,946 -   Epoch time:           1.58 sec
2026-07-19 14:12:07,947 - 
--- EPOCH 113/1000 ---
2026-07-19 14:12:07,948 - Starting epoch 113
2026-07-19 14:12:09,526 - Epoch 113 results:
2026-07-19 14:12:09,527 -   Train Loss:           0.204445
2026-07-19 14:12:09,528 -   Val/Test Loss:        0.202130
2026-07-19 14:12:09,529 -   Train Bal.Accuracy:   0.718684
2026-07-19 14:12:09,530 -   Val/Test Bal.Accuracy:0.722086
2026-07-19 14:12:09,530 -   Loss gap:             0.002315
2026-07-19 14:12:09,531 -   Accuracy gap:         -0.003403
2026-07-19 14:12:09,532 -   Epoch time:           1.58 sec
2026-07-19 14:12:09,533 - 
--- EPOCH 114/1000 ---
2026-07-19 14:12:09,534 - Starting epoch 114
2026-07-19 14:12:11,095 - Epoch 114 results:
2026-07-19 14:12:11,096 -   Train Loss:           0.204445
2026-07-19 14:12:11,098 -   Val/Test Loss:        0.202130
2026-07-19 14:12:11,098 -   Train Bal.Accuracy:   0.718704
2026-07-19 14:12:11,099 -   Val/Test Bal.Accuracy:0.722135
2026-07-19 14:12:11,100 -   Loss gap:             0.002315
2026-07-19 14:12:11,101 -   Accuracy gap:         -0.003431
2026-07-19 14:12:11,102 -   Epoch time:           1.56 sec
2026-07-19 14:12:11,103 - 
--- EPOCH 115/1000 ---
2026-07-19 14:12:11,104 - Starting epoch 115
2026-07-19 14:12:12,703 - Epoch 115 results:
2026-07-19 14:12:12,705 -   Train Loss:           0.204444
2026-07-19 14:12:12,706 -   Val/Test Loss:        0.202129
2026-07-19 14:12:12,707 -   Train Bal.Accuracy:   0.718712
2026-07-19 14:12:12,707 -   Val/Test Bal.Accuracy:0.722259
2026-07-19 14:12:12,708 -   Loss gap:             0.002315
2026-07-19 14:12:12,709 -   Accuracy gap:         -0.003547
2026-07-19 14:12:12,710 -   Epoch time:           1.60 sec
2026-07-19 14:12:12,711 - 
--- EPOCH 116/1000 ---
2026-07-19 14:12:12,712 - Starting epoch 116
2026-07-19 14:12:14,324 - Epoch 116 results:
2026-07-19 14:12:14,325 -   Train Loss:           0.204444
2026-07-19 14:12:14,326 -   Val/Test Loss:        0.202129
2026-07-19 14:12:14,327 -   Train Bal.Accuracy:   0.718707
2026-07-19 14:12:14,328 -   Val/Test Bal.Accuracy:0.722327
2026-07-19 14:12:14,329 -   Loss gap:             0.002315
2026-07-19 14:12:14,330 -   Accuracy gap:         -0.003620
2026-07-19 14:12:14,331 -   Epoch time:           1.61 sec
2026-07-19 14:12:14,332 - 
--- EPOCH 117/1000 ---
2026-07-19 14:12:14,333 - Starting epoch 117
2026-07-19 14:12:15,958 - Epoch 117 results:
2026-07-19 14:12:15,959 -   Train Loss:           0.204443
2026-07-19 14:12:15,960 -   Val/Test Loss:        0.202128
2026-07-19 14:12:15,961 -   Train Bal.Accuracy:   0.718736
2026-07-19 14:12:15,962 -   Val/Test Bal.Accuracy:0.722362
2026-07-19 14:12:15,963 -   Loss gap:             0.002315
2026-07-19 14:12:15,964 -   Accuracy gap:         -0.003626
2026-07-19 14:12:15,965 -   Epoch time:           1.63 sec
2026-07-19 14:12:15,966 - 
--- EPOCH 118/1000 ---
2026-07-19 14:12:15,967 - Starting epoch 118
2026-07-19 14:12:17,571 - Epoch 118 results:
2026-07-19 14:12:17,572 -   Train Loss:           0.204443
2026-07-19 14:12:17,573 -   Val/Test Loss:        0.202128
2026-07-19 14:12:17,575 -   Train Bal.Accuracy:   0.718773
2026-07-19 14:12:17,575 -   Val/Test Bal.Accuracy:0.722384
2026-07-19 14:12:17,576 -   Loss gap:             0.002315
2026-07-19 14:12:17,577 -   Accuracy gap:         -0.003611
2026-07-19 14:12:17,579 -   Epoch time:           1.61 sec
2026-07-19 14:12:17,580 - 
--- EPOCH 119/1000 ---
2026-07-19 14:12:17,580 - Starting epoch 119
2026-07-19 14:12:19,179 - Epoch 119 results:
2026-07-19 14:12:19,180 -   Train Loss:           0.204442
2026-07-19 14:12:19,181 -   Val/Test Loss:        0.202128
2026-07-19 14:12:19,182 -   Train Bal.Accuracy:   0.718843
2026-07-19 14:12:19,183 -   Val/Test Bal.Accuracy:0.722384
2026-07-19 14:12:19,184 -   Loss gap:             0.002314
2026-07-19 14:12:19,185 -   Accuracy gap:         -0.003541
2026-07-19 14:12:19,186 -   Epoch time:           1.60 sec
2026-07-19 14:12:19,187 - 
--- EPOCH 120/1000 ---
2026-07-19 14:12:19,188 - Starting epoch 120
2026-07-19 14:12:20,796 - Epoch 120 results:
2026-07-19 14:12:20,797 -   Train Loss:           0.204442
2026-07-19 14:12:20,798 -   Val/Test Loss:        0.202127
2026-07-19 14:12:20,799 -   Train Bal.Accuracy:   0.718864
2026-07-19 14:12:20,800 -   Val/Test Bal.Accuracy:0.722403
2026-07-19 14:12:20,801 -   Loss gap:             0.002314
2026-07-19 14:12:20,802 -   Accuracy gap:         -0.003539
2026-07-19 14:12:20,803 -   Epoch time:           1.61 sec
2026-07-19 14:12:20,804 - 
--- EPOCH 121/1000 ---
2026-07-19 14:12:20,805 - Starting epoch 121
2026-07-19 14:12:22,404 - Epoch 121 results:
2026-07-19 14:12:22,405 -   Train Loss:           0.204441
2026-07-19 14:12:22,406 -   Val/Test Loss:        0.202127
2026-07-19 14:12:22,407 -   Train Bal.Accuracy:   0.718879
2026-07-19 14:12:22,408 -   Val/Test Bal.Accuracy:0.722355
2026-07-19 14:12:22,409 -   Loss gap:             0.002314
2026-07-19 14:12:22,410 -   Accuracy gap:         -0.003476
2026-07-19 14:12:22,411 -   Epoch time:           1.60 sec
2026-07-19 14:12:22,412 - 
--- EPOCH 122/1000 ---
2026-07-19 14:12:22,413 - Starting epoch 122
2026-07-19 14:12:24,118 - Epoch 122 results:
2026-07-19 14:12:24,119 -   Train Loss:           0.204441
2026-07-19 14:12:24,120 -   Val/Test Loss:        0.202126
2026-07-19 14:12:24,121 -   Train Bal.Accuracy:   0.718916
2026-07-19 14:12:24,122 -   Val/Test Bal.Accuracy:0.722355
2026-07-19 14:12:24,123 -   Loss gap:             0.002314
2026-07-19 14:12:24,125 -   Accuracy gap:         -0.003439
2026-07-19 14:12:24,126 -   Epoch time:           1.71 sec
2026-07-19 14:12:24,127 - 
--- EPOCH 123/1000 ---
2026-07-19 14:12:24,128 - Starting epoch 123
2026-07-19 14:12:25,613 - Epoch 123 results:
2026-07-19 14:12:25,614 -   Train Loss:           0.204440
2026-07-19 14:12:25,615 -   Val/Test Loss:        0.202126
2026-07-19 14:12:25,616 -   Train Bal.Accuracy:   0.718936
2026-07-19 14:12:25,617 -   Val/Test Bal.Accuracy:0.722355
2026-07-19 14:12:25,618 -   Loss gap:             0.002314
2026-07-19 14:12:25,619 -   Accuracy gap:         -0.003419
2026-07-19 14:12:25,620 -   Epoch time:           1.49 sec
2026-07-19 14:12:25,621 - 
--- EPOCH 124/1000 ---
2026-07-19 14:12:25,622 - Starting epoch 124
2026-07-19 14:12:27,108 - Epoch 124 results:
2026-07-19 14:12:27,109 -   Train Loss:           0.204440
2026-07-19 14:12:27,110 -   Val/Test Loss:        0.202126
2026-07-19 14:12:27,111 -   Train Bal.Accuracy:   0.718982
2026-07-19 14:12:27,112 -   Val/Test Bal.Accuracy:0.722403
2026-07-19 14:12:27,113 -   Loss gap:             0.002314
2026-07-19 14:12:27,113 -   Accuracy gap:         -0.003422
2026-07-19 14:12:27,114 -   Epoch time:           1.49 sec
2026-07-19 14:12:27,115 - 
--- EPOCH 125/1000 ---
2026-07-19 14:12:27,116 - Starting epoch 125
2026-07-19 14:12:28,690 - Epoch 125 results:
2026-07-19 14:12:28,691 -   Train Loss:           0.204439
2026-07-19 14:12:28,692 -   Val/Test Loss:        0.202125
2026-07-19 14:12:28,694 -   Train Bal.Accuracy:   0.719002
2026-07-19 14:12:28,694 -   Val/Test Bal.Accuracy:0.722452
2026-07-19 14:12:28,696 -   Loss gap:             0.002314
2026-07-19 14:12:28,697 -   Accuracy gap:         -0.003450
2026-07-19 14:12:28,698 -   Epoch time:           1.57 sec
2026-07-19 14:12:28,699 - 
--- EPOCH 126/1000 ---
2026-07-19 14:12:28,701 - Starting epoch 126
2026-07-19 14:12:30,775 - Epoch 126 results:
2026-07-19 14:12:30,776 -   Train Loss:           0.204439
2026-07-19 14:12:30,777 -   Val/Test Loss:        0.202125
2026-07-19 14:12:30,778 -   Train Bal.Accuracy:   0.719026
2026-07-19 14:12:30,779 -   Val/Test Bal.Accuracy:0.722481
2026-07-19 14:12:30,780 -   Loss gap:             0.002314
2026-07-19 14:12:30,781 -   Accuracy gap:         -0.003455
2026-07-19 14:12:30,782 -   Epoch time:           2.08 sec
2026-07-19 14:12:30,783 - 
--- EPOCH 127/1000 ---
2026-07-19 14:12:30,784 - Starting epoch 127
2026-07-19 14:12:32,332 - Epoch 127 results:
2026-07-19 14:12:32,333 -   Train Loss:           0.204438
2026-07-19 14:12:32,334 -   Val/Test Loss:        0.202125
2026-07-19 14:12:32,335 -   Train Bal.Accuracy:   0.719026
2026-07-19 14:12:32,336 -   Val/Test Bal.Accuracy:0.722481
2026-07-19 14:12:32,337 -   Loss gap:             0.002314
2026-07-19 14:12:32,338 -   Accuracy gap:         -0.003455
2026-07-19 14:12:32,339 -   Epoch time:           1.55 sec
2026-07-19 14:12:32,339 - 
--- EPOCH 128/1000 ---
2026-07-19 14:12:32,340 - Starting epoch 128
2026-07-19 14:12:33,943 - Epoch 128 results:
2026-07-19 14:12:33,944 -   Train Loss:           0.204438
2026-07-19 14:12:33,945 -   Val/Test Loss:        0.202124
2026-07-19 14:12:33,946 -   Train Bal.Accuracy:   0.719046
2026-07-19 14:12:33,947 -   Val/Test Bal.Accuracy:0.722500
2026-07-19 14:12:33,948 -   Loss gap:             0.002314
2026-07-19 14:12:33,949 -   Accuracy gap:         -0.003454
2026-07-19 14:12:33,950 -   Epoch time:           1.60 sec
2026-07-19 14:12:33,950 - 
--- EPOCH 129/1000 ---
2026-07-19 14:12:33,951 - Starting epoch 129
2026-07-19 14:12:35,991 - Epoch 129 results:
2026-07-19 14:12:35,992 -   Train Loss:           0.204438
2026-07-19 14:12:35,993 -   Val/Test Loss:        0.202124
2026-07-19 14:12:35,994 -   Train Bal.Accuracy:   0.719075
2026-07-19 14:12:35,995 -   Val/Test Bal.Accuracy:0.722500
2026-07-19 14:12:35,996 -   Loss gap:             0.002314
2026-07-19 14:12:35,997 -   Accuracy gap:         -0.003425
2026-07-19 14:12:35,998 -   Epoch time:           2.04 sec
2026-07-19 14:12:35,998 - 
--- EPOCH 130/1000 ---
2026-07-19 14:12:35,999 - Starting epoch 130
2026-07-19 14:12:37,572 - Epoch 130 results:
2026-07-19 14:12:37,574 -   Train Loss:           0.204437
2026-07-19 14:12:37,574 -   Val/Test Loss:        0.202124
2026-07-19 14:12:37,575 -   Train Bal.Accuracy:   0.719113
2026-07-19 14:12:37,576 -   Val/Test Bal.Accuracy:0.722491
2026-07-19 14:12:37,577 -   Loss gap:             0.002314
2026-07-19 14:12:37,578 -   Accuracy gap:         -0.003378
2026-07-19 14:12:37,579 -   Epoch time:           1.57 sec
2026-07-19 14:12:37,580 - 
--- EPOCH 131/1000 ---
2026-07-19 14:12:37,581 - Starting epoch 131
2026-07-19 14:12:39,452 - Epoch 131 results:
2026-07-19 14:12:39,454 -   Train Loss:           0.204437
2026-07-19 14:12:39,455 -   Val/Test Loss:        0.202123
2026-07-19 14:12:39,456 -   Train Bal.Accuracy:   0.719125
2026-07-19 14:12:39,457 -   Val/Test Bal.Accuracy:0.722551
2026-07-19 14:12:39,458 -   Loss gap:             0.002313
2026-07-19 14:12:39,459 -   Accuracy gap:         -0.003426
2026-07-19 14:12:39,460 -   Epoch time:           1.87 sec
2026-07-19 14:12:39,461 - 
--- EPOCH 132/1000 ---
2026-07-19 14:12:39,462 - Starting epoch 132
2026-07-19 14:12:41,269 - Epoch 132 results:
2026-07-19 14:12:41,270 -   Train Loss:           0.204436
2026-07-19 14:12:41,271 -   Val/Test Loss:        0.202123
2026-07-19 14:12:41,272 -   Train Bal.Accuracy:   0.719154
2026-07-19 14:12:41,273 -   Val/Test Bal.Accuracy:0.722619
2026-07-19 14:12:41,274 -   Loss gap:             0.002313
2026-07-19 14:12:41,275 -   Accuracy gap:         -0.003465
2026-07-19 14:12:41,276 -   Epoch time:           1.81 sec
2026-07-19 14:12:41,276 - 
--- EPOCH 133/1000 ---
2026-07-19 14:12:41,277 - Starting epoch 133
2026-07-19 14:12:43,285 - Epoch 133 results:
2026-07-19 14:12:43,286 -   Train Loss:           0.204436
2026-07-19 14:12:43,286 -   Val/Test Loss:        0.202123
2026-07-19 14:12:43,288 -   Train Bal.Accuracy:   0.719163
2026-07-19 14:12:43,289 -   Val/Test Bal.Accuracy:0.722619
2026-07-19 14:12:43,290 -   Loss gap:             0.002313
2026-07-19 14:12:43,291 -   Accuracy gap:         -0.003456
2026-07-19 14:12:43,292 -   Epoch time:           2.01 sec
2026-07-19 14:12:43,292 - 
--- EPOCH 134/1000 ---
2026-07-19 14:12:43,294 - Starting epoch 134
2026-07-19 14:12:45,016 - Epoch 134 results:
2026-07-19 14:12:45,017 -   Train Loss:           0.204436
2026-07-19 14:12:45,018 -   Val/Test Loss:        0.202123
2026-07-19 14:12:45,019 -   Train Bal.Accuracy:   0.719195
2026-07-19 14:12:45,020 -   Val/Test Bal.Accuracy:0.722621
2026-07-19 14:12:45,021 -   Loss gap:             0.002313
2026-07-19 14:12:45,022 -   Accuracy gap:         -0.003426
2026-07-19 14:12:45,023 -   Epoch time:           1.72 sec
2026-07-19 14:12:45,024 - 
--- EPOCH 135/1000 ---
2026-07-19 14:12:45,025 - Starting epoch 135
2026-07-19 14:12:46,628 - Epoch 135 results:
2026-07-19 14:12:46,629 -   Train Loss:           0.204435
2026-07-19 14:12:46,630 -   Val/Test Loss:        0.202122
2026-07-19 14:12:46,631 -   Train Bal.Accuracy:   0.719194
2026-07-19 14:12:46,632 -   Val/Test Bal.Accuracy:0.722621
2026-07-19 14:12:46,633 -   Loss gap:             0.002313
2026-07-19 14:12:46,634 -   Accuracy gap:         -0.003426
2026-07-19 14:12:46,635 -   Epoch time:           1.60 sec
2026-07-19 14:12:46,636 - 
--- EPOCH 136/1000 ---
2026-07-19 14:12:46,637 - Starting epoch 136
2026-07-19 14:12:48,396 - Epoch 136 results:
2026-07-19 14:12:48,397 -   Train Loss:           0.204435
2026-07-19 14:12:48,398 -   Val/Test Loss:        0.202122
2026-07-19 14:12:48,399 -   Train Bal.Accuracy:   0.719231
2026-07-19 14:12:48,399 -   Val/Test Bal.Accuracy:0.722621
2026-07-19 14:12:48,400 -   Loss gap:             0.002313
2026-07-19 14:12:48,401 -   Accuracy gap:         -0.003390
2026-07-19 14:12:48,402 -   Epoch time:           1.76 sec
2026-07-19 14:12:48,403 - 
--- EPOCH 137/1000 ---
2026-07-19 14:12:48,404 - Starting epoch 137
2026-07-19 14:12:49,906 - Epoch 137 results:
2026-07-19 14:12:49,907 -   Train Loss:           0.204435
2026-07-19 14:12:49,908 -   Val/Test Loss:        0.202122
2026-07-19 14:12:49,910 -   Train Bal.Accuracy:   0.719260
2026-07-19 14:12:49,910 -   Val/Test Bal.Accuracy:0.722648
2026-07-19 14:12:49,911 -   Loss gap:             0.002313
2026-07-19 14:12:49,912 -   Accuracy gap:         -0.003388
2026-07-19 14:12:49,913 -   Epoch time:           1.50 sec
2026-07-19 14:12:49,914 - 
--- EPOCH 138/1000 ---
2026-07-19 14:12:49,915 - Starting epoch 138
2026-07-19 14:12:51,406 - Epoch 138 results:
2026-07-19 14:12:51,407 -   Train Loss:           0.204434
2026-07-19 14:12:51,408 -   Val/Test Loss:        0.202121
2026-07-19 14:12:51,410 -   Train Bal.Accuracy:   0.719273
2026-07-19 14:12:51,411 -   Val/Test Bal.Accuracy:0.722648
2026-07-19 14:12:51,412 -   Loss gap:             0.002313
2026-07-19 14:12:51,412 -   Accuracy gap:         -0.003375
2026-07-19 14:12:51,414 -   Epoch time:           1.49 sec
2026-07-19 14:12:51,415 - 
--- EPOCH 139/1000 ---
2026-07-19 14:12:51,416 - Starting epoch 139
2026-07-19 14:12:52,912 - Epoch 139 results:
2026-07-19 14:12:52,913 -   Train Loss:           0.204434
2026-07-19 14:12:52,914 -   Val/Test Loss:        0.202121
2026-07-19 14:12:52,915 -   Train Bal.Accuracy:   0.719314
2026-07-19 14:12:52,915 -   Val/Test Bal.Accuracy:0.722667
2026-07-19 14:12:52,916 -   Loss gap:             0.002313
2026-07-19 14:12:52,917 -   Accuracy gap:         -0.003354
2026-07-19 14:12:52,918 -   Epoch time:           1.50 sec
2026-07-19 14:12:52,919 - 
--- EPOCH 140/1000 ---
2026-07-19 14:12:52,920 - Starting epoch 140
2026-07-19 14:12:54,393 - Epoch 140 results:
2026-07-19 14:12:54,394 -   Train Loss:           0.204434
2026-07-19 14:12:54,395 -   Val/Test Loss:        0.202121
2026-07-19 14:12:54,395 -   Train Bal.Accuracy:   0.719322
2026-07-19 14:12:54,396 -   Val/Test Bal.Accuracy:0.722696
2026-07-19 14:12:54,397 -   Loss gap:             0.002313
2026-07-19 14:12:54,398 -   Accuracy gap:         -0.003374
2026-07-19 14:12:54,399 -   Epoch time:           1.47 sec
2026-07-19 14:12:54,400 - 
--- EPOCH 141/1000 ---
2026-07-19 14:12:54,400 - Starting epoch 141
2026-07-19 14:12:55,901 - Epoch 141 results:
2026-07-19 14:12:55,902 -   Train Loss:           0.204433
2026-07-19 14:12:55,902 -   Val/Test Loss:        0.202121
2026-07-19 14:12:55,903 -   Train Bal.Accuracy:   0.719343
2026-07-19 14:12:55,904 -   Val/Test Bal.Accuracy:0.722725
2026-07-19 14:12:55,905 -   Loss gap:             0.002313
2026-07-19 14:12:55,907 -   Accuracy gap:         -0.003383
2026-07-19 14:12:55,908 -   Epoch time:           1.50 sec
2026-07-19 14:12:55,909 - 
--- EPOCH 142/1000 ---
2026-07-19 14:12:55,910 - Starting epoch 142
2026-07-19 14:12:57,386 - Epoch 142 results:
2026-07-19 14:12:57,387 -   Train Loss:           0.204433
2026-07-19 14:12:57,388 -   Val/Test Loss:        0.202120
2026-07-19 14:12:57,389 -   Train Bal.Accuracy:   0.719343
2026-07-19 14:12:57,390 -   Val/Test Bal.Accuracy:0.722725
2026-07-19 14:12:57,391 -   Loss gap:             0.002313
2026-07-19 14:12:57,392 -   Accuracy gap:         -0.003383
2026-07-19 14:12:57,393 -   Epoch time:           1.48 sec
2026-07-19 14:12:57,394 - 
--- EPOCH 143/1000 ---
2026-07-19 14:12:57,395 - Starting epoch 143
2026-07-19 14:12:58,893 - Epoch 143 results:
2026-07-19 14:12:58,894 -   Train Loss:           0.204433
2026-07-19 14:12:58,895 -   Val/Test Loss:        0.202120
2026-07-19 14:12:58,896 -   Train Bal.Accuracy:   0.719389
2026-07-19 14:12:58,897 -   Val/Test Bal.Accuracy:0.722725
2026-07-19 14:12:58,898 -   Loss gap:             0.002313
2026-07-19 14:12:58,898 -   Accuracy gap:         -0.003337
2026-07-19 14:12:58,899 -   Epoch time:           1.50 sec
2026-07-19 14:12:58,900 - 
--- EPOCH 144/1000 ---
2026-07-19 14:12:58,901 - Starting epoch 144
2026-07-19 14:13:00,386 - Epoch 144 results:
2026-07-19 14:13:00,388 -   Train Loss:           0.204432
2026-07-19 14:13:00,389 -   Val/Test Loss:        0.202120
2026-07-19 14:13:00,390 -   Train Bal.Accuracy:   0.719423
2026-07-19 14:13:00,392 -   Val/Test Bal.Accuracy:0.722745
2026-07-19 14:13:00,394 -   Loss gap:             0.002312
2026-07-19 14:13:00,395 -   Accuracy gap:         -0.003322
2026-07-19 14:13:00,396 -   Epoch time:           1.49 sec
2026-07-19 14:13:00,397 - 
--- EPOCH 145/1000 ---
2026-07-19 14:13:00,398 - Starting epoch 145
2026-07-19 14:13:01,874 - Epoch 145 results:
2026-07-19 14:13:01,875 -   Train Loss:           0.204432
2026-07-19 14:13:01,876 -   Val/Test Loss:        0.202120
2026-07-19 14:13:01,877 -   Train Bal.Accuracy:   0.719443
2026-07-19 14:13:01,878 -   Val/Test Bal.Accuracy:0.722745
2026-07-19 14:13:01,879 -   Loss gap:             0.002312
2026-07-19 14:13:01,880 -   Accuracy gap:         -0.003302
2026-07-19 14:13:01,881 -   Epoch time:           1.48 sec
2026-07-19 14:13:01,882 - 
--- EPOCH 146/1000 ---
2026-07-19 14:13:01,883 - Starting epoch 146
2026-07-19 14:13:03,377 - Epoch 146 results:
2026-07-19 14:13:03,378 -   Train Loss:           0.204432
2026-07-19 14:13:03,379 -   Val/Test Loss:        0.202120
2026-07-19 14:13:03,379 -   Train Bal.Accuracy:   0.719452
2026-07-19 14:13:03,380 -   Val/Test Bal.Accuracy:0.722772
2026-07-19 14:13:03,381 -   Loss gap:             0.002312
2026-07-19 14:13:03,382 -   Accuracy gap:         -0.003320
2026-07-19 14:13:03,383 -   Epoch time:           1.49 sec
2026-07-19 14:13:03,384 - 
--- EPOCH 147/1000 ---
2026-07-19 14:13:03,385 - Starting epoch 147
2026-07-19 14:13:04,864 - Epoch 147 results:
2026-07-19 14:13:04,865 -   Train Loss:           0.204432
2026-07-19 14:13:04,866 -   Val/Test Loss:        0.202119
2026-07-19 14:13:04,867 -   Train Bal.Accuracy:   0.719484
2026-07-19 14:13:04,868 -   Val/Test Bal.Accuracy:0.722743
2026-07-19 14:13:04,869 -   Loss gap:             0.002312
2026-07-19 14:13:04,870 -   Accuracy gap:         -0.003259
2026-07-19 14:13:04,871 -   Epoch time:           1.48 sec
2026-07-19 14:13:04,872 - 
--- EPOCH 148/1000 ---
2026-07-19 14:13:04,873 - Starting epoch 148
2026-07-19 14:13:06,358 - Epoch 148 results:
2026-07-19 14:13:06,359 -   Train Loss:           0.204431
2026-07-19 14:13:06,360 -   Val/Test Loss:        0.202119
2026-07-19 14:13:06,361 -   Train Bal.Accuracy:   0.719493
2026-07-19 14:13:06,362 -   Val/Test Bal.Accuracy:0.722743
2026-07-19 14:13:06,363 -   Loss gap:             0.002312
2026-07-19 14:13:06,364 -   Accuracy gap:         -0.003250
2026-07-19 14:13:06,365 -   Epoch time:           1.49 sec
2026-07-19 14:13:06,366 - 
--- EPOCH 149/1000 ---
2026-07-19 14:13:06,367 - Starting epoch 149
2026-07-19 14:13:08,378 - Epoch 149 results:
2026-07-19 14:13:08,379 -   Train Loss:           0.204431
2026-07-19 14:13:08,381 -   Val/Test Loss:        0.202119
2026-07-19 14:13:08,382 -   Train Bal.Accuracy:   0.719510
2026-07-19 14:13:08,383 -   Val/Test Bal.Accuracy:0.722743
2026-07-19 14:13:08,384 -   Loss gap:             0.002312
2026-07-19 14:13:08,385 -   Accuracy gap:         -0.003233
2026-07-19 14:13:08,387 -   Epoch time:           2.01 sec
2026-07-19 14:13:08,388 - 
--- EPOCH 150/1000 ---
2026-07-19 14:13:08,389 - Starting epoch 150
2026-07-19 14:13:10,588 - Epoch 150 results:
2026-07-19 14:13:10,589 -   Train Loss:           0.204431
2026-07-19 14:13:10,591 -   Val/Test Loss:        0.202119
2026-07-19 14:13:10,592 -   Train Bal.Accuracy:   0.719530
2026-07-19 14:13:10,593 -   Val/Test Bal.Accuracy:0.722714
2026-07-19 14:13:10,594 -   Loss gap:             0.002312
2026-07-19 14:13:10,595 -   Accuracy gap:         -0.003184
2026-07-19 14:13:10,597 -   Epoch time:           2.20 sec
2026-07-19 14:13:10,598 - 
--- EPOCH 151/1000 ---
2026-07-19 14:13:10,599 - Starting epoch 151
2026-07-19 14:13:12,884 - Epoch 151 results:
2026-07-19 14:13:12,885 -   Train Loss:           0.204431
2026-07-19 14:13:12,887 -   Val/Test Loss:        0.202119
2026-07-19 14:13:12,888 -   Train Bal.Accuracy:   0.719539
2026-07-19 14:13:12,889 -   Val/Test Bal.Accuracy:0.722792
2026-07-19 14:13:12,891 -   Loss gap:             0.002312
2026-07-19 14:13:12,892 -   Accuracy gap:         -0.003253
2026-07-19 14:13:12,893 -   Epoch time:           2.29 sec
2026-07-19 14:13:12,894 - 
--- EPOCH 152/1000 ---
2026-07-19 14:13:12,895 - Starting epoch 152
2026-07-19 14:13:14,665 - Epoch 152 results:
2026-07-19 14:13:14,666 -   Train Loss:           0.204430
2026-07-19 14:13:14,666 -   Val/Test Loss:        0.202118
2026-07-19 14:13:14,667 -   Train Bal.Accuracy:   0.719539
2026-07-19 14:13:14,668 -   Val/Test Bal.Accuracy:0.722850
2026-07-19 14:13:14,669 -   Loss gap:             0.002312
2026-07-19 14:13:14,670 -   Accuracy gap:         -0.003311
2026-07-19 14:13:14,671 -   Epoch time:           1.77 sec
2026-07-19 14:13:14,672 - 
--- EPOCH 153/1000 ---
2026-07-19 14:13:14,673 - Starting epoch 153
2026-07-19 14:13:16,647 - Epoch 153 results:
2026-07-19 14:13:16,648 -   Train Loss:           0.204430
2026-07-19 14:13:16,649 -   Val/Test Loss:        0.202118
2026-07-19 14:13:16,650 -   Train Bal.Accuracy:   0.719559
2026-07-19 14:13:16,652 -   Val/Test Bal.Accuracy:0.722869
2026-07-19 14:13:16,653 -   Loss gap:             0.002312
2026-07-19 14:13:16,655 -   Accuracy gap:         -0.003311
2026-07-19 14:13:16,656 -   Epoch time:           1.98 sec
2026-07-19 14:13:16,658 - 
--- EPOCH 154/1000 ---
2026-07-19 14:13:16,660 - Starting epoch 154
2026-07-19 14:13:18,621 - Epoch 154 results:
2026-07-19 14:13:18,622 -   Train Loss:           0.204430
2026-07-19 14:13:18,624 -   Val/Test Loss:        0.202118
2026-07-19 14:13:18,626 -   Train Bal.Accuracy:   0.719595
2026-07-19 14:13:18,627 -   Val/Test Bal.Accuracy:0.722898
2026-07-19 14:13:18,628 -   Loss gap:             0.002312
2026-07-19 14:13:18,630 -   Accuracy gap:         -0.003303
2026-07-19 14:13:18,631 -   Epoch time:           1.96 sec
2026-07-19 14:13:18,633 - 
--- EPOCH 155/1000 ---
2026-07-19 14:13:18,634 - Starting epoch 155
2026-07-19 14:13:20,592 - Epoch 155 results:
2026-07-19 14:13:20,594 -   Train Loss:           0.204429
2026-07-19 14:13:20,595 -   Val/Test Loss:        0.202118
2026-07-19 14:13:20,596 -   Train Bal.Accuracy:   0.719594
2026-07-19 14:13:20,597 -   Val/Test Bal.Accuracy:0.722898
2026-07-19 14:13:20,598 -   Loss gap:             0.002312
2026-07-19 14:13:20,600 -   Accuracy gap:         -0.003304
2026-07-19 14:13:20,601 -   Epoch time:           1.96 sec
2026-07-19 14:13:20,601 - 
--- EPOCH 156/1000 ---
2026-07-19 14:13:20,602 - Starting epoch 156
2026-07-19 14:13:22,427 - Epoch 156 results:
2026-07-19 14:13:22,429 -   Train Loss:           0.204429
2026-07-19 14:13:22,430 -   Val/Test Loss:        0.202118
2026-07-19 14:13:22,431 -   Train Bal.Accuracy:   0.719593
2026-07-19 14:13:22,433 -   Val/Test Bal.Accuracy:0.722925
2026-07-19 14:13:22,434 -   Loss gap:             0.002312
2026-07-19 14:13:22,434 -   Accuracy gap:         -0.003332
2026-07-19 14:13:22,435 -   Epoch time:           1.83 sec
2026-07-19 14:13:22,436 - 
--- EPOCH 157/1000 ---
2026-07-19 14:13:22,437 - Starting epoch 157
2026-07-19 14:13:24,232 - Epoch 157 results:
2026-07-19 14:13:24,233 -   Train Loss:           0.204429
2026-07-19 14:13:24,234 -   Val/Test Loss:        0.202117
2026-07-19 14:13:24,235 -   Train Bal.Accuracy:   0.719593
2026-07-19 14:13:24,236 -   Val/Test Bal.Accuracy:0.722954
2026-07-19 14:13:24,237 -   Loss gap:             0.002312
2026-07-19 14:13:24,239 -   Accuracy gap:         -0.003361
2026-07-19 14:13:24,240 -   Epoch time:           1.80 sec
2026-07-19 14:13:24,241 - 
--- EPOCH 158/1000 ---
2026-07-19 14:13:24,242 - Starting epoch 158
2026-07-19 14:13:26,087 - Epoch 158 results:
2026-07-19 14:13:26,090 -   Train Loss:           0.204429
2026-07-19 14:13:26,091 -   Val/Test Loss:        0.202117
2026-07-19 14:13:26,092 -   Train Bal.Accuracy:   0.719593
2026-07-19 14:13:26,093 -   Val/Test Bal.Accuracy:0.722954
2026-07-19 14:13:26,094 -   Loss gap:             0.002312
2026-07-19 14:13:26,095 -   Accuracy gap:         -0.003361
2026-07-19 14:13:26,096 -   Epoch time:           1.85 sec
2026-07-19 14:13:26,097 - 
--- EPOCH 159/1000 ---
2026-07-19 14:13:26,098 - Starting epoch 159
2026-07-19 14:13:27,892 - Epoch 159 results:
2026-07-19 14:13:27,893 -   Train Loss:           0.204429
2026-07-19 14:13:27,894 -   Val/Test Loss:        0.202117
2026-07-19 14:13:27,896 -   Train Bal.Accuracy:   0.719616
2026-07-19 14:13:27,897 -   Val/Test Bal.Accuracy:0.722974
2026-07-19 14:13:27,898 -   Loss gap:             0.002311
2026-07-19 14:13:27,899 -   Accuracy gap:         -0.003357
2026-07-19 14:13:27,900 -   Epoch time:           1.79 sec
2026-07-19 14:13:27,901 - 
--- EPOCH 160/1000 ---
2026-07-19 14:13:27,902 - Starting epoch 160
2026-07-19 14:13:29,730 - Epoch 160 results:
2026-07-19 14:13:29,731 -   Train Loss:           0.204428
2026-07-19 14:13:29,732 -   Val/Test Loss:        0.202117
2026-07-19 14:13:29,733 -   Train Bal.Accuracy:   0.719633
2026-07-19 14:13:29,734 -   Val/Test Bal.Accuracy:0.723051
2026-07-19 14:13:29,735 -   Loss gap:             0.002311
2026-07-19 14:13:29,736 -   Accuracy gap:         -0.003418
2026-07-19 14:13:29,737 -   Epoch time:           1.83 sec
2026-07-19 14:13:29,738 - 
--- EPOCH 161/1000 ---
2026-07-19 14:13:29,739 - Starting epoch 161
2026-07-19 14:13:31,538 - Epoch 161 results:
2026-07-19 14:13:31,540 -   Train Loss:           0.204428
2026-07-19 14:13:31,541 -   Val/Test Loss:        0.202117
2026-07-19 14:13:31,542 -   Train Bal.Accuracy:   0.719633
2026-07-19 14:13:31,543 -   Val/Test Bal.Accuracy:0.723051
2026-07-19 14:13:31,544 -   Loss gap:             0.002311
2026-07-19 14:13:31,545 -   Accuracy gap:         -0.003418
2026-07-19 14:13:31,546 -   Epoch time:           1.80 sec
2026-07-19 14:13:31,547 - 
--- EPOCH 162/1000 ---
2026-07-19 14:13:31,548 - Starting epoch 162
2026-07-19 14:13:33,381 - Epoch 162 results:
2026-07-19 14:13:33,382 -   Train Loss:           0.204428
2026-07-19 14:13:33,383 -   Val/Test Loss:        0.202117
2026-07-19 14:13:33,384 -   Train Bal.Accuracy:   0.719650
2026-07-19 14:13:33,385 -   Val/Test Bal.Accuracy:0.723098
2026-07-19 14:13:33,386 -   Loss gap:             0.002311
2026-07-19 14:13:33,387 -   Accuracy gap:         -0.003448
2026-07-19 14:13:33,388 -   Epoch time:           1.83 sec
2026-07-19 14:13:33,389 - 
--- EPOCH 163/1000 ---
2026-07-19 14:13:33,390 - Starting epoch 163
2026-07-19 14:13:35,246 - Epoch 163 results:
2026-07-19 14:13:35,247 -   Train Loss:           0.204428
2026-07-19 14:13:35,248 -   Val/Test Loss:        0.202116
2026-07-19 14:13:35,249 -   Train Bal.Accuracy:   0.719674
2026-07-19 14:13:35,250 -   Val/Test Bal.Accuracy:0.723127
2026-07-19 14:13:35,251 -   Loss gap:             0.002311
2026-07-19 14:13:35,252 -   Accuracy gap:         -0.003452
2026-07-19 14:13:35,253 -   Epoch time:           1.86 sec
2026-07-19 14:13:35,254 - 
--- EPOCH 164/1000 ---
2026-07-19 14:13:35,256 - Starting epoch 164
2026-07-19 14:13:37,059 - Epoch 164 results:
2026-07-19 14:13:37,060 -   Train Loss:           0.204427
2026-07-19 14:13:37,061 -   Val/Test Loss:        0.202116
2026-07-19 14:13:37,062 -   Train Bal.Accuracy:   0.719703
2026-07-19 14:13:37,063 -   Val/Test Bal.Accuracy:0.723127
2026-07-19 14:13:37,064 -   Loss gap:             0.002311
2026-07-19 14:13:37,065 -   Accuracy gap:         -0.003424
2026-07-19 14:13:37,066 -   Epoch time:           1.80 sec
2026-07-19 14:13:37,066 - 
--- EPOCH 165/1000 ---
2026-07-19 14:13:37,068 - Starting epoch 165
2026-07-19 14:13:38,861 - Epoch 165 results:
2026-07-19 14:13:38,862 -   Train Loss:           0.204427
2026-07-19 14:13:38,863 -   Val/Test Loss:        0.202116
2026-07-19 14:13:38,865 -   Train Bal.Accuracy:   0.719702
2026-07-19 14:13:38,865 -   Val/Test Bal.Accuracy:0.723127
2026-07-19 14:13:38,866 -   Loss gap:             0.002311
2026-07-19 14:13:38,867 -   Accuracy gap:         -0.003425
2026-07-19 14:13:38,868 -   Epoch time:           1.79 sec
2026-07-19 14:13:38,869 - 
--- EPOCH 166/1000 ---
2026-07-19 14:13:38,870 - Starting epoch 166
2026-07-19 14:13:40,822 - Epoch 166 results:
2026-07-19 14:13:40,823 -   Train Loss:           0.204427
2026-07-19 14:13:40,824 -   Val/Test Loss:        0.202116
2026-07-19 14:13:40,826 -   Train Bal.Accuracy:   0.719719
2026-07-19 14:13:40,827 -   Val/Test Bal.Accuracy:0.723127
2026-07-19 14:13:40,827 -   Loss gap:             0.002311
2026-07-19 14:13:40,829 -   Accuracy gap:         -0.003408
2026-07-19 14:13:40,830 -   Epoch time:           1.95 sec
2026-07-19 14:13:40,830 - 
--- EPOCH 167/1000 ---
2026-07-19 14:13:40,831 - Starting epoch 167
2026-07-19 14:13:42,681 - Epoch 167 results:
2026-07-19 14:13:42,683 -   Train Loss:           0.204427
2026-07-19 14:13:42,684 -   Val/Test Loss:        0.202116
2026-07-19 14:13:42,685 -   Train Bal.Accuracy:   0.719744
2026-07-19 14:13:42,686 -   Val/Test Bal.Accuracy:0.723146
2026-07-19 14:13:42,688 -   Loss gap:             0.002311
2026-07-19 14:13:42,689 -   Accuracy gap:         -0.003402
2026-07-19 14:13:42,690 -   Epoch time:           1.85 sec
2026-07-19 14:13:42,692 - 
--- EPOCH 168/1000 ---
2026-07-19 14:13:42,693 - Starting epoch 168
2026-07-19 14:13:44,561 - Epoch 168 results:
2026-07-19 14:13:44,562 -   Train Loss:           0.204427
2026-07-19 14:13:44,563 -   Val/Test Loss:        0.202116
2026-07-19 14:13:44,564 -   Train Bal.Accuracy:   0.719744
2026-07-19 14:13:44,565 -   Val/Test Bal.Accuracy:0.723146
2026-07-19 14:13:44,566 -   Loss gap:             0.002311
2026-07-19 14:13:44,567 -   Accuracy gap:         -0.003402
2026-07-19 14:13:44,568 -   Epoch time:           1.87 sec
2026-07-19 14:13:44,569 - 
--- EPOCH 169/1000 ---
2026-07-19 14:13:44,570 - Starting epoch 169
2026-07-19 14:13:46,414 - Epoch 169 results:
2026-07-19 14:13:46,415 -   Train Loss:           0.204426
2026-07-19 14:13:46,416 -   Val/Test Loss:        0.202116
2026-07-19 14:13:46,417 -   Train Bal.Accuracy:   0.719753
2026-07-19 14:13:46,418 -   Val/Test Bal.Accuracy:0.723117
2026-07-19 14:13:46,419 -   Loss gap:             0.002311
2026-07-19 14:13:46,420 -   Accuracy gap:         -0.003365
2026-07-19 14:13:46,421 -   Epoch time:           1.85 sec
2026-07-19 14:13:46,422 - 
--- EPOCH 170/1000 ---
2026-07-19 14:13:46,423 - Starting epoch 170
2026-07-19 14:13:48,092 - Epoch 170 results:
2026-07-19 14:13:48,093 -   Train Loss:           0.204426
2026-07-19 14:13:48,094 -   Val/Test Loss:        0.202115
2026-07-19 14:13:48,095 -   Train Bal.Accuracy:   0.719799
2026-07-19 14:13:48,096 -   Val/Test Bal.Accuracy:0.723117
2026-07-19 14:13:48,097 -   Loss gap:             0.002311
2026-07-19 14:13:48,098 -   Accuracy gap:         -0.003319
2026-07-19 14:13:48,099 -   Epoch time:           1.67 sec
2026-07-19 14:13:48,100 - 
--- EPOCH 171/1000 ---
2026-07-19 14:13:48,101 - Starting epoch 171
2026-07-19 14:13:49,967 - Epoch 171 results:
2026-07-19 14:13:49,968 -   Train Loss:           0.204426
2026-07-19 14:13:49,969 -   Val/Test Loss:        0.202115
2026-07-19 14:13:49,970 -   Train Bal.Accuracy:   0.719819
2026-07-19 14:13:49,971 -   Val/Test Bal.Accuracy:0.723116
2026-07-19 14:13:49,972 -   Loss gap:             0.002311
2026-07-19 14:13:49,973 -   Accuracy gap:         -0.003296
2026-07-19 14:13:49,974 -   Epoch time:           1.87 sec
2026-07-19 14:13:49,975 - 
--- EPOCH 172/1000 ---
2026-07-19 14:13:49,976 - Starting epoch 172
2026-07-19 14:13:51,587 - Epoch 172 results:
2026-07-19 14:13:51,588 -   Train Loss:           0.204426
2026-07-19 14:13:51,589 -   Val/Test Loss:        0.202115
2026-07-19 14:13:51,590 -   Train Bal.Accuracy:   0.719827
2026-07-19 14:13:51,591 -   Val/Test Bal.Accuracy:0.723116
2026-07-19 14:13:51,592 -   Loss gap:             0.002311
2026-07-19 14:13:51,592 -   Accuracy gap:         -0.003289
2026-07-19 14:13:51,593 -   Epoch time:           1.61 sec
2026-07-19 14:13:51,594 - 
--- EPOCH 173/1000 ---
2026-07-19 14:13:51,595 - Starting epoch 173
2026-07-19 14:13:53,095 - Epoch 173 results:
2026-07-19 14:13:53,096 -   Train Loss:           0.204426
2026-07-19 14:13:53,097 -   Val/Test Loss:        0.202115
2026-07-19 14:13:53,099 -   Train Bal.Accuracy:   0.719826
2026-07-19 14:13:53,100 -   Val/Test Bal.Accuracy:0.723116
2026-07-19 14:13:53,101 -   Loss gap:             0.002311
2026-07-19 14:13:53,102 -   Accuracy gap:         -0.003290
2026-07-19 14:13:53,103 -   Epoch time:           1.50 sec
2026-07-19 14:13:53,104 - 
--- EPOCH 174/1000 ---
2026-07-19 14:13:53,105 - Starting epoch 174
2026-07-19 14:13:54,633 - Epoch 174 results:
2026-07-19 14:13:54,635 -   Train Loss:           0.204425
2026-07-19 14:13:54,636 -   Val/Test Loss:        0.202115
2026-07-19 14:13:54,638 -   Train Bal.Accuracy:   0.719842
2026-07-19 14:13:54,640 -   Val/Test Bal.Accuracy:0.723116
2026-07-19 14:13:54,641 -   Loss gap:             0.002311
2026-07-19 14:13:54,643 -   Accuracy gap:         -0.003273
2026-07-19 14:13:54,645 -   Epoch time:           1.53 sec
2026-07-19 14:13:54,647 - 
--- EPOCH 175/1000 ---
2026-07-19 14:13:54,648 - Starting epoch 175
2026-07-19 14:13:56,472 - Epoch 175 results:
2026-07-19 14:13:56,473 -   Train Loss:           0.204425
2026-07-19 14:13:56,474 -   Val/Test Loss:        0.202115
2026-07-19 14:13:56,475 -   Train Bal.Accuracy:   0.719842
2026-07-19 14:13:56,476 -   Val/Test Bal.Accuracy:0.723116
2026-07-19 14:13:56,478 -   Loss gap:             0.002311
2026-07-19 14:13:56,479 -   Accuracy gap:         -0.003273
2026-07-19 14:13:56,480 -   Epoch time:           1.83 sec
2026-07-19 14:13:56,481 - 
--- EPOCH 176/1000 ---
2026-07-19 14:13:56,482 - Starting epoch 176
2026-07-19 14:13:58,280 - Epoch 176 results:
2026-07-19 14:13:58,281 -   Train Loss:           0.204425
2026-07-19 14:13:58,282 -   Val/Test Loss:        0.202115
2026-07-19 14:13:58,284 -   Train Bal.Accuracy:   0.719838
2026-07-19 14:13:58,285 -   Val/Test Bal.Accuracy:0.723116
2026-07-19 14:13:58,286 -   Loss gap:             0.002310
2026-07-19 14:13:58,287 -   Accuracy gap:         -0.003277
2026-07-19 14:13:58,288 -   Epoch time:           1.80 sec
2026-07-19 14:13:58,289 - 
--- EPOCH 177/1000 ---
2026-07-19 14:13:58,290 - Starting epoch 177
2026-07-19 14:14:00,137 - Epoch 177 results:
2026-07-19 14:14:00,138 -   Train Loss:           0.204425
2026-07-19 14:14:00,139 -   Val/Test Loss:        0.202114
2026-07-19 14:14:00,141 -   Train Bal.Accuracy:   0.719847
2026-07-19 14:14:00,142 -   Val/Test Bal.Accuracy:0.723145
2026-07-19 14:14:00,143 -   Loss gap:             0.002310
2026-07-19 14:14:00,144 -   Accuracy gap:         -0.003298
2026-07-19 14:14:00,145 -   Epoch time:           1.85 sec
2026-07-19 14:14:00,146 - 
--- EPOCH 178/1000 ---
2026-07-19 14:14:00,147 - Starting epoch 178
2026-07-19 14:14:02,018 - Epoch 178 results:
2026-07-19 14:14:02,019 -   Train Loss:           0.204425
2026-07-19 14:14:02,020 -   Val/Test Loss:        0.202114
2026-07-19 14:14:02,021 -   Train Bal.Accuracy:   0.719859
2026-07-19 14:14:02,022 -   Val/Test Bal.Accuracy:0.723145
2026-07-19 14:14:02,023 -   Loss gap:             0.002310
2026-07-19 14:14:02,024 -   Accuracy gap:         -0.003286
2026-07-19 14:14:02,025 -   Epoch time:           1.87 sec
2026-07-19 14:14:02,026 - 
--- EPOCH 179/1000 ---
2026-07-19 14:14:02,027 - Starting epoch 179
2026-07-19 14:14:03,989 - Epoch 179 results:
2026-07-19 14:14:03,990 -   Train Loss:           0.204425
2026-07-19 14:14:03,991 -   Val/Test Loss:        0.202114
2026-07-19 14:14:03,993 -   Train Bal.Accuracy:   0.719876
2026-07-19 14:14:03,994 -   Val/Test Bal.Accuracy:0.723164
2026-07-19 14:14:03,995 -   Loss gap:             0.002310
2026-07-19 14:14:03,996 -   Accuracy gap:         -0.003288
2026-07-19 14:14:03,997 -   Epoch time:           1.96 sec
2026-07-19 14:14:03,998 - 
--- EPOCH 180/1000 ---
2026-07-19 14:14:04,000 - Starting epoch 180
2026-07-19 14:14:06,063 - Epoch 180 results:
2026-07-19 14:14:06,064 -   Train Loss:           0.204424
2026-07-19 14:14:06,065 -   Val/Test Loss:        0.202114
2026-07-19 14:14:06,066 -   Train Bal.Accuracy:   0.719896
2026-07-19 14:14:06,066 -   Val/Test Bal.Accuracy:0.723164
2026-07-19 14:14:06,067 -   Loss gap:             0.002310
2026-07-19 14:14:06,068 -   Accuracy gap:         -0.003268
2026-07-19 14:14:06,069 -   Epoch time:           2.07 sec
2026-07-19 14:14:06,071 - 
--- EPOCH 181/1000 ---
2026-07-19 14:14:06,072 - Starting epoch 181
2026-07-19 14:14:08,022 - Epoch 181 results:
2026-07-19 14:14:08,023 -   Train Loss:           0.204424
2026-07-19 14:14:08,024 -   Val/Test Loss:        0.202114
2026-07-19 14:14:08,025 -   Train Bal.Accuracy:   0.719920
2026-07-19 14:14:08,026 -   Val/Test Bal.Accuracy:0.723191
2026-07-19 14:14:08,027 -   Loss gap:             0.002310
2026-07-19 14:14:08,028 -   Accuracy gap:         -0.003271
2026-07-19 14:14:08,030 -   Epoch time:           1.95 sec
2026-07-19 14:14:08,031 - 
--- EPOCH 182/1000 ---
2026-07-19 14:14:08,032 - Starting epoch 182
2026-07-19 14:14:09,919 - Epoch 182 results:
2026-07-19 14:14:09,920 -   Train Loss:           0.204424
2026-07-19 14:14:09,921 -   Val/Test Loss:        0.202114
2026-07-19 14:14:09,922 -   Train Bal.Accuracy:   0.719920
2026-07-19 14:14:09,923 -   Val/Test Bal.Accuracy:0.723189
2026-07-19 14:14:09,925 -   Loss gap:             0.002310
2026-07-19 14:14:09,926 -   Accuracy gap:         -0.003269
2026-07-19 14:14:09,927 -   Epoch time:           1.89 sec
2026-07-19 14:14:09,927 - 
--- EPOCH 183/1000 ---
2026-07-19 14:14:09,928 - Starting epoch 183
2026-07-19 14:14:11,831 - Epoch 183 results:
2026-07-19 14:14:11,832 -   Train Loss:           0.204424
2026-07-19 14:14:11,833 -   Val/Test Loss:        0.202114
2026-07-19 14:14:11,834 -   Train Bal.Accuracy:   0.719944
2026-07-19 14:14:11,835 -   Val/Test Bal.Accuracy:0.723189
2026-07-19 14:14:11,836 -   Loss gap:             0.002310
2026-07-19 14:14:11,837 -   Accuracy gap:         -0.003245
2026-07-19 14:14:11,838 -   Epoch time:           1.90 sec
2026-07-19 14:14:11,839 - 
--- EPOCH 184/1000 ---
2026-07-19 14:14:11,840 - Starting epoch 184
2026-07-19 14:14:13,736 - Epoch 184 results:
2026-07-19 14:14:13,737 -   Train Loss:           0.204424
2026-07-19 14:14:13,738 -   Val/Test Loss:        0.202114
2026-07-19 14:14:13,739 -   Train Bal.Accuracy:   0.719956
2026-07-19 14:14:13,740 -   Val/Test Bal.Accuracy:0.723189
2026-07-19 14:14:13,741 -   Loss gap:             0.002310
2026-07-19 14:14:13,742 -   Accuracy gap:         -0.003233
2026-07-19 14:14:13,743 -   Epoch time:           1.90 sec
2026-07-19 14:14:13,744 - 
--- EPOCH 185/1000 ---
2026-07-19 14:14:13,745 - Starting epoch 185
2026-07-19 14:14:15,679 - Epoch 185 results:
2026-07-19 14:14:15,680 -   Train Loss:           0.204424
2026-07-19 14:14:15,681 -   Val/Test Loss:        0.202114
2026-07-19 14:14:15,682 -   Train Bal.Accuracy:   0.719956
2026-07-19 14:14:15,683 -   Val/Test Bal.Accuracy:0.723189
2026-07-19 14:14:15,683 -   Loss gap:             0.002310
2026-07-19 14:14:15,684 -   Accuracy gap:         -0.003233
2026-07-19 14:14:15,685 -   Epoch time:           1.94 sec
2026-07-19 14:14:15,686 - 
--- EPOCH 186/1000 ---
2026-07-19 14:14:15,687 - Starting epoch 186
2026-07-19 14:14:17,658 - Epoch 186 results:
2026-07-19 14:14:17,659 -   Train Loss:           0.204423
2026-07-19 14:14:17,660 -   Val/Test Loss:        0.202113
2026-07-19 14:14:17,661 -   Train Bal.Accuracy:   0.719989
2026-07-19 14:14:17,662 -   Val/Test Bal.Accuracy:0.723189
2026-07-19 14:14:17,663 -   Loss gap:             0.002310
2026-07-19 14:14:17,664 -   Accuracy gap:         -0.003200
2026-07-19 14:14:17,665 -   Epoch time:           1.97 sec
2026-07-19 14:14:17,666 - 
--- EPOCH 187/1000 ---
2026-07-19 14:14:17,667 - Starting epoch 187
2026-07-19 14:14:19,719 - Epoch 187 results:
2026-07-19 14:14:19,720 -   Train Loss:           0.204423
2026-07-19 14:14:19,721 -   Val/Test Loss:        0.202113
2026-07-19 14:14:19,722 -   Train Bal.Accuracy:   0.720001
2026-07-19 14:14:19,723 -   Val/Test Bal.Accuracy:0.723218
2026-07-19 14:14:19,724 -   Loss gap:             0.002310
2026-07-19 14:14:19,725 -   Accuracy gap:         -0.003217
2026-07-19 14:14:19,726 -   Epoch time:           2.05 sec
2026-07-19 14:14:19,727 - 
--- EPOCH 188/1000 ---
2026-07-19 14:14:19,728 - Starting epoch 188
2026-07-19 14:14:21,597 - Epoch 188 results:
2026-07-19 14:14:21,598 -   Train Loss:           0.204423
2026-07-19 14:14:21,599 -   Val/Test Loss:        0.202113
2026-07-19 14:14:21,600 -   Train Bal.Accuracy:   0.720013
2026-07-19 14:14:21,601 -   Val/Test Bal.Accuracy:0.723236
2026-07-19 14:14:21,602 -   Loss gap:             0.002310
2026-07-19 14:14:21,603 -   Accuracy gap:         -0.003222
2026-07-19 14:14:21,604 -   Epoch time:           1.87 sec
2026-07-19 14:14:21,605 - 
--- EPOCH 189/1000 ---
2026-07-19 14:14:21,606 - Starting epoch 189
2026-07-19 14:14:23,728 - Epoch 189 results:
2026-07-19 14:14:23,730 -   Train Loss:           0.204423
2026-07-19 14:14:23,730 -   Val/Test Loss:        0.202113
2026-07-19 14:14:23,731 -   Train Bal.Accuracy:   0.720013
2026-07-19 14:14:23,732 -   Val/Test Bal.Accuracy:0.723236
2026-07-19 14:14:23,733 -   Loss gap:             0.002310
2026-07-19 14:14:23,734 -   Accuracy gap:         -0.003222
2026-07-19 14:14:23,735 -   Epoch time:           2.12 sec
2026-07-19 14:14:23,736 - 
--- EPOCH 190/1000 ---
2026-07-19 14:14:23,737 - Starting epoch 190
2026-07-19 14:14:26,343 - Epoch 190 results:
2026-07-19 14:14:26,344 -   Train Loss:           0.204423
2026-07-19 14:14:26,345 -   Val/Test Loss:        0.202113
2026-07-19 14:14:26,346 -   Train Bal.Accuracy:   0.720042
2026-07-19 14:14:26,347 -   Val/Test Bal.Accuracy:0.723265
2026-07-19 14:14:26,348 -   Loss gap:             0.002310
2026-07-19 14:14:26,349 -   Accuracy gap:         -0.003222
2026-07-19 14:14:26,350 -   Epoch time:           2.61 sec
2026-07-19 14:14:26,350 - 
--- EPOCH 191/1000 ---
2026-07-19 14:14:26,351 - Starting epoch 191
2026-07-19 14:14:28,110 - Epoch 191 results:
2026-07-19 14:14:28,111 -   Train Loss:           0.204423
2026-07-19 14:14:28,112 -   Val/Test Loss:        0.202113
2026-07-19 14:14:28,113 -   Train Bal.Accuracy:   0.720051
2026-07-19 14:14:28,114 -   Val/Test Bal.Accuracy:0.723284
2026-07-19 14:14:28,115 -   Loss gap:             0.002310
2026-07-19 14:14:28,116 -   Accuracy gap:         -0.003233
2026-07-19 14:14:28,116 -   Epoch time:           1.76 sec
2026-07-19 14:14:28,117 - 
--- EPOCH 192/1000 ---
2026-07-19 14:14:28,118 - Starting epoch 192
2026-07-19 14:14:30,136 - Epoch 192 results:
2026-07-19 14:14:30,137 -   Train Loss:           0.204423
2026-07-19 14:14:30,137 -   Val/Test Loss:        0.202113
2026-07-19 14:14:30,139 -   Train Bal.Accuracy:   0.720051
2026-07-19 14:14:30,139 -   Val/Test Bal.Accuracy:0.723284
2026-07-19 14:14:30,140 -   Loss gap:             0.002310
2026-07-19 14:14:30,141 -   Accuracy gap:         -0.003233
2026-07-19 14:14:30,142 -   Epoch time:           2.02 sec
2026-07-19 14:14:30,143 - 
--- EPOCH 193/1000 ---
2026-07-19 14:14:30,144 - Starting epoch 193
2026-07-19 14:14:31,718 - Epoch 193 results:
2026-07-19 14:14:31,719 -   Train Loss:           0.204422
2026-07-19 14:14:31,720 -   Val/Test Loss:        0.202113
2026-07-19 14:14:31,721 -   Train Bal.Accuracy:   0.720075
2026-07-19 14:14:31,723 -   Val/Test Bal.Accuracy:0.723284
2026-07-19 14:14:31,725 -   Loss gap:             0.002310
2026-07-19 14:14:31,725 -   Accuracy gap:         -0.003209
2026-07-19 14:14:31,727 -   Epoch time:           1.58 sec
2026-07-19 14:14:31,728 - 
--- EPOCH 194/1000 ---
2026-07-19 14:14:31,729 - Starting epoch 194
2026-07-19 14:14:33,796 - Epoch 194 results:
2026-07-19 14:14:33,797 -   Train Loss:           0.204422
2026-07-19 14:14:33,798 -   Val/Test Loss:        0.202113
2026-07-19 14:14:33,799 -   Train Bal.Accuracy:   0.720087
2026-07-19 14:14:33,800 -   Val/Test Bal.Accuracy:0.723313
2026-07-19 14:14:33,801 -   Loss gap:             0.002310
2026-07-19 14:14:33,802 -   Accuracy gap:         -0.003226
2026-07-19 14:14:33,803 -   Epoch time:           2.07 sec
2026-07-19 14:14:33,804 - 
--- EPOCH 195/1000 ---
2026-07-19 14:14:33,804 - Starting epoch 195
2026-07-19 14:14:35,456 - Epoch 195 results:
2026-07-19 14:14:35,457 -   Train Loss:           0.204422
2026-07-19 14:14:35,458 -   Val/Test Loss:        0.202112
2026-07-19 14:14:35,459 -   Train Bal.Accuracy:   0.720099
2026-07-19 14:14:35,461 -   Val/Test Bal.Accuracy:0.723313
2026-07-19 14:14:35,462 -   Loss gap:             0.002310
2026-07-19 14:14:35,463 -   Accuracy gap:         -0.003214
2026-07-19 14:14:35,464 -   Epoch time:           1.65 sec
2026-07-19 14:14:35,465 - 
--- EPOCH 196/1000 ---
2026-07-19 14:14:35,466 - Starting epoch 196
2026-07-19 14:14:37,515 - Epoch 196 results:
2026-07-19 14:14:37,516 -   Train Loss:           0.204422
2026-07-19 14:14:37,517 -   Val/Test Loss:        0.202112
2026-07-19 14:14:37,518 -   Train Bal.Accuracy:   0.720099
2026-07-19 14:14:37,519 -   Val/Test Bal.Accuracy:0.723313
2026-07-19 14:14:37,521 -   Loss gap:             0.002310
2026-07-19 14:14:37,521 -   Accuracy gap:         -0.003214
2026-07-19 14:14:37,523 -   Epoch time:           2.05 sec
2026-07-19 14:14:37,524 - 
--- EPOCH 197/1000 ---
2026-07-19 14:14:37,526 - Starting epoch 197
2026-07-19 14:14:39,953 - Epoch 197 results:
2026-07-19 14:14:39,954 -   Train Loss:           0.204422
2026-07-19 14:14:39,955 -   Val/Test Loss:        0.202112
2026-07-19 14:14:39,956 -   Train Bal.Accuracy:   0.720099
2026-07-19 14:14:39,958 -   Val/Test Bal.Accuracy:0.723313
2026-07-19 14:14:39,959 -   Loss gap:             0.002310
2026-07-19 14:14:39,960 -   Accuracy gap:         -0.003214
2026-07-19 14:14:39,962 -   Epoch time:           2.43 sec
2026-07-19 14:14:39,963 - 
--- EPOCH 198/1000 ---
2026-07-19 14:14:39,964 - Starting epoch 198
2026-07-19 14:14:41,572 - Epoch 198 results:
2026-07-19 14:14:41,573 -   Train Loss:           0.204422
2026-07-19 14:14:41,574 -   Val/Test Loss:        0.202112
2026-07-19 14:14:41,575 -   Train Bal.Accuracy:   0.720099
2026-07-19 14:14:41,576 -   Val/Test Bal.Accuracy:0.723340
2026-07-19 14:14:41,577 -   Loss gap:             0.002309
2026-07-19 14:14:41,578 -   Accuracy gap:         -0.003242
2026-07-19 14:14:41,579 -   Epoch time:           1.61 sec
2026-07-19 14:14:41,580 - 
--- EPOCH 199/1000 ---
2026-07-19 14:14:41,580 - Starting epoch 199
2026-07-19 14:14:43,044 - Epoch 199 results:
2026-07-19 14:14:43,045 -   Train Loss:           0.204422
2026-07-19 14:14:43,046 -   Val/Test Loss:        0.202112
2026-07-19 14:14:43,047 -   Train Bal.Accuracy:   0.720107
2026-07-19 14:14:43,049 -   Val/Test Bal.Accuracy:0.723340
2026-07-19 14:14:43,050 -   Loss gap:             0.002309
2026-07-19 14:14:43,051 -   Accuracy gap:         -0.003233
2026-07-19 14:14:43,052 -   Epoch time:           1.46 sec
2026-07-19 14:14:43,053 - 
--- EPOCH 200/1000 ---
2026-07-19 14:14:43,054 - Starting epoch 200
2026-07-19 14:14:44,741 - Epoch 200 results:
2026-07-19 14:14:44,743 -   Train Loss:           0.204421
2026-07-19 14:14:44,744 -   Val/Test Loss:        0.202112
2026-07-19 14:14:44,745 -   Train Bal.Accuracy:   0.720106
2026-07-19 14:14:44,746 -   Val/Test Bal.Accuracy:0.723360
2026-07-19 14:14:44,747 -   Loss gap:             0.002309
2026-07-19 14:14:44,747 -   Accuracy gap:         -0.003254
2026-07-19 14:14:44,748 -   Epoch time:           1.69 sec
2026-07-19 14:14:44,749 - 
--- EPOCH 201/1000 ---
2026-07-19 14:14:44,750 - Starting epoch 201
2026-07-19 14:14:46,481 - Epoch 201 results:
2026-07-19 14:14:46,482 -   Train Loss:           0.204421
2026-07-19 14:14:46,483 -   Val/Test Loss:        0.202112
2026-07-19 14:14:46,484 -   Train Bal.Accuracy:   0.720095
2026-07-19 14:14:46,485 -   Val/Test Bal.Accuracy:0.723418
2026-07-19 14:14:46,486 -   Loss gap:             0.002309
2026-07-19 14:14:46,486 -   Accuracy gap:         -0.003323
2026-07-19 14:14:46,487 -   Epoch time:           1.73 sec
2026-07-19 14:14:46,488 - 
--- EPOCH 202/1000 ---
2026-07-19 14:14:46,490 - Starting epoch 202
2026-07-19 14:14:48,056 - Epoch 202 results:
2026-07-19 14:14:48,057 -   Train Loss:           0.204421
2026-07-19 14:14:48,058 -   Val/Test Loss:        0.202112
2026-07-19 14:14:48,059 -   Train Bal.Accuracy:   0.720095
2026-07-19 14:14:48,060 -   Val/Test Bal.Accuracy:0.723418
2026-07-19 14:14:48,061 -   Loss gap:             0.002309
2026-07-19 14:14:48,062 -   Accuracy gap:         -0.003323
2026-07-19 14:14:48,063 -   Epoch time:           1.57 sec
2026-07-19 14:14:48,064 - 
--- EPOCH 203/1000 ---
2026-07-19 14:14:48,065 - Starting epoch 203
2026-07-19 14:14:49,620 - Epoch 203 results:
2026-07-19 14:14:49,621 -   Train Loss:           0.204421
2026-07-19 14:14:49,622 -   Val/Test Loss:        0.202112
2026-07-19 14:14:49,622 -   Train Bal.Accuracy:   0.720095
2026-07-19 14:14:49,623 -   Val/Test Bal.Accuracy:0.723398
2026-07-19 14:14:49,624 -   Loss gap:             0.002309
2026-07-19 14:14:49,625 -   Accuracy gap:         -0.003303
2026-07-19 14:14:49,626 -   Epoch time:           1.56 sec
2026-07-19 14:14:49,627 - 
--- EPOCH 204/1000 ---
2026-07-19 14:14:49,628 - Starting epoch 204
2026-07-19 14:14:51,280 - Epoch 204 results:
2026-07-19 14:14:51,281 -   Train Loss:           0.204421
2026-07-19 14:14:51,283 -   Val/Test Loss:        0.202112
2026-07-19 14:14:51,284 -   Train Bal.Accuracy:   0.720095
2026-07-19 14:14:51,285 -   Val/Test Bal.Accuracy:0.723398
2026-07-19 14:14:51,286 -   Loss gap:             0.002309
2026-07-19 14:14:51,288 -   Accuracy gap:         -0.003303
2026-07-19 14:14:51,289 -   Epoch time:           1.65 sec
2026-07-19 14:14:51,290 - 
--- EPOCH 205/1000 ---
2026-07-19 14:14:51,291 - Starting epoch 205
2026-07-19 14:14:53,192 - Epoch 205 results:
2026-07-19 14:14:53,193 -   Train Loss:           0.204421
2026-07-19 14:14:53,195 -   Val/Test Loss:        0.202112
2026-07-19 14:14:53,196 -   Train Bal.Accuracy:   0.720107
2026-07-19 14:14:53,197 -   Val/Test Bal.Accuracy:0.723427
2026-07-19 14:14:53,198 -   Loss gap:             0.002309
2026-07-19 14:14:53,199 -   Accuracy gap:         -0.003320
2026-07-19 14:14:53,200 -   Epoch time:           1.90 sec
2026-07-19 14:14:53,200 - 
--- EPOCH 206/1000 ---
2026-07-19 14:14:53,201 - Starting epoch 206
2026-07-19 14:14:54,821 - Epoch 206 results:
2026-07-19 14:14:54,822 -   Train Loss:           0.204421
2026-07-19 14:14:54,823 -   Val/Test Loss:        0.202111
2026-07-19 14:14:54,824 -   Train Bal.Accuracy:   0.720107
2026-07-19 14:14:54,825 -   Val/Test Bal.Accuracy:0.723456
2026-07-19 14:14:54,826 -   Loss gap:             0.002309
2026-07-19 14:14:54,827 -   Accuracy gap:         -0.003349
2026-07-19 14:14:54,828 -   Epoch time:           1.62 sec
2026-07-19 14:14:54,829 - 
--- EPOCH 207/1000 ---
2026-07-19 14:14:54,830 - Starting epoch 207
2026-07-19 14:14:56,306 - Epoch 207 results:
2026-07-19 14:14:56,308 -   Train Loss:           0.204420
2026-07-19 14:14:56,309 -   Val/Test Loss:        0.202111
2026-07-19 14:14:56,311 -   Train Bal.Accuracy:   0.720107
2026-07-19 14:14:56,312 -   Val/Test Bal.Accuracy:0.723456
2026-07-19 14:14:56,313 -   Loss gap:             0.002309
2026-07-19 14:14:56,314 -   Accuracy gap:         -0.003349
2026-07-19 14:14:56,314 -   Epoch time:           1.48 sec
2026-07-19 14:14:56,315 - 
--- EPOCH 208/1000 ---
2026-07-19 14:14:56,316 - Starting epoch 208
2026-07-19 14:14:57,927 - Epoch 208 results:
2026-07-19 14:14:57,928 -   Train Loss:           0.204420
2026-07-19 14:14:57,929 -   Val/Test Loss:        0.202111
2026-07-19 14:14:57,930 -   Train Bal.Accuracy:   0.720116
2026-07-19 14:14:57,931 -   Val/Test Bal.Accuracy:0.723456
2026-07-19 14:14:57,932 -   Loss gap:             0.002309
2026-07-19 14:14:57,933 -   Accuracy gap:         -0.003341
2026-07-19 14:14:57,934 -   Epoch time:           1.61 sec
2026-07-19 14:14:57,935 - 
--- EPOCH 209/1000 ---
2026-07-19 14:14:57,935 - Starting epoch 209
2026-07-19 14:14:59,720 - Epoch 209 results:
2026-07-19 14:14:59,721 -   Train Loss:           0.204420
2026-07-19 14:14:59,722 -   Val/Test Loss:        0.202111
2026-07-19 14:14:59,723 -   Train Bal.Accuracy:   0.720139
2026-07-19 14:14:59,724 -   Val/Test Bal.Accuracy:0.723483
2026-07-19 14:14:59,725 -   Loss gap:             0.002309
2026-07-19 14:14:59,726 -   Accuracy gap:         -0.003344
2026-07-19 14:14:59,727 -   Epoch time:           1.79 sec
2026-07-19 14:14:59,728 - 
--- EPOCH 210/1000 ---
2026-07-19 14:14:59,729 - Starting epoch 210
2026-07-19 14:15:01,119 - Epoch 210 results:
2026-07-19 14:15:01,120 -   Train Loss:           0.204420
2026-07-19 14:15:01,121 -   Val/Test Loss:        0.202111
2026-07-19 14:15:01,122 -   Train Bal.Accuracy:   0.720147
2026-07-19 14:15:01,123 -   Val/Test Bal.Accuracy:0.723483
2026-07-19 14:15:01,124 -   Loss gap:             0.002309
2026-07-19 14:15:01,125 -   Accuracy gap:         -0.003336
2026-07-19 14:15:01,125 -   Epoch time:           1.39 sec
2026-07-19 14:15:01,126 - 
--- EPOCH 211/1000 ---
2026-07-19 14:15:01,127 - Starting epoch 211
2026-07-19 14:15:02,534 - Epoch 211 results:
2026-07-19 14:15:02,535 -   Train Loss:           0.204420
2026-07-19 14:15:02,536 -   Val/Test Loss:        0.202111
2026-07-19 14:15:02,536 -   Train Bal.Accuracy:   0.720160
2026-07-19 14:15:02,537 -   Val/Test Bal.Accuracy:0.723512
2026-07-19 14:15:02,538 -   Loss gap:             0.002309
2026-07-19 14:15:02,539 -   Accuracy gap:         -0.003353
2026-07-19 14:15:02,540 -   Epoch time:           1.41 sec
2026-07-19 14:15:02,541 - 
--- EPOCH 212/1000 ---
2026-07-19 14:15:02,542 - Starting epoch 212
2026-07-19 14:15:03,996 - Epoch 212 results:
2026-07-19 14:15:03,997 -   Train Loss:           0.204420
2026-07-19 14:15:03,998 -   Val/Test Loss:        0.202111
2026-07-19 14:15:03,999 -   Train Bal.Accuracy:   0.720172
2026-07-19 14:15:04,000 -   Val/Test Bal.Accuracy:0.723512
2026-07-19 14:15:04,000 -   Loss gap:             0.002309
2026-07-19 14:15:04,001 -   Accuracy gap:         -0.003341
2026-07-19 14:15:04,002 -   Epoch time:           1.46 sec
2026-07-19 14:15:04,003 - 
--- EPOCH 213/1000 ---
2026-07-19 14:15:04,003 - Starting epoch 213
2026-07-19 14:15:05,660 - Epoch 213 results:
2026-07-19 14:15:05,662 -   Train Loss:           0.204420
2026-07-19 14:15:05,663 -   Val/Test Loss:        0.202111
2026-07-19 14:15:05,664 -   Train Bal.Accuracy:   0.720172
2026-07-19 14:15:05,665 -   Val/Test Bal.Accuracy:0.723512
2026-07-19 14:15:05,665 -   Loss gap:             0.002309
2026-07-19 14:15:05,666 -   Accuracy gap:         -0.003341
2026-07-19 14:15:05,667 -   Epoch time:           1.66 sec
2026-07-19 14:15:05,668 - 
--- EPOCH 214/1000 ---
2026-07-19 14:15:05,669 - Starting epoch 214
2026-07-19 14:15:07,579 - Epoch 214 results:
2026-07-19 14:15:07,580 -   Train Loss:           0.204420
2026-07-19 14:15:07,581 -   Val/Test Loss:        0.202111
2026-07-19 14:15:07,582 -   Train Bal.Accuracy:   0.720196
2026-07-19 14:15:07,583 -   Val/Test Bal.Accuracy:0.723540
2026-07-19 14:15:07,583 -   Loss gap:             0.002309
2026-07-19 14:15:07,584 -   Accuracy gap:         -0.003343
2026-07-19 14:15:07,585 -   Epoch time:           1.91 sec
2026-07-19 14:15:07,586 - 
--- EPOCH 215/1000 ---
2026-07-19 14:15:07,587 - Starting epoch 215
2026-07-19 14:15:09,124 - Epoch 215 results:
2026-07-19 14:15:09,125 -   Train Loss:           0.204420
2026-07-19 14:15:09,125 -   Val/Test Loss:        0.202111
2026-07-19 14:15:09,127 -   Train Bal.Accuracy:   0.720205
2026-07-19 14:15:09,128 -   Val/Test Bal.Accuracy:0.723538
2026-07-19 14:15:09,128 -   Loss gap:             0.002309
2026-07-19 14:15:09,129 -   Accuracy gap:         -0.003333
2026-07-19 14:15:09,130 -   Epoch time:           1.54 sec
2026-07-19 14:15:09,131 - 
--- EPOCH 216/1000 ---
2026-07-19 14:15:09,131 - Starting epoch 216
2026-07-19 14:15:10,728 - Epoch 216 results:
2026-07-19 14:15:10,729 -   Train Loss:           0.204419
2026-07-19 14:15:10,730 -   Val/Test Loss:        0.202111
2026-07-19 14:15:10,731 -   Train Bal.Accuracy:   0.720205
2026-07-19 14:15:10,731 -   Val/Test Bal.Accuracy:0.723538
2026-07-19 14:15:10,733 -   Loss gap:             0.002309
2026-07-19 14:15:10,733 -   Accuracy gap:         -0.003333
2026-07-19 14:15:10,734 -   Epoch time:           1.60 sec
2026-07-19 14:15:10,735 - 
--- EPOCH 217/1000 ---
2026-07-19 14:15:10,736 - Starting epoch 217
2026-07-19 14:15:12,290 - Epoch 217 results:
2026-07-19 14:15:12,292 -   Train Loss:           0.204419
2026-07-19 14:15:12,293 -   Val/Test Loss:        0.202111
2026-07-19 14:15:12,295 -   Train Bal.Accuracy:   0.720205
2026-07-19 14:15:12,296 -   Val/Test Bal.Accuracy:0.723538
2026-07-19 14:15:12,298 -   Loss gap:             0.002309
2026-07-19 14:15:12,299 -   Accuracy gap:         -0.003333
2026-07-19 14:15:12,300 -   Epoch time:           1.55 sec
2026-07-19 14:15:12,301 - 
--- EPOCH 218/1000 ---
2026-07-19 14:15:12,302 - Starting epoch 218
2026-07-19 14:15:14,039 - Epoch 218 results:
2026-07-19 14:15:14,040 -   Train Loss:           0.204419
2026-07-19 14:15:14,041 -   Val/Test Loss:        0.202110
2026-07-19 14:15:14,042 -   Train Bal.Accuracy:   0.720205
2026-07-19 14:15:14,043 -   Val/Test Bal.Accuracy:0.723567
2026-07-19 14:15:14,044 -   Loss gap:             0.002309
2026-07-19 14:15:14,045 -   Accuracy gap:         -0.003362
2026-07-19 14:15:14,046 -   Epoch time:           1.74 sec
2026-07-19 14:15:14,047 - 
--- EPOCH 219/1000 ---
2026-07-19 14:15:14,048 - Starting epoch 219
2026-07-19 14:15:15,761 - Epoch 219 results:
2026-07-19 14:15:15,762 -   Train Loss:           0.204419
2026-07-19 14:15:15,763 -   Val/Test Loss:        0.202110
2026-07-19 14:15:15,764 -   Train Bal.Accuracy:   0.720216
2026-07-19 14:15:15,765 -   Val/Test Bal.Accuracy:0.723567
2026-07-19 14:15:15,766 -   Loss gap:             0.002309
2026-07-19 14:15:15,767 -   Accuracy gap:         -0.003351
2026-07-19 14:15:15,768 -   Epoch time:           1.71 sec
2026-07-19 14:15:15,768 - 
--- EPOCH 220/1000 ---
2026-07-19 14:15:15,770 - Starting epoch 220
2026-07-19 14:15:17,440 - Epoch 220 results:
2026-07-19 14:15:17,441 -   Train Loss:           0.204419
2026-07-19 14:15:17,442 -   Val/Test Loss:        0.202110
2026-07-19 14:15:17,443 -   Train Bal.Accuracy:   0.720215
2026-07-19 14:15:17,444 -   Val/Test Bal.Accuracy:0.723586
2026-07-19 14:15:17,445 -   Loss gap:             0.002309
2026-07-19 14:15:17,445 -   Accuracy gap:         -0.003371
2026-07-19 14:15:17,446 -   Epoch time:           1.67 sec
2026-07-19 14:15:17,447 - 
--- EPOCH 221/1000 ---
2026-07-19 14:15:17,448 - Starting epoch 221
2026-07-19 14:15:19,194 - Epoch 221 results:
2026-07-19 14:15:19,195 -   Train Loss:           0.204419
2026-07-19 14:15:19,196 -   Val/Test Loss:        0.202110
2026-07-19 14:15:19,197 -   Train Bal.Accuracy:   0.720213
2026-07-19 14:15:19,198 -   Val/Test Bal.Accuracy:0.723586
2026-07-19 14:15:19,199 -   Loss gap:             0.002309
2026-07-19 14:15:19,199 -   Accuracy gap:         -0.003373
2026-07-19 14:15:19,200 -   Epoch time:           1.75 sec
2026-07-19 14:15:19,201 - 
--- EPOCH 222/1000 ---
2026-07-19 14:15:19,202 - Starting epoch 222
2026-07-19 14:15:20,904 - Epoch 222 results:
2026-07-19 14:15:20,905 -   Train Loss:           0.204419
2026-07-19 14:15:20,906 -   Val/Test Loss:        0.202110
2026-07-19 14:15:20,907 -   Train Bal.Accuracy:   0.720222
2026-07-19 14:15:20,908 -   Val/Test Bal.Accuracy:0.723644
2026-07-19 14:15:20,908 -   Loss gap:             0.002309
2026-07-19 14:15:20,909 -   Accuracy gap:         -0.003422
2026-07-19 14:15:20,910 -   Epoch time:           1.70 sec
2026-07-19 14:15:20,911 - 
--- EPOCH 223/1000 ---
2026-07-19 14:15:20,913 - Starting epoch 223
2026-07-19 14:15:22,693 - Epoch 223 results:
2026-07-19 14:15:22,694 -   Train Loss:           0.204419
2026-07-19 14:15:22,696 -   Val/Test Loss:        0.202110
2026-07-19 14:15:22,697 -   Train Bal.Accuracy:   0.720222
2026-07-19 14:15:22,697 -   Val/Test Bal.Accuracy:0.723644
2026-07-19 14:15:22,698 -   Loss gap:             0.002309
2026-07-19 14:15:22,699 -   Accuracy gap:         -0.003422
2026-07-19 14:15:22,700 -   Epoch time:           1.78 sec
2026-07-19 14:15:22,701 - 
--- EPOCH 224/1000 ---
2026-07-19 14:15:22,702 - Starting epoch 224
2026-07-19 14:15:24,350 - Epoch 224 results:
2026-07-19 14:15:24,351 -   Train Loss:           0.204418
2026-07-19 14:15:24,352 -   Val/Test Loss:        0.202110
2026-07-19 14:15:24,353 -   Train Bal.Accuracy:   0.720222
2026-07-19 14:15:24,354 -   Val/Test Bal.Accuracy:0.723644
2026-07-19 14:15:24,354 -   Loss gap:             0.002308
2026-07-19 14:15:24,355 -   Accuracy gap:         -0.003422
2026-07-19 14:15:24,356 -   Epoch time:           1.65 sec
2026-07-19 14:15:24,357 - 
--- EPOCH 225/1000 ---
2026-07-19 14:15:24,358 - Starting epoch 225
2026-07-19 14:15:26,260 - Epoch 225 results:
2026-07-19 14:15:26,261 -   Train Loss:           0.204418
2026-07-19 14:15:26,262 -   Val/Test Loss:        0.202110
2026-07-19 14:15:26,263 -   Train Bal.Accuracy:   0.720230
2026-07-19 14:15:26,264 -   Val/Test Bal.Accuracy:0.723644
2026-07-19 14:15:26,265 -   Loss gap:             0.002308
2026-07-19 14:15:26,266 -   Accuracy gap:         -0.003414
2026-07-19 14:15:26,267 -   Epoch time:           1.90 sec
2026-07-19 14:15:26,267 - 
--- EPOCH 226/1000 ---
2026-07-19 14:15:26,269 - Starting epoch 226
2026-07-19 14:15:27,719 - Epoch 226 results:
2026-07-19 14:15:27,720 -   Train Loss:           0.204418
2026-07-19 14:15:27,721 -   Val/Test Loss:        0.202110
2026-07-19 14:15:27,722 -   Train Bal.Accuracy:   0.720229
2026-07-19 14:15:27,722 -   Val/Test Bal.Accuracy:0.723673
2026-07-19 14:15:27,723 -   Loss gap:             0.002308
2026-07-19 14:15:27,724 -   Accuracy gap:         -0.003444
2026-07-19 14:15:27,725 -   Epoch time:           1.45 sec
2026-07-19 14:15:27,726 - 
--- EPOCH 227/1000 ---
2026-07-19 14:15:27,727 - Starting epoch 227
2026-07-19 14:15:29,228 - Epoch 227 results:
2026-07-19 14:15:29,230 -   Train Loss:           0.204418
2026-07-19 14:15:29,230 -   Val/Test Loss:        0.202110
2026-07-19 14:15:29,231 -   Train Bal.Accuracy:   0.720229
2026-07-19 14:15:29,232 -   Val/Test Bal.Accuracy:0.723673
2026-07-19 14:15:29,232 -   Loss gap:             0.002308
2026-07-19 14:15:29,233 -   Accuracy gap:         -0.003444
2026-07-19 14:15:29,234 -   Epoch time:           1.50 sec
2026-07-19 14:15:29,235 - 
--- EPOCH 228/1000 ---
2026-07-19 14:15:29,235 - Starting epoch 228
2026-07-19 14:15:30,695 - Epoch 228 results:
2026-07-19 14:15:30,696 -   Train Loss:           0.204418
2026-07-19 14:15:30,697 -   Val/Test Loss:        0.202110
2026-07-19 14:15:30,698 -   Train Bal.Accuracy:   0.720253
2026-07-19 14:15:30,698 -   Val/Test Bal.Accuracy:0.723673
2026-07-19 14:15:30,699 -   Loss gap:             0.002308
2026-07-19 14:15:30,700 -   Accuracy gap:         -0.003420
2026-07-19 14:15:30,701 -   Epoch time:           1.46 sec
2026-07-19 14:15:30,701 - 
--- EPOCH 229/1000 ---
2026-07-19 14:15:30,702 - Starting epoch 229
2026-07-19 14:15:32,119 - Epoch 229 results:
2026-07-19 14:15:32,120 -   Train Loss:           0.204418
2026-07-19 14:15:32,121 -   Val/Test Loss:        0.202110
2026-07-19 14:15:32,121 -   Train Bal.Accuracy:   0.720261
2026-07-19 14:15:32,122 -   Val/Test Bal.Accuracy:0.723702
2026-07-19 14:15:32,123 -   Loss gap:             0.002308
2026-07-19 14:15:32,124 -   Accuracy gap:         -0.003441
2026-07-19 14:15:32,125 -   Epoch time:           1.42 sec
2026-07-19 14:15:32,127 - 
--- EPOCH 230/1000 ---
2026-07-19 14:15:32,128 - Starting epoch 230
2026-07-19 14:15:33,541 - Epoch 230 results:
2026-07-19 14:15:33,542 -   Train Loss:           0.204418
2026-07-19 14:15:33,543 -   Val/Test Loss:        0.202110
2026-07-19 14:15:33,544 -   Train Bal.Accuracy:   0.720261
2026-07-19 14:15:33,545 -   Val/Test Bal.Accuracy:0.723702
2026-07-19 14:15:33,546 -   Loss gap:             0.002308
2026-07-19 14:15:33,547 -   Accuracy gap:         -0.003441
2026-07-19 14:15:33,548 -   Epoch time:           1.41 sec
2026-07-19 14:15:33,549 - 
--- EPOCH 231/1000 ---
2026-07-19 14:15:33,549 - Starting epoch 231
2026-07-19 14:15:35,352 - Epoch 231 results:
2026-07-19 14:15:35,353 -   Train Loss:           0.204418
2026-07-19 14:15:35,354 -   Val/Test Loss:        0.202110
2026-07-19 14:15:35,355 -   Train Bal.Accuracy:   0.720261
2026-07-19 14:15:35,356 -   Val/Test Bal.Accuracy:0.723731
2026-07-19 14:15:35,357 -   Loss gap:             0.002308
2026-07-19 14:15:35,357 -   Accuracy gap:         -0.003470
2026-07-19 14:15:35,358 -   Epoch time:           1.80 sec
2026-07-19 14:15:35,359 - 
--- EPOCH 232/1000 ---
2026-07-19 14:15:35,360 - Starting epoch 232
2026-07-19 14:15:36,927 - Epoch 232 results:
2026-07-19 14:15:36,928 -   Train Loss:           0.204418
2026-07-19 14:15:36,929 -   Val/Test Loss:        0.202109
2026-07-19 14:15:36,930 -   Train Bal.Accuracy:   0.720270
2026-07-19 14:15:36,931 -   Val/Test Bal.Accuracy:0.723731
2026-07-19 14:15:36,932 -   Loss gap:             0.002308
2026-07-19 14:15:36,933 -   Accuracy gap:         -0.003461
2026-07-19 14:15:36,934 -   Epoch time:           1.57 sec
2026-07-19 14:15:36,935 - 
--- EPOCH 233/1000 ---
2026-07-19 14:15:36,935 - Starting epoch 233
2026-07-19 14:15:38,442 - Epoch 233 results:
2026-07-19 14:15:38,443 -   Train Loss:           0.204418
2026-07-19 14:15:38,444 -   Val/Test Loss:        0.202109
2026-07-19 14:15:38,445 -   Train Bal.Accuracy:   0.720282
2026-07-19 14:15:38,446 -   Val/Test Bal.Accuracy:0.723731
2026-07-19 14:15:38,447 -   Loss gap:             0.002308
2026-07-19 14:15:38,448 -   Accuracy gap:         -0.003449
2026-07-19 14:15:38,449 -   Epoch time:           1.51 sec
2026-07-19 14:15:38,450 - 
--- EPOCH 234/1000 ---
2026-07-19 14:15:38,451 - Starting epoch 234
2026-07-19 14:15:40,117 - Epoch 234 results:
2026-07-19 14:15:40,118 -   Train Loss:           0.204417
2026-07-19 14:15:40,119 -   Val/Test Loss:        0.202109
2026-07-19 14:15:40,120 -   Train Bal.Accuracy:   0.720282
2026-07-19 14:15:40,120 -   Val/Test Bal.Accuracy:0.723731
2026-07-19 14:15:40,121 -   Loss gap:             0.002308
2026-07-19 14:15:40,122 -   Accuracy gap:         -0.003449
2026-07-19 14:15:40,124 -   Epoch time:           1.67 sec
2026-07-19 14:15:40,125 - 
--- EPOCH 235/1000 ---
2026-07-19 14:15:40,126 - Starting epoch 235
2026-07-19 14:15:41,832 - Epoch 235 results:
2026-07-19 14:15:41,833 -   Train Loss:           0.204417
2026-07-19 14:15:41,833 -   Val/Test Loss:        0.202109
2026-07-19 14:15:41,835 -   Train Bal.Accuracy:   0.720270
2026-07-19 14:15:41,835 -   Val/Test Bal.Accuracy:0.723729
2026-07-19 14:15:41,836 -   Loss gap:             0.002308
2026-07-19 14:15:41,837 -   Accuracy gap:         -0.003459
2026-07-19 14:15:41,838 -   Epoch time:           1.71 sec
2026-07-19 14:15:41,838 - 
--- EPOCH 236/1000 ---
2026-07-19 14:15:41,839 - Starting epoch 236
2026-07-19 14:15:43,391 - Epoch 236 results:
2026-07-19 14:15:43,392 -   Train Loss:           0.204417
2026-07-19 14:15:43,393 -   Val/Test Loss:        0.202109
2026-07-19 14:15:43,393 -   Train Bal.Accuracy:   0.720294
2026-07-19 14:15:43,394 -   Val/Test Bal.Accuracy:0.723729
2026-07-19 14:15:43,395 -   Loss gap:             0.002308
2026-07-19 14:15:43,396 -   Accuracy gap:         -0.003435
2026-07-19 14:15:43,397 -   Epoch time:           1.55 sec
2026-07-19 14:15:43,397 - 
--- EPOCH 237/1000 ---
2026-07-19 14:15:43,399 - Starting epoch 237
2026-07-19 14:15:45,220 - Epoch 237 results:
2026-07-19 14:15:45,221 -   Train Loss:           0.204417
2026-07-19 14:15:45,222 -   Val/Test Loss:        0.202109
2026-07-19 14:15:45,223 -   Train Bal.Accuracy:   0.720305
2026-07-19 14:15:45,224 -   Val/Test Bal.Accuracy:0.723729
2026-07-19 14:15:45,225 -   Loss gap:             0.002308
2026-07-19 14:15:45,225 -   Accuracy gap:         -0.003425
2026-07-19 14:15:45,227 -   Epoch time:           1.82 sec
2026-07-19 14:15:45,228 - 
--- EPOCH 238/1000 ---
2026-07-19 14:15:45,229 - Starting epoch 238
2026-07-19 14:15:46,739 - Epoch 238 results:
2026-07-19 14:15:46,740 -   Train Loss:           0.204417
2026-07-19 14:15:46,741 -   Val/Test Loss:        0.202109
2026-07-19 14:15:46,742 -   Train Bal.Accuracy:   0.720305
2026-07-19 14:15:46,743 -   Val/Test Bal.Accuracy:0.723729
2026-07-19 14:15:46,744 -   Loss gap:             0.002308
2026-07-19 14:15:46,745 -   Accuracy gap:         -0.003425
2026-07-19 14:15:46,746 -   Epoch time:           1.51 sec
2026-07-19 14:15:46,746 - 
--- EPOCH 239/1000 ---
2026-07-19 14:15:46,747 - Starting epoch 239
2026-07-19 14:15:48,281 - Epoch 239 results:
2026-07-19 14:15:48,282 -   Train Loss:           0.204417
2026-07-19 14:15:48,283 -   Val/Test Loss:        0.202109
2026-07-19 14:15:48,284 -   Train Bal.Accuracy:   0.720305
2026-07-19 14:15:48,285 -   Val/Test Bal.Accuracy:0.723729
2026-07-19 14:15:48,285 -   Loss gap:             0.002308
2026-07-19 14:15:48,286 -   Accuracy gap:         -0.003425
2026-07-19 14:15:48,287 -   Epoch time:           1.54 sec
2026-07-19 14:15:48,288 - 
--- EPOCH 240/1000 ---
2026-07-19 14:15:48,289 - Starting epoch 240
2026-07-19 14:15:49,916 - Epoch 240 results:
2026-07-19 14:15:49,917 -   Train Loss:           0.204417
2026-07-19 14:15:49,918 -   Val/Test Loss:        0.202109
2026-07-19 14:15:49,918 -   Train Bal.Accuracy:   0.720325
2026-07-19 14:15:49,919 -   Val/Test Bal.Accuracy:0.723727
2026-07-19 14:15:49,920 -   Loss gap:             0.002308
2026-07-19 14:15:49,921 -   Accuracy gap:         -0.003402
2026-07-19 14:15:49,922 -   Epoch time:           1.63 sec
2026-07-19 14:15:49,923 - 
--- EPOCH 241/1000 ---
2026-07-19 14:15:49,924 - Starting epoch 241
2026-07-19 14:15:51,375 - Epoch 241 results:
2026-07-19 14:15:51,376 -   Train Loss:           0.204417
2026-07-19 14:15:51,377 -   Val/Test Loss:        0.202109
2026-07-19 14:15:51,378 -   Train Bal.Accuracy:   0.720346
2026-07-19 14:15:51,379 -   Val/Test Bal.Accuracy:0.723727
2026-07-19 14:15:51,380 -   Loss gap:             0.002308
2026-07-19 14:15:51,381 -   Accuracy gap:         -0.003381
2026-07-19 14:15:51,382 -   Epoch time:           1.45 sec
2026-07-19 14:15:51,383 - 
--- EPOCH 242/1000 ---
2026-07-19 14:15:51,384 - Starting epoch 242
2026-07-19 14:15:52,828 - Epoch 242 results:
2026-07-19 14:15:52,829 -   Train Loss:           0.204417
2026-07-19 14:15:52,830 -   Val/Test Loss:        0.202109
2026-07-19 14:15:52,831 -   Train Bal.Accuracy:   0.720354
2026-07-19 14:15:52,831 -   Val/Test Bal.Accuracy:0.723727
2026-07-19 14:15:52,833 -   Loss gap:             0.002308
2026-07-19 14:15:52,833 -   Accuracy gap:         -0.003373
2026-07-19 14:15:52,834 -   Epoch time:           1.45 sec
2026-07-19 14:15:52,835 - 
--- EPOCH 243/1000 ---
2026-07-19 14:15:52,836 - Starting epoch 243
2026-07-19 14:15:54,383 - Epoch 243 results:
2026-07-19 14:15:54,385 -   Train Loss:           0.204417
2026-07-19 14:15:54,386 -   Val/Test Loss:        0.202109
2026-07-19 14:15:54,387 -   Train Bal.Accuracy:   0.720354
2026-07-19 14:15:54,388 -   Val/Test Bal.Accuracy:0.723727
2026-07-19 14:15:54,390 -   Loss gap:             0.002308
2026-07-19 14:15:54,391 -   Accuracy gap:         -0.003373
2026-07-19 14:15:54,393 -   Epoch time:           1.55 sec
2026-07-19 14:15:54,394 - 
--- EPOCH 244/1000 ---
2026-07-19 14:15:54,395 - Starting epoch 244
2026-07-19 14:15:55,875 - Epoch 244 results:
2026-07-19 14:15:55,876 -   Train Loss:           0.204417
2026-07-19 14:15:55,877 -   Val/Test Loss:        0.202109
2026-07-19 14:15:55,878 -   Train Bal.Accuracy:   0.720374
2026-07-19 14:15:55,879 -   Val/Test Bal.Accuracy:0.723727
2026-07-19 14:15:55,880 -   Loss gap:             0.002308
2026-07-19 14:15:55,881 -   Accuracy gap:         -0.003353
2026-07-19 14:15:55,882 -   Epoch time:           1.48 sec
2026-07-19 14:15:55,883 - 
--- EPOCH 245/1000 ---
2026-07-19 14:15:55,884 - Starting epoch 245
2026-07-19 14:15:57,389 - Epoch 245 results:
2026-07-19 14:15:57,390 -   Train Loss:           0.204416
2026-07-19 14:15:57,391 -   Val/Test Loss:        0.202109
2026-07-19 14:15:57,392 -   Train Bal.Accuracy:   0.720394
2026-07-19 14:15:57,393 -   Val/Test Bal.Accuracy:0.723727
2026-07-19 14:15:57,394 -   Loss gap:             0.002308
2026-07-19 14:15:57,395 -   Accuracy gap:         -0.003333
2026-07-19 14:15:57,396 -   Epoch time:           1.51 sec
2026-07-19 14:15:57,397 - 
--- EPOCH 246/1000 ---
2026-07-19 14:15:57,398 - Starting epoch 246
2026-07-19 14:15:58,860 - Epoch 246 results:
2026-07-19 14:15:58,861 -   Train Loss:           0.204416
2026-07-19 14:15:58,862 -   Val/Test Loss:        0.202109
2026-07-19 14:15:58,864 -   Train Bal.Accuracy:   0.720394
2026-07-19 14:15:58,865 -   Val/Test Bal.Accuracy:0.723727
2026-07-19 14:15:58,866 -   Loss gap:             0.002308
2026-07-19 14:15:58,866 -   Accuracy gap:         -0.003333
2026-07-19 14:15:58,868 -   Epoch time:           1.46 sec
2026-07-19 14:15:58,868 - 
--- EPOCH 247/1000 ---
2026-07-19 14:15:58,869 - Starting epoch 247
2026-07-19 14:16:00,428 - Epoch 247 results:
2026-07-19 14:16:00,429 -   Train Loss:           0.204416
2026-07-19 14:16:00,430 -   Val/Test Loss:        0.202108
2026-07-19 14:16:00,431 -   Train Bal.Accuracy:   0.720394
2026-07-19 14:16:00,432 -   Val/Test Bal.Accuracy:0.723727
2026-07-19 14:16:00,433 -   Loss gap:             0.002308
2026-07-19 14:16:00,434 -   Accuracy gap:         -0.003333
2026-07-19 14:16:00,434 -   Epoch time:           1.56 sec
2026-07-19 14:16:00,435 - 
--- EPOCH 248/1000 ---
2026-07-19 14:16:00,436 - Starting epoch 248
2026-07-19 14:16:01,842 - Epoch 248 results:
2026-07-19 14:16:01,843 -   Train Loss:           0.204416
2026-07-19 14:16:01,844 -   Val/Test Loss:        0.202108
2026-07-19 14:16:01,845 -   Train Bal.Accuracy:   0.720394
2026-07-19 14:16:01,846 -   Val/Test Bal.Accuracy:0.723727
2026-07-19 14:16:01,847 -   Loss gap:             0.002308
2026-07-19 14:16:01,848 -   Accuracy gap:         -0.003333
2026-07-19 14:16:01,848 -   Epoch time:           1.41 sec
2026-07-19 14:16:01,849 - 
--- EPOCH 249/1000 ---
2026-07-19 14:16:01,850 - Starting epoch 249
2026-07-19 14:16:03,269 - Epoch 249 results:
2026-07-19 14:16:03,270 -   Train Loss:           0.204416
2026-07-19 14:16:03,271 -   Val/Test Loss:        0.202108
2026-07-19 14:16:03,272 -   Train Bal.Accuracy:   0.720393
2026-07-19 14:16:03,273 -   Val/Test Bal.Accuracy:0.723727
2026-07-19 14:16:03,274 -   Loss gap:             0.002308
2026-07-19 14:16:03,275 -   Accuracy gap:         -0.003334
2026-07-19 14:16:03,276 -   Epoch time:           1.42 sec
2026-07-19 14:16:03,276 - 
--- EPOCH 250/1000 ---
2026-07-19 14:16:03,278 - Starting epoch 250
2026-07-19 14:16:04,650 - Epoch 250 results:
2026-07-19 14:16:04,651 -   Train Loss:           0.204416
2026-07-19 14:16:04,652 -   Val/Test Loss:        0.202108
2026-07-19 14:16:04,653 -   Train Bal.Accuracy:   0.720393
2026-07-19 14:16:04,653 -   Val/Test Bal.Accuracy:0.723785
2026-07-19 14:16:04,654 -   Loss gap:             0.002308
2026-07-19 14:16:04,656 -   Accuracy gap:         -0.003392
2026-07-19 14:16:04,656 -   Epoch time:           1.37 sec
2026-07-19 14:16:04,657 - 
--- EPOCH 251/1000 ---
2026-07-19 14:16:04,658 - Starting epoch 251
2026-07-19 14:16:06,135 - Epoch 251 results:
2026-07-19 14:16:06,136 -   Train Loss:           0.204416
2026-07-19 14:16:06,137 -   Val/Test Loss:        0.202108
2026-07-19 14:16:06,138 -   Train Bal.Accuracy:   0.720393
2026-07-19 14:16:06,139 -   Val/Test Bal.Accuracy:0.723785
2026-07-19 14:16:06,140 -   Loss gap:             0.002308
2026-07-19 14:16:06,141 -   Accuracy gap:         -0.003392
2026-07-19 14:16:06,142 -   Epoch time:           1.48 sec
2026-07-19 14:16:06,143 - 
--- EPOCH 252/1000 ---
2026-07-19 14:16:06,144 - Starting epoch 252
2026-07-19 14:16:07,495 - Epoch 252 results:
2026-07-19 14:16:07,497 -   Train Loss:           0.204416
2026-07-19 14:16:07,497 -   Val/Test Loss:        0.202108
2026-07-19 14:16:07,498 -   Train Bal.Accuracy:   0.720417
2026-07-19 14:16:07,499 -   Val/Test Bal.Accuracy:0.723814
2026-07-19 14:16:07,500 -   Loss gap:             0.002308
2026-07-19 14:16:07,501 -   Accuracy gap:         -0.003397
2026-07-19 14:16:07,502 -   Epoch time:           1.35 sec
2026-07-19 14:16:07,503 - 
--- EPOCH 253/1000 ---
2026-07-19 14:16:07,504 - Starting epoch 253
2026-07-19 14:16:08,882 - Epoch 253 results:
2026-07-19 14:16:08,883 -   Train Loss:           0.204416
2026-07-19 14:16:08,883 -   Val/Test Loss:        0.202108
2026-07-19 14:16:08,884 -   Train Bal.Accuracy:   0.720426
2026-07-19 14:16:08,885 -   Val/Test Bal.Accuracy:0.723814
2026-07-19 14:16:08,886 -   Loss gap:             0.002308
2026-07-19 14:16:08,887 -   Accuracy gap:         -0.003389
2026-07-19 14:16:08,888 -   Epoch time:           1.38 sec
2026-07-19 14:16:08,888 - 
--- EPOCH 254/1000 ---
2026-07-19 14:16:08,890 - Starting epoch 254
2026-07-19 14:16:10,387 - Epoch 254 results:
2026-07-19 14:16:10,389 -   Train Loss:           0.204416
2026-07-19 14:16:10,391 -   Val/Test Loss:        0.202108
2026-07-19 14:16:10,392 -   Train Bal.Accuracy:   0.720426
2026-07-19 14:16:10,393 -   Val/Test Bal.Accuracy:0.723812
2026-07-19 14:16:10,395 -   Loss gap:             0.002308
2026-07-19 14:16:10,397 -   Accuracy gap:         -0.003387
2026-07-19 14:16:10,399 -   Epoch time:           1.50 sec
2026-07-19 14:16:10,400 - 
--- EPOCH 255/1000 ---
2026-07-19 14:16:10,401 - Starting epoch 255
2026-07-19 14:16:12,134 - Epoch 255 results:
2026-07-19 14:16:12,135 -   Train Loss:           0.204416
2026-07-19 14:16:12,135 -   Val/Test Loss:        0.202108
2026-07-19 14:16:12,136 -   Train Bal.Accuracy:   0.720426
2026-07-19 14:16:12,137 -   Val/Test Bal.Accuracy:0.723812
2026-07-19 14:16:12,138 -   Loss gap:             0.002308
2026-07-19 14:16:12,139 -   Accuracy gap:         -0.003387
2026-07-19 14:16:12,140 -   Epoch time:           1.73 sec
2026-07-19 14:16:12,141 - 
--- EPOCH 256/1000 ---
2026-07-19 14:16:12,142 - Starting epoch 256
2026-07-19 14:16:13,499 - Epoch 256 results:
2026-07-19 14:16:13,500 -   Train Loss:           0.204415
2026-07-19 14:16:13,500 -   Val/Test Loss:        0.202108
2026-07-19 14:16:13,501 -   Train Bal.Accuracy:   0.720426
2026-07-19 14:16:13,502 -   Val/Test Bal.Accuracy:0.723812
2026-07-19 14:16:13,503 -   Loss gap:             0.002308
2026-07-19 14:16:13,503 -   Accuracy gap:         -0.003387
2026-07-19 14:16:13,504 -   Epoch time:           1.36 sec
2026-07-19 14:16:13,505 - 
--- EPOCH 257/1000 ---
2026-07-19 14:16:13,506 - Starting epoch 257
2026-07-19 14:16:14,849 - Epoch 257 results:
2026-07-19 14:16:14,850 -   Train Loss:           0.204415
2026-07-19 14:16:14,851 -   Val/Test Loss:        0.202108
2026-07-19 14:16:14,852 -   Train Bal.Accuracy:   0.720426
2026-07-19 14:16:14,853 -   Val/Test Bal.Accuracy:0.723812
2026-07-19 14:16:14,853 -   Loss gap:             0.002307
2026-07-19 14:16:14,854 -   Accuracy gap:         -0.003387
2026-07-19 14:16:14,855 -   Epoch time:           1.34 sec
2026-07-19 14:16:14,855 - 
--- EPOCH 258/1000 ---
2026-07-19 14:16:14,856 - Starting epoch 258
2026-07-19 14:16:16,362 - Epoch 258 results:
2026-07-19 14:16:16,363 -   Train Loss:           0.204415
2026-07-19 14:16:16,364 -   Val/Test Loss:        0.202108
2026-07-19 14:16:16,365 -   Train Bal.Accuracy:   0.720426
2026-07-19 14:16:16,365 -   Val/Test Bal.Accuracy:0.723812
2026-07-19 14:16:16,366 -   Loss gap:             0.002307
2026-07-19 14:16:16,367 -   Accuracy gap:         -0.003387
2026-07-19 14:16:16,368 -   Epoch time:           1.51 sec
2026-07-19 14:16:16,368 - 
--- EPOCH 259/1000 ---
2026-07-19 14:16:16,369 - Starting epoch 259
2026-07-19 14:16:17,729 - Epoch 259 results:
2026-07-19 14:16:17,730 -   Train Loss:           0.204415
2026-07-19 14:16:17,731 -   Val/Test Loss:        0.202108
2026-07-19 14:16:17,732 -   Train Bal.Accuracy:   0.720438
2026-07-19 14:16:17,733 -   Val/Test Bal.Accuracy:0.723812
2026-07-19 14:16:17,733 -   Loss gap:             0.002307
2026-07-19 14:16:17,734 -   Accuracy gap:         -0.003374
2026-07-19 14:16:17,735 -   Epoch time:           1.36 sec
2026-07-19 14:16:17,736 - 
--- EPOCH 260/1000 ---
2026-07-19 14:16:17,736 - Starting epoch 260
2026-07-19 14:16:19,159 - Epoch 260 results:
2026-07-19 14:16:19,160 -   Train Loss:           0.204415
2026-07-19 14:16:19,160 -   Val/Test Loss:        0.202108
2026-07-19 14:16:19,161 -   Train Bal.Accuracy:   0.720438
2026-07-19 14:16:19,162 -   Val/Test Bal.Accuracy:0.723812
2026-07-19 14:16:19,163 -   Loss gap:             0.002307
2026-07-19 14:16:19,163 -   Accuracy gap:         -0.003374
2026-07-19 14:16:19,164 -   Epoch time:           1.42 sec
2026-07-19 14:16:19,165 - 
--- EPOCH 261/1000 ---
2026-07-19 14:16:19,166 - Starting epoch 261
2026-07-19 14:16:20,621 - Epoch 261 results:
2026-07-19 14:16:20,622 -   Train Loss:           0.204415
2026-07-19 14:16:20,622 -   Val/Test Loss:        0.202108
2026-07-19 14:16:20,623 -   Train Bal.Accuracy:   0.720449
2026-07-19 14:16:20,624 -   Val/Test Bal.Accuracy:0.723812
2026-07-19 14:16:20,625 -   Loss gap:             0.002307
2026-07-19 14:16:20,626 -   Accuracy gap:         -0.003363
2026-07-19 14:16:20,626 -   Epoch time:           1.46 sec
2026-07-19 14:16:20,627 - 
--- EPOCH 262/1000 ---
2026-07-19 14:16:20,628 - Starting epoch 262
2026-07-19 14:16:22,047 - Epoch 262 results:
2026-07-19 14:16:22,048 -   Train Loss:           0.204415
2026-07-19 14:16:22,048 -   Val/Test Loss:        0.202108
2026-07-19 14:16:22,049 -   Train Bal.Accuracy:   0.720449
2026-07-19 14:16:22,050 -   Val/Test Bal.Accuracy:0.723812
2026-07-19 14:16:22,051 -   Loss gap:             0.002307
2026-07-19 14:16:22,052 -   Accuracy gap:         -0.003363
2026-07-19 14:16:22,053 -   Epoch time:           1.42 sec
2026-07-19 14:16:22,053 - 
--- EPOCH 263/1000 ---
2026-07-19 14:16:22,054 - Starting epoch 263
2026-07-19 14:16:23,494 - Epoch 263 results:
2026-07-19 14:16:23,495 -   Train Loss:           0.204415
2026-07-19 14:16:23,496 -   Val/Test Loss:        0.202108
2026-07-19 14:16:23,497 -   Train Bal.Accuracy:   0.720449
2026-07-19 14:16:23,498 -   Val/Test Bal.Accuracy:0.723841
2026-07-19 14:16:23,499 -   Loss gap:             0.002307
2026-07-19 14:16:23,500 -   Accuracy gap:         -0.003392
2026-07-19 14:16:23,501 -   Epoch time:           1.44 sec
2026-07-19 14:16:23,501 - 
--- EPOCH 264/1000 ---
2026-07-19 14:16:23,502 - Starting epoch 264
2026-07-19 14:16:24,892 - Epoch 264 results:
2026-07-19 14:16:24,893 -   Train Loss:           0.204415
2026-07-19 14:16:24,895 -   Val/Test Loss:        0.202107
2026-07-19 14:16:24,896 -   Train Bal.Accuracy:   0.720449
2026-07-19 14:16:24,897 -   Val/Test Bal.Accuracy:0.723841
2026-07-19 14:16:24,898 -   Loss gap:             0.002307
2026-07-19 14:16:24,899 -   Accuracy gap:         -0.003392
2026-07-19 14:16:24,900 -   Epoch time:           1.39 sec
2026-07-19 14:16:24,901 - 
--- EPOCH 265/1000 ---
2026-07-19 14:16:24,902 - Starting epoch 265
2026-07-19 14:16:26,572 - Epoch 265 results:
2026-07-19 14:16:26,573 -   Train Loss:           0.204415
2026-07-19 14:16:26,574 -   Val/Test Loss:        0.202107
2026-07-19 14:16:26,575 -   Train Bal.Accuracy:   0.720449
2026-07-19 14:16:26,577 -   Val/Test Bal.Accuracy:0.723841
2026-07-19 14:16:26,578 -   Loss gap:             0.002307
2026-07-19 14:16:26,579 -   Accuracy gap:         -0.003392
2026-07-19 14:16:26,580 -   Epoch time:           1.67 sec
2026-07-19 14:16:26,581 - 
--- EPOCH 266/1000 ---
2026-07-19 14:16:26,582 - Starting epoch 266
2026-07-19 14:16:28,160 - Epoch 266 results:
2026-07-19 14:16:28,161 -   Train Loss:           0.204415
2026-07-19 14:16:28,162 -   Val/Test Loss:        0.202107
2026-07-19 14:16:28,163 -   Train Bal.Accuracy:   0.720457
2026-07-19 14:16:28,164 -   Val/Test Bal.Accuracy:0.723841
2026-07-19 14:16:28,166 -   Loss gap:             0.002307
2026-07-19 14:16:28,167 -   Accuracy gap:         -0.003384
2026-07-19 14:16:28,168 -   Epoch time:           1.58 sec
2026-07-19 14:16:28,169 - 
--- EPOCH 267/1000 ---
2026-07-19 14:16:28,170 - Starting epoch 267
2026-07-19 14:16:30,038 - Epoch 267 results:
2026-07-19 14:16:30,040 -   Train Loss:           0.204415
2026-07-19 14:16:30,041 -   Val/Test Loss:        0.202107
2026-07-19 14:16:30,042 -   Train Bal.Accuracy:   0.720457
2026-07-19 14:16:30,044 -   Val/Test Bal.Accuracy:0.723861
2026-07-19 14:16:30,045 -   Loss gap:             0.002307
2026-07-19 14:16:30,046 -   Accuracy gap:         -0.003404
2026-07-19 14:16:30,047 -   Epoch time:           1.87 sec
2026-07-19 14:16:30,048 - 
--- EPOCH 268/1000 ---
2026-07-19 14:16:30,049 - Starting epoch 268
2026-07-19 14:16:31,805 - Epoch 268 results:
2026-07-19 14:16:31,806 -   Train Loss:           0.204414
2026-07-19 14:16:31,807 -   Val/Test Loss:        0.202107
2026-07-19 14:16:31,808 -   Train Bal.Accuracy:   0.720469
2026-07-19 14:16:31,809 -   Val/Test Bal.Accuracy:0.723919
2026-07-19 14:16:31,810 -   Loss gap:             0.002307
2026-07-19 14:16:31,811 -   Accuracy gap:         -0.003450
2026-07-19 14:16:31,812 -   Epoch time:           1.76 sec
2026-07-19 14:16:31,812 - 
--- EPOCH 269/1000 ---
2026-07-19 14:16:31,813 - Starting epoch 269
2026-07-19 14:16:33,281 - Epoch 269 results:
2026-07-19 14:16:33,282 -   Train Loss:           0.204414
2026-07-19 14:16:33,283 -   Val/Test Loss:        0.202107
2026-07-19 14:16:33,284 -   Train Bal.Accuracy:   0.720477
2026-07-19 14:16:33,285 -   Val/Test Bal.Accuracy:0.723919
2026-07-19 14:16:33,286 -   Loss gap:             0.002307
2026-07-19 14:16:33,287 -   Accuracy gap:         -0.003441
2026-07-19 14:16:33,288 -   Epoch time:           1.47 sec
2026-07-19 14:16:33,288 - 
--- EPOCH 270/1000 ---
2026-07-19 14:16:33,289 - Starting epoch 270
2026-07-19 14:16:34,847 - Epoch 270 results:
2026-07-19 14:16:34,849 -   Train Loss:           0.204414
2026-07-19 14:16:34,849 -   Val/Test Loss:        0.202107
2026-07-19 14:16:34,850 -   Train Bal.Accuracy:   0.720490
2026-07-19 14:16:34,851 -   Val/Test Bal.Accuracy:0.723919
2026-07-19 14:16:34,851 -   Loss gap:             0.002307
2026-07-19 14:16:34,852 -   Accuracy gap:         -0.003429
2026-07-19 14:16:34,853 -   Epoch time:           1.56 sec
2026-07-19 14:16:34,854 - 
--- EPOCH 271/1000 ---
2026-07-19 14:16:34,855 - Starting epoch 271
2026-07-19 14:16:36,294 - Epoch 271 results:
2026-07-19 14:16:36,295 -   Train Loss:           0.204414
2026-07-19 14:16:36,296 -   Val/Test Loss:        0.202107
2026-07-19 14:16:36,297 -   Train Bal.Accuracy:   0.720498
2026-07-19 14:16:36,298 -   Val/Test Bal.Accuracy:0.723919
2026-07-19 14:16:36,299 -   Loss gap:             0.002307
2026-07-19 14:16:36,300 -   Accuracy gap:         -0.003421
2026-07-19 14:16:36,301 -   Epoch time:           1.44 sec
2026-07-19 14:16:36,302 - 
--- EPOCH 272/1000 ---
2026-07-19 14:16:36,302 - Starting epoch 272
2026-07-19 14:16:37,777 - Epoch 272 results:
2026-07-19 14:16:37,778 -   Train Loss:           0.204414
2026-07-19 14:16:37,779 -   Val/Test Loss:        0.202107
2026-07-19 14:16:37,780 -   Train Bal.Accuracy:   0.720497
2026-07-19 14:16:37,781 -   Val/Test Bal.Accuracy:0.723919
2026-07-19 14:16:37,782 -   Loss gap:             0.002307
2026-07-19 14:16:37,783 -   Accuracy gap:         -0.003422
2026-07-19 14:16:37,784 -   Epoch time:           1.48 sec
2026-07-19 14:16:37,785 - 
--- EPOCH 273/1000 ---
2026-07-19 14:16:37,785 - Starting epoch 273
2026-07-19 14:16:39,229 - Epoch 273 results:
2026-07-19 14:16:39,230 -   Train Loss:           0.204414
2026-07-19 14:16:39,231 -   Val/Test Loss:        0.202107
2026-07-19 14:16:39,232 -   Train Bal.Accuracy:   0.720509
2026-07-19 14:16:39,233 -   Val/Test Bal.Accuracy:0.723919
2026-07-19 14:16:39,234 -   Loss gap:             0.002307
2026-07-19 14:16:39,235 -   Accuracy gap:         -0.003409
2026-07-19 14:16:39,236 -   Epoch time:           1.44 sec
2026-07-19 14:16:39,237 - 
--- EPOCH 274/1000 ---
2026-07-19 14:16:39,237 - Starting epoch 274
2026-07-19 14:16:40,642 - Epoch 274 results:
2026-07-19 14:16:40,643 -   Train Loss:           0.204414
2026-07-19 14:16:40,644 -   Val/Test Loss:        0.202107
2026-07-19 14:16:40,646 -   Train Bal.Accuracy:   0.720509
2026-07-19 14:16:40,647 -   Val/Test Bal.Accuracy:0.723919
2026-07-19 14:16:40,648 -   Loss gap:             0.002307
2026-07-19 14:16:40,649 -   Accuracy gap:         -0.003409
2026-07-19 14:16:40,650 -   Epoch time:           1.41 sec
2026-07-19 14:16:40,650 - 
--- EPOCH 275/1000 ---
2026-07-19 14:16:40,651 - Starting epoch 275
2026-07-19 14:16:42,239 - Epoch 275 results:
2026-07-19 14:16:42,240 -   Train Loss:           0.204414
2026-07-19 14:16:42,241 -   Val/Test Loss:        0.202107
2026-07-19 14:16:42,242 -   Train Bal.Accuracy:   0.720509
2026-07-19 14:16:42,243 -   Val/Test Bal.Accuracy:0.723919
2026-07-19 14:16:42,244 -   Loss gap:             0.002307
2026-07-19 14:16:42,245 -   Accuracy gap:         -0.003409
2026-07-19 14:16:42,246 -   Epoch time:           1.59 sec
2026-07-19 14:16:42,247 - 
--- EPOCH 276/1000 ---
2026-07-19 14:16:42,248 - Starting epoch 276
2026-07-19 14:16:43,758 - Epoch 276 results:
2026-07-19 14:16:43,760 -   Train Loss:           0.204414
2026-07-19 14:16:43,761 -   Val/Test Loss:        0.202107
2026-07-19 14:16:43,762 -   Train Bal.Accuracy:   0.720509
2026-07-19 14:16:43,763 -   Val/Test Bal.Accuracy:0.723919
2026-07-19 14:16:43,764 -   Loss gap:             0.002307
2026-07-19 14:16:43,765 -   Accuracy gap:         -0.003409
2026-07-19 14:16:43,766 -   Epoch time:           1.51 sec
2026-07-19 14:16:43,767 - 
--- EPOCH 277/1000 ---
2026-07-19 14:16:43,768 - Starting epoch 277
2026-07-19 14:16:45,312 - Epoch 277 results:
2026-07-19 14:16:45,313 -   Train Loss:           0.204414
2026-07-19 14:16:45,314 -   Val/Test Loss:        0.202107
2026-07-19 14:16:45,315 -   Train Bal.Accuracy:   0.720522
2026-07-19 14:16:45,316 -   Val/Test Bal.Accuracy:0.723919
2026-07-19 14:16:45,317 -   Loss gap:             0.002307
2026-07-19 14:16:45,317 -   Accuracy gap:         -0.003397
2026-07-19 14:16:45,318 -   Epoch time:           1.54 sec
2026-07-19 14:16:45,319 - 
--- EPOCH 278/1000 ---
2026-07-19 14:16:45,320 - Starting epoch 278
2026-07-19 14:16:47,079 - Epoch 278 results:
2026-07-19 14:16:47,080 -   Train Loss:           0.204414
2026-07-19 14:16:47,081 -   Val/Test Loss:        0.202107
2026-07-19 14:16:47,082 -   Train Bal.Accuracy:   0.720534
2026-07-19 14:16:47,083 -   Val/Test Bal.Accuracy:0.723919
2026-07-19 14:16:47,084 -   Loss gap:             0.002307
2026-07-19 14:16:47,086 -   Accuracy gap:         -0.003385
2026-07-19 14:16:47,086 -   Epoch time:           1.76 sec
2026-07-19 14:16:47,087 - 
--- EPOCH 279/1000 ---
2026-07-19 14:16:47,088 - Starting epoch 279
2026-07-19 14:16:48,618 - Epoch 279 results:
2026-07-19 14:16:48,619 -   Train Loss:           0.204414
2026-07-19 14:16:48,620 -   Val/Test Loss:        0.202107
2026-07-19 14:16:48,621 -   Train Bal.Accuracy:   0.720558
2026-07-19 14:16:48,622 -   Val/Test Bal.Accuracy:0.723919
2026-07-19 14:16:48,623 -   Loss gap:             0.002307
2026-07-19 14:16:48,624 -   Accuracy gap:         -0.003361
2026-07-19 14:16:48,625 -   Epoch time:           1.53 sec
2026-07-19 14:16:48,626 - 
--- EPOCH 280/1000 ---
2026-07-19 14:16:48,627 - Starting epoch 280
2026-07-19 14:16:50,676 - Epoch 280 results:
2026-07-19 14:16:50,677 -   Train Loss:           0.204414
2026-07-19 14:16:50,679 -   Val/Test Loss:        0.202107
2026-07-19 14:16:50,680 -   Train Bal.Accuracy:   0.720570
2026-07-19 14:16:50,682 -   Val/Test Bal.Accuracy:0.723919
2026-07-19 14:16:50,683 -   Loss gap:             0.002307
2026-07-19 14:16:50,685 -   Accuracy gap:         -0.003349
2026-07-19 14:16:50,686 -   Epoch time:           2.05 sec
2026-07-19 14:16:50,688 - 
--- EPOCH 281/1000 ---
2026-07-19 14:16:50,689 - Starting epoch 281
2026-07-19 14:16:52,378 - Epoch 281 results:
2026-07-19 14:16:52,379 -   Train Loss:           0.204413
2026-07-19 14:16:52,380 -   Val/Test Loss:        0.202107
2026-07-19 14:16:52,381 -   Train Bal.Accuracy:   0.720581
2026-07-19 14:16:52,382 -   Val/Test Bal.Accuracy:0.723919
2026-07-19 14:16:52,382 -   Loss gap:             0.002307
2026-07-19 14:16:52,383 -   Accuracy gap:         -0.003337
2026-07-19 14:16:52,384 -   Epoch time:           1.69 sec
2026-07-19 14:16:52,385 - 
--- EPOCH 282/1000 ---
2026-07-19 14:16:52,386 - Starting epoch 282
2026-07-19 14:16:53,836 - Epoch 282 results:
2026-07-19 14:16:53,837 -   Train Loss:           0.204413
2026-07-19 14:16:53,838 -   Val/Test Loss:        0.202107
2026-07-19 14:16:53,839 -   Train Bal.Accuracy:   0.720606
2026-07-19 14:16:53,840 -   Val/Test Bal.Accuracy:0.723919
2026-07-19 14:16:53,841 -   Loss gap:             0.002307
2026-07-19 14:16:53,842 -   Accuracy gap:         -0.003313
2026-07-19 14:16:53,843 -   Epoch time:           1.45 sec
2026-07-19 14:16:53,844 - 
--- EPOCH 283/1000 ---
2026-07-19 14:16:53,845 - Starting epoch 283
2026-07-19 14:16:55,322 - Epoch 283 results:
2026-07-19 14:16:55,323 -   Train Loss:           0.204413
2026-07-19 14:16:55,324 -   Val/Test Loss:        0.202106
2026-07-19 14:16:55,325 -   Train Bal.Accuracy:   0.720630
2026-07-19 14:16:55,325 -   Val/Test Bal.Accuracy:0.723919
2026-07-19 14:16:55,326 -   Loss gap:             0.002307
2026-07-19 14:16:55,327 -   Accuracy gap:         -0.003289
2026-07-19 14:16:55,328 -   Epoch time:           1.48 sec
2026-07-19 14:16:55,329 - 
--- EPOCH 284/1000 ---
2026-07-19 14:16:55,331 - Starting epoch 284
2026-07-19 14:16:56,817 - Epoch 284 results:
2026-07-19 14:16:56,818 -   Train Loss:           0.204413
2026-07-19 14:16:56,819 -   Val/Test Loss:        0.202106
2026-07-19 14:16:56,820 -   Train Bal.Accuracy:   0.720654
2026-07-19 14:16:56,821 -   Val/Test Bal.Accuracy:0.723919
2026-07-19 14:16:56,821 -   Loss gap:             0.002307
2026-07-19 14:16:56,822 -   Accuracy gap:         -0.003265
2026-07-19 14:16:56,823 -   Epoch time:           1.49 sec
2026-07-19 14:16:56,824 - 
--- EPOCH 285/1000 ---
2026-07-19 14:16:56,825 - Starting epoch 285
2026-07-19 14:16:58,743 - Epoch 285 results:
2026-07-19 14:16:58,744 -   Train Loss:           0.204413
2026-07-19 14:16:58,745 -   Val/Test Loss:        0.202106
2026-07-19 14:16:58,746 -   Train Bal.Accuracy:   0.720654
2026-07-19 14:16:58,747 -   Val/Test Bal.Accuracy:0.723948
2026-07-19 14:16:58,748 -   Loss gap:             0.002307
2026-07-19 14:16:58,749 -   Accuracy gap:         -0.003294
2026-07-19 14:16:58,749 -   Epoch time:           1.92 sec
2026-07-19 14:16:58,750 - 
--- EPOCH 286/1000 ---
2026-07-19 14:16:58,751 - Starting epoch 286
2026-07-19 14:17:00,237 - Epoch 286 results:
2026-07-19 14:17:00,238 -   Train Loss:           0.204413
2026-07-19 14:17:00,239 -   Val/Test Loss:        0.202106
2026-07-19 14:17:00,240 -   Train Bal.Accuracy:   0.720654
2026-07-19 14:17:00,241 -   Val/Test Bal.Accuracy:0.723948
2026-07-19 14:17:00,242 -   Loss gap:             0.002307
2026-07-19 14:17:00,243 -   Accuracy gap:         -0.003294
2026-07-19 14:17:00,244 -   Epoch time:           1.49 sec
2026-07-19 14:17:00,246 - 
--- EPOCH 287/1000 ---
2026-07-19 14:17:00,247 - Starting epoch 287
2026-07-19 14:17:01,713 - Epoch 287 results:
2026-07-19 14:17:01,714 -   Train Loss:           0.204413
2026-07-19 14:17:01,715 -   Val/Test Loss:        0.202106
2026-07-19 14:17:01,716 -   Train Bal.Accuracy:   0.720666
2026-07-19 14:17:01,717 -   Val/Test Bal.Accuracy:0.723948
2026-07-19 14:17:01,718 -   Loss gap:             0.002307
2026-07-19 14:17:01,719 -   Accuracy gap:         -0.003281
2026-07-19 14:17:01,719 -   Epoch time:           1.47 sec
2026-07-19 14:17:01,720 - 
--- EPOCH 288/1000 ---
2026-07-19 14:17:01,721 - Starting epoch 288
2026-07-19 14:17:03,240 - Epoch 288 results:
2026-07-19 14:17:03,242 -   Train Loss:           0.204413
2026-07-19 14:17:03,242 -   Val/Test Loss:        0.202106
2026-07-19 14:17:03,244 -   Train Bal.Accuracy:   0.720695
2026-07-19 14:17:03,245 -   Val/Test Bal.Accuracy:0.723948
2026-07-19 14:17:03,246 -   Loss gap:             0.002307
2026-07-19 14:17:03,247 -   Accuracy gap:         -0.003252
2026-07-19 14:17:03,248 -   Epoch time:           1.52 sec
2026-07-19 14:17:03,250 - 
--- EPOCH 289/1000 ---
2026-07-19 14:17:03,251 - Starting epoch 289
2026-07-19 14:17:04,765 - Epoch 289 results:
2026-07-19 14:17:04,766 -   Train Loss:           0.204413
2026-07-19 14:17:04,767 -   Val/Test Loss:        0.202106
2026-07-19 14:17:04,767 -   Train Bal.Accuracy:   0.720732
2026-07-19 14:17:04,768 -   Val/Test Bal.Accuracy:0.723948
2026-07-19 14:17:04,769 -   Loss gap:             0.002307
2026-07-19 14:17:04,770 -   Accuracy gap:         -0.003216
2026-07-19 14:17:04,771 -   Epoch time:           1.52 sec
2026-07-19 14:17:04,772 - 
--- EPOCH 290/1000 ---
2026-07-19 14:17:04,772 - Starting epoch 290
2026-07-19 14:17:06,244 - Epoch 290 results:
2026-07-19 14:17:06,245 -   Train Loss:           0.204413
2026-07-19 14:17:06,246 -   Val/Test Loss:        0.202106
2026-07-19 14:17:06,248 -   Train Bal.Accuracy:   0.720744
2026-07-19 14:17:06,248 -   Val/Test Bal.Accuracy:0.723948
2026-07-19 14:17:06,249 -   Loss gap:             0.002307
2026-07-19 14:17:06,250 -   Accuracy gap:         -0.003204
2026-07-19 14:17:06,251 -   Epoch time:           1.47 sec
2026-07-19 14:17:06,251 - 
--- EPOCH 291/1000 ---
2026-07-19 14:17:06,252 - Starting epoch 291
2026-07-19 14:17:07,775 - Epoch 291 results:
2026-07-19 14:17:07,776 -   Train Loss:           0.204413
2026-07-19 14:17:07,777 -   Val/Test Loss:        0.202106
2026-07-19 14:17:07,778 -   Train Bal.Accuracy:   0.720753
2026-07-19 14:17:07,779 -   Val/Test Bal.Accuracy:0.723977
2026-07-19 14:17:07,780 -   Loss gap:             0.002307
2026-07-19 14:17:07,781 -   Accuracy gap:         -0.003224
2026-07-19 14:17:07,782 -   Epoch time:           1.52 sec
2026-07-19 14:17:07,783 - 
--- EPOCH 292/1000 ---
2026-07-19 14:17:07,784 - Starting epoch 292
2026-07-19 14:17:09,262 - Epoch 292 results:
2026-07-19 14:17:09,263 -   Train Loss:           0.204413
2026-07-19 14:17:09,264 -   Val/Test Loss:        0.202106
2026-07-19 14:17:09,265 -   Train Bal.Accuracy:   0.720765
2026-07-19 14:17:09,265 -   Val/Test Bal.Accuracy:0.723977
2026-07-19 14:17:09,266 -   Loss gap:             0.002307
2026-07-19 14:17:09,267 -   Accuracy gap:         -0.003212
2026-07-19 14:17:09,267 -   Epoch time:           1.48 sec
2026-07-19 14:17:09,268 - 
--- EPOCH 293/1000 ---
2026-07-19 14:17:09,269 - Starting epoch 293
2026-07-19 14:17:10,926 - Epoch 293 results:
2026-07-19 14:17:10,928 -   Train Loss:           0.204413
2026-07-19 14:17:10,929 -   Val/Test Loss:        0.202106
2026-07-19 14:17:10,930 -   Train Bal.Accuracy:   0.720765
2026-07-19 14:17:10,931 -   Val/Test Bal.Accuracy:0.723977
2026-07-19 14:17:10,932 -   Loss gap:             0.002307
2026-07-19 14:17:10,933 -   Accuracy gap:         -0.003212
2026-07-19 14:17:10,934 -   Epoch time:           1.66 sec
2026-07-19 14:17:10,934 - 
--- EPOCH 294/1000 ---
2026-07-19 14:17:10,935 - Starting epoch 294
2026-07-19 14:17:12,534 - Epoch 294 results:
2026-07-19 14:17:12,535 -   Train Loss:           0.204413
2026-07-19 14:17:12,536 -   Val/Test Loss:        0.202106
2026-07-19 14:17:12,537 -   Train Bal.Accuracy:   0.720765
2026-07-19 14:17:12,538 -   Val/Test Bal.Accuracy:0.723977
2026-07-19 14:17:12,538 -   Loss gap:             0.002307
2026-07-19 14:17:12,539 -   Accuracy gap:         -0.003212
2026-07-19 14:17:12,540 -   Epoch time:           1.60 sec
2026-07-19 14:17:12,541 - 
--- EPOCH 295/1000 ---
2026-07-19 14:17:12,541 - Starting epoch 295
2026-07-19 14:17:14,210 - Epoch 295 results:
2026-07-19 14:17:14,211 -   Train Loss:           0.204412
2026-07-19 14:17:14,212 -   Val/Test Loss:        0.202106
2026-07-19 14:17:14,213 -   Train Bal.Accuracy:   0.720765
2026-07-19 14:17:14,214 -   Val/Test Bal.Accuracy:0.723977
2026-07-19 14:17:14,215 -   Loss gap:             0.002307
2026-07-19 14:17:14,216 -   Accuracy gap:         -0.003212
2026-07-19 14:17:14,217 -   Epoch time:           1.67 sec
2026-07-19 14:17:14,218 - 
--- EPOCH 296/1000 ---
2026-07-19 14:17:14,218 - Starting epoch 296
2026-07-19 14:17:15,720 - Epoch 296 results:
2026-07-19 14:17:15,721 -   Train Loss:           0.204412
2026-07-19 14:17:15,722 -   Val/Test Loss:        0.202106
2026-07-19 14:17:15,723 -   Train Bal.Accuracy:   0.720765
2026-07-19 14:17:15,724 -   Val/Test Bal.Accuracy:0.723977
2026-07-19 14:17:15,726 -   Loss gap:             0.002307
2026-07-19 14:17:15,727 -   Accuracy gap:         -0.003212
2026-07-19 14:17:15,728 -   Epoch time:           1.50 sec
2026-07-19 14:17:15,729 - 
--- EPOCH 297/1000 ---
2026-07-19 14:17:15,730 - Starting epoch 297
2026-07-19 14:17:17,103 - Epoch 297 results:
2026-07-19 14:17:17,104 -   Train Loss:           0.204412
2026-07-19 14:17:17,105 -   Val/Test Loss:        0.202106
2026-07-19 14:17:17,106 -   Train Bal.Accuracy:   0.720765
2026-07-19 14:17:17,107 -   Val/Test Bal.Accuracy:0.723977
2026-07-19 14:17:17,108 -   Loss gap:             0.002307
2026-07-19 14:17:17,109 -   Accuracy gap:         -0.003212
2026-07-19 14:17:17,110 -   Epoch time:           1.37 sec
2026-07-19 14:17:17,111 - 
--- EPOCH 298/1000 ---
2026-07-19 14:17:17,112 - Starting epoch 298
2026-07-19 14:17:18,799 - Epoch 298 results:
2026-07-19 14:17:18,800 -   Train Loss:           0.204412
2026-07-19 14:17:18,801 -   Val/Test Loss:        0.202106
2026-07-19 14:17:18,803 -   Train Bal.Accuracy:   0.720777
2026-07-19 14:17:18,804 -   Val/Test Bal.Accuracy:0.723977
2026-07-19 14:17:18,806 -   Loss gap:             0.002307
2026-07-19 14:17:18,807 -   Accuracy gap:         -0.003200
2026-07-19 14:17:18,808 -   Epoch time:           1.69 sec
2026-07-19 14:17:18,810 - 
--- EPOCH 299/1000 ---
2026-07-19 14:17:18,811 - Starting epoch 299
2026-07-19 14:17:20,317 - Epoch 299 results:
2026-07-19 14:17:20,318 -   Train Loss:           0.204412
2026-07-19 14:17:20,319 -   Val/Test Loss:        0.202106
2026-07-19 14:17:20,320 -   Train Bal.Accuracy:   0.720777
2026-07-19 14:17:20,320 -   Val/Test Bal.Accuracy:0.723977
2026-07-19 14:17:20,321 -   Loss gap:             0.002306
2026-07-19 14:17:20,322 -   Accuracy gap:         -0.003200
2026-07-19 14:17:20,323 -   Epoch time:           1.51 sec
2026-07-19 14:17:20,323 - 
--- EPOCH 300/1000 ---
2026-07-19 14:17:20,324 - Starting epoch 300
2026-07-19 14:17:21,740 - Epoch 300 results:
2026-07-19 14:17:21,741 -   Train Loss:           0.204412
2026-07-19 14:17:21,742 -   Val/Test Loss:        0.202106
2026-07-19 14:17:21,743 -   Train Bal.Accuracy:   0.720777
2026-07-19 14:17:21,744 -   Val/Test Bal.Accuracy:0.723977
2026-07-19 14:17:21,745 -   Loss gap:             0.002306
2026-07-19 14:17:21,745 -   Accuracy gap:         -0.003200
2026-07-19 14:17:21,747 -   Epoch time:           1.42 sec
2026-07-19 14:17:21,748 - 
--- EPOCH 301/1000 ---
2026-07-19 14:17:21,749 - Starting epoch 301
2026-07-19 14:17:23,404 - Epoch 301 results:
2026-07-19 14:17:23,406 -   Train Loss:           0.204412
2026-07-19 14:17:23,406 -   Val/Test Loss:        0.202106
2026-07-19 14:17:23,408 -   Train Bal.Accuracy:   0.720777
2026-07-19 14:17:23,408 -   Val/Test Bal.Accuracy:0.723977
2026-07-19 14:17:23,410 -   Loss gap:             0.002306
2026-07-19 14:17:23,411 -   Accuracy gap:         -0.003200
2026-07-19 14:17:23,412 -   Epoch time:           1.66 sec
2026-07-19 14:17:23,413 - 
--- EPOCH 302/1000 ---
2026-07-19 14:17:23,414 - Starting epoch 302
2026-07-19 14:17:25,177 - Epoch 302 results:
2026-07-19 14:17:25,178 -   Train Loss:           0.204412
2026-07-19 14:17:25,179 -   Val/Test Loss:        0.202106
2026-07-19 14:17:25,180 -   Train Bal.Accuracy:   0.720777
2026-07-19 14:17:25,181 -   Val/Test Bal.Accuracy:0.724006
2026-07-19 14:17:25,182 -   Loss gap:             0.002306
2026-07-19 14:17:25,183 -   Accuracy gap:         -0.003229
2026-07-19 14:17:25,183 -   Epoch time:           1.76 sec
2026-07-19 14:17:25,184 - 
--- EPOCH 303/1000 ---
2026-07-19 14:17:25,185 - Starting epoch 303
2026-07-19 14:17:26,802 - Epoch 303 results:
2026-07-19 14:17:26,803 -   Train Loss:           0.204412
2026-07-19 14:17:26,804 -   Val/Test Loss:        0.202106
2026-07-19 14:17:26,805 -   Train Bal.Accuracy:   0.720777
2026-07-19 14:17:26,805 -   Val/Test Bal.Accuracy:0.724037
2026-07-19 14:17:26,806 -   Loss gap:             0.002306
2026-07-19 14:17:26,808 -   Accuracy gap:         -0.003260
2026-07-19 14:17:26,809 -   Epoch time:           1.62 sec
2026-07-19 14:17:26,810 - 
--- EPOCH 304/1000 ---
2026-07-19 14:17:26,811 - Starting epoch 304
2026-07-19 14:17:28,263 - Epoch 304 results:
2026-07-19 14:17:28,264 -   Train Loss:           0.204412
2026-07-19 14:17:28,265 -   Val/Test Loss:        0.202105
2026-07-19 14:17:28,266 -   Train Bal.Accuracy:   0.720777
2026-07-19 14:17:28,267 -   Val/Test Bal.Accuracy:0.724037
2026-07-19 14:17:28,268 -   Loss gap:             0.002306
2026-07-19 14:17:28,268 -   Accuracy gap:         -0.003260
2026-07-19 14:17:28,269 -   Epoch time:           1.45 sec
2026-07-19 14:17:28,270 - 
--- EPOCH 305/1000 ---
2026-07-19 14:17:28,271 - Starting epoch 305
2026-07-19 14:17:29,756 - Epoch 305 results:
2026-07-19 14:17:29,757 -   Train Loss:           0.204412
2026-07-19 14:17:29,758 -   Val/Test Loss:        0.202105
2026-07-19 14:17:29,759 -   Train Bal.Accuracy:   0.720789
2026-07-19 14:17:29,759 -   Val/Test Bal.Accuracy:0.724037
2026-07-19 14:17:29,760 -   Loss gap:             0.002306
2026-07-19 14:17:29,761 -   Accuracy gap:         -0.003248
2026-07-19 14:17:29,762 -   Epoch time:           1.49 sec
2026-07-19 14:17:29,763 - 
--- EPOCH 306/1000 ---
2026-07-19 14:17:29,765 - Starting epoch 306
2026-07-19 14:17:31,197 - Epoch 306 results:
2026-07-19 14:17:31,198 -   Train Loss:           0.204412
2026-07-19 14:17:31,198 -   Val/Test Loss:        0.202105
2026-07-19 14:17:31,199 -   Train Bal.Accuracy:   0.720789
2026-07-19 14:17:31,200 -   Val/Test Bal.Accuracy:0.724037
2026-07-19 14:17:31,201 -   Loss gap:             0.002306
2026-07-19 14:17:31,202 -   Accuracy gap:         -0.003248
2026-07-19 14:17:31,202 -   Epoch time:           1.43 sec
2026-07-19 14:17:31,203 - 
--- EPOCH 307/1000 ---
2026-07-19 14:17:31,204 - Starting epoch 307
2026-07-19 14:17:32,701 - Epoch 307 results:
2026-07-19 14:17:32,702 -   Train Loss:           0.204412
2026-07-19 14:17:32,703 -   Val/Test Loss:        0.202105
2026-07-19 14:17:32,704 -   Train Bal.Accuracy:   0.720797
2026-07-19 14:17:32,704 -   Val/Test Bal.Accuracy:0.724037
2026-07-19 14:17:32,705 -   Loss gap:             0.002306
2026-07-19 14:17:32,706 -   Accuracy gap:         -0.003239
2026-07-19 14:17:32,707 -   Epoch time:           1.50 sec
2026-07-19 14:17:32,708 - 
--- EPOCH 308/1000 ---
2026-07-19 14:17:32,709 - Starting epoch 308
2026-07-19 14:17:34,172 - Epoch 308 results:
2026-07-19 14:17:34,173 -   Train Loss:           0.204412
2026-07-19 14:17:34,174 -   Val/Test Loss:        0.202105
2026-07-19 14:17:34,175 -   Train Bal.Accuracy:   0.720797
2026-07-19 14:17:34,176 -   Val/Test Bal.Accuracy:0.724056
2026-07-19 14:17:34,176 -   Loss gap:             0.002306
2026-07-19 14:17:34,177 -   Accuracy gap:         -0.003259
2026-07-19 14:17:34,178 -   Epoch time:           1.46 sec
2026-07-19 14:17:34,179 - 
--- EPOCH 309/1000 ---
2026-07-19 14:17:34,180 - Starting epoch 309
2026-07-19 14:17:35,793 - Epoch 309 results:
2026-07-19 14:17:35,794 -   Train Loss:           0.204412
2026-07-19 14:17:35,795 -   Val/Test Loss:        0.202105
2026-07-19 14:17:35,796 -   Train Bal.Accuracy:   0.720797
2026-07-19 14:17:35,797 -   Val/Test Bal.Accuracy:0.724056
2026-07-19 14:17:35,798 -   Loss gap:             0.002306
2026-07-19 14:17:35,798 -   Accuracy gap:         -0.003259
2026-07-19 14:17:35,799 -   Epoch time:           1.61 sec
2026-07-19 14:17:35,800 - 
--- EPOCH 310/1000 ---
2026-07-19 14:17:35,801 - Starting epoch 310
2026-07-19 14:17:37,370 - Epoch 310 results:
2026-07-19 14:17:37,371 -   Train Loss:           0.204411
2026-07-19 14:17:37,372 -   Val/Test Loss:        0.202105
2026-07-19 14:17:37,374 -   Train Bal.Accuracy:   0.720797
2026-07-19 14:17:37,375 -   Val/Test Bal.Accuracy:0.724085
2026-07-19 14:17:37,376 -   Loss gap:             0.002306
2026-07-19 14:17:37,377 -   Accuracy gap:         -0.003288
2026-07-19 14:17:37,378 -   Epoch time:           1.57 sec
2026-07-19 14:17:37,379 - 
--- EPOCH 311/1000 ---
2026-07-19 14:17:37,380 - Starting epoch 311
2026-07-19 14:17:38,800 - Epoch 311 results:
2026-07-19 14:17:38,801 -   Train Loss:           0.204411
2026-07-19 14:17:38,802 -   Val/Test Loss:        0.202105
2026-07-19 14:17:38,803 -   Train Bal.Accuracy:   0.720797
2026-07-19 14:17:38,804 -   Val/Test Bal.Accuracy:0.724085
2026-07-19 14:17:38,805 -   Loss gap:             0.002306
2026-07-19 14:17:38,805 -   Accuracy gap:         -0.003288
2026-07-19 14:17:38,806 -   Epoch time:           1.42 sec
2026-07-19 14:17:38,807 - 
--- EPOCH 312/1000 ---
2026-07-19 14:17:38,808 - Starting epoch 312
2026-07-19 14:17:40,489 - Epoch 312 results:
2026-07-19 14:17:40,490 -   Train Loss:           0.204411
2026-07-19 14:17:40,491 -   Val/Test Loss:        0.202105
2026-07-19 14:17:40,493 -   Train Bal.Accuracy:   0.720797
2026-07-19 14:17:40,494 -   Val/Test Bal.Accuracy:0.724085
2026-07-19 14:17:40,496 -   Loss gap:             0.002306
2026-07-19 14:17:40,497 -   Accuracy gap:         -0.003288
2026-07-19 14:17:40,498 -   Epoch time:           1.68 sec
2026-07-19 14:17:40,499 - 
--- EPOCH 313/1000 ---
2026-07-19 14:17:40,500 - Starting epoch 313
2026-07-19 14:17:42,213 - Epoch 313 results:
2026-07-19 14:17:42,214 -   Train Loss:           0.204411
2026-07-19 14:17:42,215 -   Val/Test Loss:        0.202105
2026-07-19 14:17:42,216 -   Train Bal.Accuracy:   0.720797
2026-07-19 14:17:42,217 -   Val/Test Bal.Accuracy:0.724085
2026-07-19 14:17:42,219 -   Loss gap:             0.002306
2026-07-19 14:17:42,220 -   Accuracy gap:         -0.003288
2026-07-19 14:17:42,220 -   Epoch time:           1.71 sec
2026-07-19 14:17:42,221 - 
--- EPOCH 314/1000 ---
2026-07-19 14:17:42,222 - Starting epoch 314
2026-07-19 14:17:44,010 - Epoch 314 results:
2026-07-19 14:17:44,011 -   Train Loss:           0.204411
2026-07-19 14:17:44,012 -   Val/Test Loss:        0.202105
2026-07-19 14:17:44,014 -   Train Bal.Accuracy:   0.720810
2026-07-19 14:17:44,016 -   Val/Test Bal.Accuracy:0.724085
2026-07-19 14:17:44,017 -   Loss gap:             0.002306
2026-07-19 14:17:44,018 -   Accuracy gap:         -0.003276
2026-07-19 14:17:44,019 -   Epoch time:           1.79 sec
2026-07-19 14:17:44,020 - 
--- EPOCH 315/1000 ---
2026-07-19 14:17:44,021 - Starting epoch 315
2026-07-19 14:17:45,502 - Epoch 315 results:
2026-07-19 14:17:45,504 -   Train Loss:           0.204411
2026-07-19 14:17:45,506 -   Val/Test Loss:        0.202105
2026-07-19 14:17:45,508 -   Train Bal.Accuracy:   0.720810
2026-07-19 14:17:45,509 -   Val/Test Bal.Accuracy:0.724085
2026-07-19 14:17:45,511 -   Loss gap:             0.002306
2026-07-19 14:17:45,513 -   Accuracy gap:         -0.003276
2026-07-19 14:17:45,516 -   Epoch time:           1.48 sec
2026-07-19 14:17:45,517 - 
--- EPOCH 316/1000 ---
2026-07-19 14:17:45,518 - Starting epoch 316
2026-07-19 14:17:47,195 - Epoch 316 results:
2026-07-19 14:17:47,196 -   Train Loss:           0.204411
2026-07-19 14:17:47,197 -   Val/Test Loss:        0.202105
2026-07-19 14:17:47,198 -   Train Bal.Accuracy:   0.720822
2026-07-19 14:17:47,199 -   Val/Test Bal.Accuracy:0.724085
2026-07-19 14:17:47,200 -   Loss gap:             0.002306
2026-07-19 14:17:47,201 -   Accuracy gap:         -0.003264
2026-07-19 14:17:47,202 -   Epoch time:           1.68 sec
2026-07-19 14:17:47,203 - 
--- EPOCH 317/1000 ---
2026-07-19 14:17:47,203 - Starting epoch 317
2026-07-19 14:17:48,608 - Epoch 317 results:
2026-07-19 14:17:48,609 -   Train Loss:           0.204411
2026-07-19 14:17:48,610 -   Val/Test Loss:        0.202105
2026-07-19 14:17:48,611 -   Train Bal.Accuracy:   0.720834
2026-07-19 14:17:48,612 -   Val/Test Bal.Accuracy:0.724085
2026-07-19 14:17:48,613 -   Loss gap:             0.002306
2026-07-19 14:17:48,614 -   Accuracy gap:         -0.003251
2026-07-19 14:17:48,615 -   Epoch time:           1.41 sec
2026-07-19 14:17:48,616 - 
--- EPOCH 318/1000 ---
2026-07-19 14:17:48,617 - Starting epoch 318
2026-07-19 14:17:50,268 - Epoch 318 results:
2026-07-19 14:17:50,269 -   Train Loss:           0.204411
2026-07-19 14:17:50,270 -   Val/Test Loss:        0.202105
2026-07-19 14:17:50,271 -   Train Bal.Accuracy:   0.720855
2026-07-19 14:17:50,272 -   Val/Test Bal.Accuracy:0.724083
2026-07-19 14:17:50,273 -   Loss gap:             0.002306
2026-07-19 14:17:50,273 -   Accuracy gap:         -0.003228
2026-07-19 14:17:50,274 -   Epoch time:           1.65 sec
2026-07-19 14:17:50,275 - 
--- EPOCH 319/1000 ---
2026-07-19 14:17:50,276 - Starting epoch 319
2026-07-19 14:17:52,058 - Epoch 319 results:
2026-07-19 14:17:52,059 -   Train Loss:           0.204411
2026-07-19 14:17:52,060 -   Val/Test Loss:        0.202105
2026-07-19 14:17:52,061 -   Train Bal.Accuracy:   0.720867
2026-07-19 14:17:52,062 -   Val/Test Bal.Accuracy:0.724083
2026-07-19 14:17:52,063 -   Loss gap:             0.002306
2026-07-19 14:17:52,065 -   Accuracy gap:         -0.003216
2026-07-19 14:17:52,066 -   Epoch time:           1.78 sec
2026-07-19 14:17:52,067 - 
--- EPOCH 320/1000 ---
2026-07-19 14:17:52,068 - Starting epoch 320
2026-07-19 14:17:53,793 - Epoch 320 results:
2026-07-19 14:17:53,795 -   Train Loss:           0.204411
2026-07-19 14:17:53,797 -   Val/Test Loss:        0.202105
2026-07-19 14:17:53,799 -   Train Bal.Accuracy:   0.720859
2026-07-19 14:17:53,800 -   Val/Test Bal.Accuracy:0.724083
2026-07-19 14:17:53,801 -   Loss gap:             0.002306
2026-07-19 14:17:53,802 -   Accuracy gap:         -0.003224
2026-07-19 14:17:53,803 -   Epoch time:           1.73 sec
2026-07-19 14:17:53,804 - 
--- EPOCH 321/1000 ---
2026-07-19 14:17:53,806 - Starting epoch 321
2026-07-19 14:17:55,722 - Epoch 321 results:
2026-07-19 14:17:55,723 -   Train Loss:           0.204411
2026-07-19 14:17:55,724 -   Val/Test Loss:        0.202105
2026-07-19 14:17:55,725 -   Train Bal.Accuracy:   0.720859
2026-07-19 14:17:55,725 -   Val/Test Bal.Accuracy:0.724083
2026-07-19 14:17:55,726 -   Loss gap:             0.002306
2026-07-19 14:17:55,727 -   Accuracy gap:         -0.003224
2026-07-19 14:17:55,728 -   Epoch time:           1.92 sec
2026-07-19 14:17:55,729 - 
--- EPOCH 322/1000 ---
2026-07-19 14:17:55,730 - Starting epoch 322
2026-07-19 14:17:57,404 - Epoch 322 results:
2026-07-19 14:17:57,405 -   Train Loss:           0.204411
2026-07-19 14:17:57,406 -   Val/Test Loss:        0.202105
2026-07-19 14:17:57,408 -   Train Bal.Accuracy:   0.720859
2026-07-19 14:17:57,409 -   Val/Test Bal.Accuracy:0.724112
2026-07-19 14:17:57,410 -   Loss gap:             0.002306
2026-07-19 14:17:57,410 -   Accuracy gap:         -0.003253
2026-07-19 14:17:57,411 -   Epoch time:           1.68 sec
2026-07-19 14:17:57,413 - 
--- EPOCH 323/1000 ---
2026-07-19 14:17:57,414 - Starting epoch 323
2026-07-19 14:17:59,402 - Epoch 323 results:
2026-07-19 14:17:59,403 -   Train Loss:           0.204411
2026-07-19 14:17:59,404 -   Val/Test Loss:        0.202105
2026-07-19 14:17:59,405 -   Train Bal.Accuracy:   0.720859
2026-07-19 14:17:59,407 -   Val/Test Bal.Accuracy:0.724112
2026-07-19 14:17:59,408 -   Loss gap:             0.002306
2026-07-19 14:17:59,409 -   Accuracy gap:         -0.003253
2026-07-19 14:17:59,411 -   Epoch time:           1.99 sec
2026-07-19 14:17:59,412 - 
--- EPOCH 324/1000 ---
2026-07-19 14:17:59,413 - Starting epoch 324
2026-07-19 14:18:01,236 - Epoch 324 results:
2026-07-19 14:18:01,237 -   Train Loss:           0.204411
2026-07-19 14:18:01,238 -   Val/Test Loss:        0.202105
2026-07-19 14:18:01,239 -   Train Bal.Accuracy:   0.720883
2026-07-19 14:18:01,240 -   Val/Test Bal.Accuracy:0.724110
2026-07-19 14:18:01,240 -   Loss gap:             0.002306
2026-07-19 14:18:01,241 -   Accuracy gap:         -0.003227
2026-07-19 14:18:01,242 -   Epoch time:           1.82 sec
2026-07-19 14:18:01,243 - 
--- EPOCH 325/1000 ---
2026-07-19 14:18:01,244 - Starting epoch 325
2026-07-19 14:18:02,672 - Epoch 325 results:
2026-07-19 14:18:02,673 -   Train Loss:           0.204411
2026-07-19 14:18:02,673 -   Val/Test Loss:        0.202105
2026-07-19 14:18:02,674 -   Train Bal.Accuracy:   0.720883
2026-07-19 14:18:02,675 -   Val/Test Bal.Accuracy:0.724139
2026-07-19 14:18:02,676 -   Loss gap:             0.002306
2026-07-19 14:18:02,677 -   Accuracy gap:         -0.003256
2026-07-19 14:18:02,678 -   Epoch time:           1.43 sec
2026-07-19 14:18:02,678 - 
--- EPOCH 326/1000 ---
2026-07-19 14:18:02,679 - Starting epoch 326
2026-07-19 14:18:04,294 - Epoch 326 results:
2026-07-19 14:18:04,295 -   Train Loss:           0.204411
2026-07-19 14:18:04,295 -   Val/Test Loss:        0.202105
2026-07-19 14:18:04,297 -   Train Bal.Accuracy:   0.720883
2026-07-19 14:18:04,299 -   Val/Test Bal.Accuracy:0.724139
2026-07-19 14:18:04,300 -   Loss gap:             0.002306
2026-07-19 14:18:04,301 -   Accuracy gap:         -0.003256
2026-07-19 14:18:04,301 -   Epoch time:           1.62 sec
2026-07-19 14:18:04,302 - 
--- EPOCH 327/1000 ---
2026-07-19 14:18:04,303 - Starting epoch 327
2026-07-19 14:18:05,989 - Epoch 327 results:
2026-07-19 14:18:05,990 -   Train Loss:           0.204410
2026-07-19 14:18:05,991 -   Val/Test Loss:        0.202105
2026-07-19 14:18:05,993 -   Train Bal.Accuracy:   0.720883
2026-07-19 14:18:05,994 -   Val/Test Bal.Accuracy:0.724139
2026-07-19 14:18:05,995 -   Loss gap:             0.002306
2026-07-19 14:18:05,996 -   Accuracy gap:         -0.003256
2026-07-19 14:18:05,997 -   Epoch time:           1.69 sec
2026-07-19 14:18:05,999 - 
--- EPOCH 328/1000 ---
2026-07-19 14:18:06,000 - Starting epoch 328
2026-07-19 14:18:07,419 - Epoch 328 results:
2026-07-19 14:18:07,420 -   Train Loss:           0.204410
2026-07-19 14:18:07,420 -   Val/Test Loss:        0.202104
2026-07-19 14:18:07,421 -   Train Bal.Accuracy:   0.720883
2026-07-19 14:18:07,422 -   Val/Test Bal.Accuracy:0.724139
2026-07-19 14:18:07,423 -   Loss gap:             0.002306
2026-07-19 14:18:07,423 -   Accuracy gap:         -0.003256
2026-07-19 14:18:07,424 -   Epoch time:           1.42 sec
2026-07-19 14:18:07,425 - 
--- EPOCH 329/1000 ---
2026-07-19 14:18:07,426 - Starting epoch 329
2026-07-19 14:18:08,894 - Epoch 329 results:
2026-07-19 14:18:08,895 -   Train Loss:           0.204410
2026-07-19 14:18:08,897 -   Val/Test Loss:        0.202104
2026-07-19 14:18:08,898 -   Train Bal.Accuracy:   0.720883
2026-07-19 14:18:08,900 -   Val/Test Bal.Accuracy:0.724139
2026-07-19 14:18:08,902 -   Loss gap:             0.002306
2026-07-19 14:18:08,903 -   Accuracy gap:         -0.003256
2026-07-19 14:18:08,904 -   Epoch time:           1.47 sec
2026-07-19 14:18:08,905 - 
--- EPOCH 330/1000 ---
2026-07-19 14:18:08,907 - Starting epoch 330
2026-07-19 14:18:10,460 - Epoch 330 results:
2026-07-19 14:18:10,461 -   Train Loss:           0.204410
2026-07-19 14:18:10,462 -   Val/Test Loss:        0.202104
2026-07-19 14:18:10,464 -   Train Bal.Accuracy:   0.720883
2026-07-19 14:18:10,465 -   Val/Test Bal.Accuracy:0.724139
2026-07-19 14:18:10,466 -   Loss gap:             0.002306
2026-07-19 14:18:10,467 -   Accuracy gap:         -0.003256
2026-07-19 14:18:10,468 -   Epoch time:           1.55 sec
2026-07-19 14:18:10,469 - 
--- EPOCH 331/1000 ---
2026-07-19 14:18:10,470 - Starting epoch 331
2026-07-19 14:18:11,861 - Epoch 331 results:
2026-07-19 14:18:11,862 -   Train Loss:           0.204410
2026-07-19 14:18:11,863 -   Val/Test Loss:        0.202104
2026-07-19 14:18:11,864 -   Train Bal.Accuracy:   0.720892
2026-07-19 14:18:11,865 -   Val/Test Bal.Accuracy:0.724139
2026-07-19 14:18:11,866 -   Loss gap:             0.002306
2026-07-19 14:18:11,866 -   Accuracy gap:         -0.003248
2026-07-19 14:18:11,867 -   Epoch time:           1.39 sec
2026-07-19 14:18:11,868 - 
--- EPOCH 332/1000 ---
2026-07-19 14:18:11,868 - Starting epoch 332
2026-07-19 14:18:13,220 - Epoch 332 results:
2026-07-19 14:18:13,221 -   Train Loss:           0.204410
2026-07-19 14:18:13,222 -   Val/Test Loss:        0.202104
2026-07-19 14:18:13,222 -   Train Bal.Accuracy:   0.720904
2026-07-19 14:18:13,223 -   Val/Test Bal.Accuracy:0.724168
2026-07-19 14:18:13,224 -   Loss gap:             0.002306
2026-07-19 14:18:13,225 -   Accuracy gap:         -0.003265
2026-07-19 14:18:13,226 -   Epoch time:           1.35 sec
2026-07-19 14:18:13,226 - 
--- EPOCH 333/1000 ---
2026-07-19 14:18:13,227 - Starting epoch 333
2026-07-19 14:18:14,756 - Epoch 333 results:
2026-07-19 14:18:14,757 -   Train Loss:           0.204410
2026-07-19 14:18:14,759 -   Val/Test Loss:        0.202104
2026-07-19 14:18:14,760 -   Train Bal.Accuracy:   0.720916
2026-07-19 14:18:14,761 -   Val/Test Bal.Accuracy:0.724168
2026-07-19 14:18:14,764 -   Loss gap:             0.002306
2026-07-19 14:18:14,765 -   Accuracy gap:         -0.003252
2026-07-19 14:18:14,766 -   Epoch time:           1.53 sec
2026-07-19 14:18:14,768 - 
--- EPOCH 334/1000 ---
2026-07-19 14:18:14,769 - Starting epoch 334
2026-07-19 14:18:16,241 - Epoch 334 results:
2026-07-19 14:18:16,242 -   Train Loss:           0.204410
2026-07-19 14:18:16,243 -   Val/Test Loss:        0.202104
2026-07-19 14:18:16,244 -   Train Bal.Accuracy:   0.720916
2026-07-19 14:18:16,245 -   Val/Test Bal.Accuracy:0.724168
2026-07-19 14:18:16,246 -   Loss gap:             0.002306
2026-07-19 14:18:16,247 -   Accuracy gap:         -0.003252
2026-07-19 14:18:16,248 -   Epoch time:           1.47 sec
2026-07-19 14:18:16,249 - 
--- EPOCH 335/1000 ---
2026-07-19 14:18:16,249 - Starting epoch 335
2026-07-19 14:18:17,866 - Epoch 335 results:
2026-07-19 14:18:17,867 -   Train Loss:           0.204410
2026-07-19 14:18:17,867 -   Val/Test Loss:        0.202104
2026-07-19 14:18:17,868 -   Train Bal.Accuracy:   0.720916
2026-07-19 14:18:17,869 -   Val/Test Bal.Accuracy:0.724197
2026-07-19 14:18:17,870 -   Loss gap:             0.002306
2026-07-19 14:18:17,870 -   Accuracy gap:         -0.003281
2026-07-19 14:18:17,871 -   Epoch time:           1.62 sec
2026-07-19 14:18:17,872 - 
--- EPOCH 336/1000 ---
2026-07-19 14:18:17,873 - Starting epoch 336
2026-07-19 14:18:19,433 - Epoch 336 results:
2026-07-19 14:18:19,434 -   Train Loss:           0.204410
2026-07-19 14:18:19,436 -   Val/Test Loss:        0.202104
2026-07-19 14:18:19,438 -   Train Bal.Accuracy:   0.720924
2026-07-19 14:18:19,439 -   Val/Test Bal.Accuracy:0.724197
2026-07-19 14:18:19,440 -   Loss gap:             0.002306
2026-07-19 14:18:19,441 -   Accuracy gap:         -0.003273
2026-07-19 14:18:19,442 -   Epoch time:           1.56 sec
2026-07-19 14:18:19,444 - 
--- EPOCH 337/1000 ---
2026-07-19 14:18:19,445 - Starting epoch 337
2026-07-19 14:18:21,173 - Epoch 337 results:
2026-07-19 14:18:21,174 -   Train Loss:           0.204410
2026-07-19 14:18:21,174 -   Val/Test Loss:        0.202104
2026-07-19 14:18:21,175 -   Train Bal.Accuracy:   0.720924
2026-07-19 14:18:21,176 -   Val/Test Bal.Accuracy:0.724196
2026-07-19 14:18:21,177 -   Loss gap:             0.002306
2026-07-19 14:18:21,178 -   Accuracy gap:         -0.003271
2026-07-19 14:18:21,180 -   Epoch time:           1.73 sec
2026-07-19 14:18:21,180 - 
--- EPOCH 338/1000 ---
2026-07-19 14:18:21,181 - Starting epoch 338
2026-07-19 14:18:22,693 - Epoch 338 results:
2026-07-19 14:18:22,694 -   Train Loss:           0.204410
2026-07-19 14:18:22,695 -   Val/Test Loss:        0.202104
2026-07-19 14:18:22,696 -   Train Bal.Accuracy:   0.720924
2026-07-19 14:18:22,697 -   Val/Test Bal.Accuracy:0.724215
2026-07-19 14:18:22,698 -   Loss gap:             0.002306
2026-07-19 14:18:22,699 -   Accuracy gap:         -0.003291
2026-07-19 14:18:22,700 -   Epoch time:           1.51 sec
2026-07-19 14:18:22,701 - 
--- EPOCH 339/1000 ---
2026-07-19 14:18:22,702 - Starting epoch 339
2026-07-19 14:18:24,425 - Epoch 339 results:
2026-07-19 14:18:24,426 -   Train Loss:           0.204410
2026-07-19 14:18:24,427 -   Val/Test Loss:        0.202104
2026-07-19 14:18:24,428 -   Train Bal.Accuracy:   0.720948
2026-07-19 14:18:24,428 -   Val/Test Bal.Accuracy:0.724246
2026-07-19 14:18:24,430 -   Loss gap:             0.002306
2026-07-19 14:18:24,430 -   Accuracy gap:         -0.003298
2026-07-19 14:18:24,431 -   Epoch time:           1.72 sec
2026-07-19 14:18:24,432 - 
--- EPOCH 340/1000 ---
2026-07-19 14:18:24,433 - Starting epoch 340
2026-07-19 14:18:25,901 - Epoch 340 results:
2026-07-19 14:18:25,902 -   Train Loss:           0.204410
2026-07-19 14:18:25,902 -   Val/Test Loss:        0.202104
2026-07-19 14:18:25,903 -   Train Bal.Accuracy:   0.720948
2026-07-19 14:18:25,904 -   Val/Test Bal.Accuracy:0.724246
2026-07-19 14:18:25,905 -   Loss gap:             0.002306
2026-07-19 14:18:25,906 -   Accuracy gap:         -0.003298
2026-07-19 14:18:25,906 -   Epoch time:           1.47 sec
2026-07-19 14:18:25,907 - 
--- EPOCH 341/1000 ---
2026-07-19 14:18:25,908 - Starting epoch 341
2026-07-19 14:18:27,303 - Epoch 341 results:
2026-07-19 14:18:27,305 -   Train Loss:           0.204410
2026-07-19 14:18:27,305 -   Val/Test Loss:        0.202104
2026-07-19 14:18:27,306 -   Train Bal.Accuracy:   0.720948
2026-07-19 14:18:27,307 -   Val/Test Bal.Accuracy:0.724246
2026-07-19 14:18:27,308 -   Loss gap:             0.002306
2026-07-19 14:18:27,308 -   Accuracy gap:         -0.003298
2026-07-19 14:18:27,309 -   Epoch time:           1.40 sec
2026-07-19 14:18:27,310 - 
--- EPOCH 342/1000 ---
2026-07-19 14:18:27,311 - Starting epoch 342
2026-07-19 14:18:28,783 - Epoch 342 results:
2026-07-19 14:18:28,785 -   Train Loss:           0.204410
2026-07-19 14:18:28,786 -   Val/Test Loss:        0.202104
2026-07-19 14:18:28,787 -   Train Bal.Accuracy:   0.720948
2026-07-19 14:18:28,788 -   Val/Test Bal.Accuracy:0.724275
2026-07-19 14:18:28,789 -   Loss gap:             0.002306
2026-07-19 14:18:28,790 -   Accuracy gap:         -0.003327
2026-07-19 14:18:28,791 -   Epoch time:           1.47 sec
2026-07-19 14:18:28,792 - 
--- EPOCH 343/1000 ---
2026-07-19 14:18:28,793 - Starting epoch 343
2026-07-19 14:18:30,383 - Epoch 343 results:
2026-07-19 14:18:30,384 -   Train Loss:           0.204410
2026-07-19 14:18:30,385 -   Val/Test Loss:        0.202104
2026-07-19 14:18:30,386 -   Train Bal.Accuracy:   0.720948
2026-07-19 14:18:30,387 -   Val/Test Bal.Accuracy:0.724275
2026-07-19 14:18:30,388 -   Loss gap:             0.002306
2026-07-19 14:18:30,389 -   Accuracy gap:         -0.003327
2026-07-19 14:18:30,389 -   Epoch time:           1.59 sec
2026-07-19 14:18:30,390 - 
--- EPOCH 344/1000 ---
2026-07-19 14:18:30,391 - Starting epoch 344
2026-07-19 14:18:31,954 - Epoch 344 results:
2026-07-19 14:18:31,955 -   Train Loss:           0.204410
2026-07-19 14:18:31,956 -   Val/Test Loss:        0.202104
2026-07-19 14:18:31,957 -   Train Bal.Accuracy:   0.720939
2026-07-19 14:18:31,958 -   Val/Test Bal.Accuracy:0.724273
2026-07-19 14:18:31,958 -   Loss gap:             0.002306
2026-07-19 14:18:31,959 -   Accuracy gap:         -0.003334
2026-07-19 14:18:31,960 -   Epoch time:           1.56 sec
2026-07-19 14:18:31,961 - 
--- EPOCH 345/1000 ---
2026-07-19 14:18:31,962 - Starting epoch 345
2026-07-19 14:18:33,454 - Epoch 345 results:
2026-07-19 14:18:33,455 -   Train Loss:           0.204409
2026-07-19 14:18:33,456 -   Val/Test Loss:        0.202104
2026-07-19 14:18:33,457 -   Train Bal.Accuracy:   0.720939
2026-07-19 14:18:33,457 -   Val/Test Bal.Accuracy:0.724273
2026-07-19 14:18:33,459 -   Loss gap:             0.002306
2026-07-19 14:18:33,459 -   Accuracy gap:         -0.003334
2026-07-19 14:18:33,460 -   Epoch time:           1.49 sec
2026-07-19 14:18:33,461 - 
--- EPOCH 346/1000 ---
2026-07-19 14:18:33,462 - Starting epoch 346
2026-07-19 14:18:34,937 - Epoch 346 results:
2026-07-19 14:18:34,938 -   Train Loss:           0.204409
2026-07-19 14:18:34,939 -   Val/Test Loss:        0.202104
2026-07-19 14:18:34,940 -   Train Bal.Accuracy:   0.720939
2026-07-19 14:18:34,941 -   Val/Test Bal.Accuracy:0.724273
2026-07-19 14:18:34,942 -   Loss gap:             0.002306
2026-07-19 14:18:34,943 -   Accuracy gap:         -0.003334
2026-07-19 14:18:34,943 -   Epoch time:           1.48 sec
2026-07-19 14:18:34,944 - 
--- EPOCH 347/1000 ---
2026-07-19 14:18:34,945 - Starting epoch 347
2026-07-19 14:18:36,465 - Epoch 347 results:
2026-07-19 14:18:36,466 -   Train Loss:           0.204409
2026-07-19 14:18:36,467 -   Val/Test Loss:        0.202104
2026-07-19 14:18:36,468 -   Train Bal.Accuracy:   0.720939
2026-07-19 14:18:36,469 -   Val/Test Bal.Accuracy:0.724273
2026-07-19 14:18:36,469 -   Loss gap:             0.002306
2026-07-19 14:18:36,470 -   Accuracy gap:         -0.003334
2026-07-19 14:18:36,471 -   Epoch time:           1.52 sec
2026-07-19 14:18:36,472 - 
--- EPOCH 348/1000 ---
2026-07-19 14:18:36,473 - Starting epoch 348
2026-07-19 14:18:37,917 - Epoch 348 results:
2026-07-19 14:18:37,918 -   Train Loss:           0.204409
2026-07-19 14:18:37,919 -   Val/Test Loss:        0.202104
2026-07-19 14:18:37,920 -   Train Bal.Accuracy:   0.720939
2026-07-19 14:18:37,921 -   Val/Test Bal.Accuracy:0.724273
2026-07-19 14:18:37,922 -   Loss gap:             0.002306
2026-07-19 14:18:37,922 -   Accuracy gap:         -0.003334
2026-07-19 14:18:37,923 -   Epoch time:           1.44 sec
2026-07-19 14:18:37,924 - 
--- EPOCH 349/1000 ---
2026-07-19 14:18:37,925 - Starting epoch 349
2026-07-19 14:18:39,312 - Epoch 349 results:
2026-07-19 14:18:39,313 -   Train Loss:           0.204409
2026-07-19 14:18:39,314 -   Val/Test Loss:        0.202104
2026-07-19 14:18:39,315 -   Train Bal.Accuracy:   0.720939
2026-07-19 14:18:39,316 -   Val/Test Bal.Accuracy:0.724273
2026-07-19 14:18:39,317 -   Loss gap:             0.002306
2026-07-19 14:18:39,318 -   Accuracy gap:         -0.003334
2026-07-19 14:18:39,319 -   Epoch time:           1.39 sec
2026-07-19 14:18:39,320 - 
--- EPOCH 350/1000 ---
2026-07-19 14:18:39,320 - Starting epoch 350
2026-07-19 14:18:40,775 - Epoch 350 results:
2026-07-19 14:18:40,776 -   Train Loss:           0.204409
2026-07-19 14:18:40,777 -   Val/Test Loss:        0.202104
2026-07-19 14:18:40,778 -   Train Bal.Accuracy:   0.720939
2026-07-19 14:18:40,779 -   Val/Test Bal.Accuracy:0.724273
2026-07-19 14:18:40,780 -   Loss gap:             0.002306
2026-07-19 14:18:40,781 -   Accuracy gap:         -0.003334
2026-07-19 14:18:40,782 -   Epoch time:           1.46 sec
2026-07-19 14:18:40,783 - 
--- EPOCH 351/1000 ---
2026-07-19 14:18:40,784 - Starting epoch 351
2026-07-19 14:18:42,171 - Epoch 351 results:
2026-07-19 14:18:42,172 -   Train Loss:           0.204409
2026-07-19 14:18:42,173 -   Val/Test Loss:        0.202104
2026-07-19 14:18:42,174 -   Train Bal.Accuracy:   0.720951
2026-07-19 14:18:42,175 -   Val/Test Bal.Accuracy:0.724273
2026-07-19 14:18:42,175 -   Loss gap:             0.002306
2026-07-19 14:18:42,176 -   Accuracy gap:         -0.003322
2026-07-19 14:18:42,177 -   Epoch time:           1.39 sec
2026-07-19 14:18:42,178 - 
--- EPOCH 352/1000 ---
2026-07-19 14:18:42,179 - Starting epoch 352
2026-07-19 14:18:43,811 - Epoch 352 results:
2026-07-19 14:18:43,812 -   Train Loss:           0.204409
2026-07-19 14:18:43,813 -   Val/Test Loss:        0.202104
2026-07-19 14:18:43,814 -   Train Bal.Accuracy:   0.720951
2026-07-19 14:18:43,815 -   Val/Test Bal.Accuracy:0.724273
2026-07-19 14:18:43,816 -   Loss gap:             0.002306
2026-07-19 14:18:43,817 -   Accuracy gap:         -0.003322
2026-07-19 14:18:43,818 -   Epoch time:           1.63 sec
2026-07-19 14:18:43,819 - 
--- EPOCH 353/1000 ---
2026-07-19 14:18:43,819 - Starting epoch 353
2026-07-19 14:18:45,473 - Epoch 353 results:
2026-07-19 14:18:45,474 -   Train Loss:           0.204409
2026-07-19 14:18:45,476 -   Val/Test Loss:        0.202104
2026-07-19 14:18:45,477 -   Train Bal.Accuracy:   0.720951
2026-07-19 14:18:45,479 -   Val/Test Bal.Accuracy:0.724273
2026-07-19 14:18:45,481 -   Loss gap:             0.002306
2026-07-19 14:18:45,483 -   Accuracy gap:         -0.003322
2026-07-19 14:18:45,484 -   Epoch time:           1.65 sec
2026-07-19 14:18:45,486 - 
--- EPOCH 354/1000 ---
2026-07-19 14:18:45,487 - Starting epoch 354
2026-07-19 14:18:47,116 - Epoch 354 results:
2026-07-19 14:18:47,117 -   Train Loss:           0.204409
2026-07-19 14:18:47,118 -   Val/Test Loss:        0.202104
2026-07-19 14:18:47,119 -   Train Bal.Accuracy:   0.720951
2026-07-19 14:18:47,120 -   Val/Test Bal.Accuracy:0.724273
2026-07-19 14:18:47,121 -   Loss gap:             0.002306
2026-07-19 14:18:47,122 -   Accuracy gap:         -0.003322
2026-07-19 14:18:47,123 -   Epoch time:           1.63 sec
2026-07-19 14:18:47,124 - 
--- EPOCH 355/1000 ---
2026-07-19 14:18:47,124 - Starting epoch 355
2026-07-19 14:18:48,611 - Epoch 355 results:
2026-07-19 14:18:48,612 -   Train Loss:           0.204409
2026-07-19 14:18:48,613 -   Val/Test Loss:        0.202103
2026-07-19 14:18:48,614 -   Train Bal.Accuracy:   0.720975
2026-07-19 14:18:48,615 -   Val/Test Bal.Accuracy:0.724273
2026-07-19 14:18:48,616 -   Loss gap:             0.002305
2026-07-19 14:18:48,617 -   Accuracy gap:         -0.003298
2026-07-19 14:18:48,618 -   Epoch time:           1.49 sec
2026-07-19 14:18:48,618 - 
--- EPOCH 356/1000 ---
2026-07-19 14:18:48,619 - Starting epoch 356
2026-07-19 14:18:50,257 - Epoch 356 results:
2026-07-19 14:18:50,258 -   Train Loss:           0.204409
2026-07-19 14:18:50,259 -   Val/Test Loss:        0.202103
2026-07-19 14:18:50,261 -   Train Bal.Accuracy:   0.720975
2026-07-19 14:18:50,262 -   Val/Test Bal.Accuracy:0.724302
2026-07-19 14:18:50,263 -   Loss gap:             0.002305
2026-07-19 14:18:50,264 -   Accuracy gap:         -0.003327
2026-07-19 14:18:50,266 -   Epoch time:           1.64 sec
2026-07-19 14:18:50,267 - 
--- EPOCH 357/1000 ---
2026-07-19 14:18:50,268 - Starting epoch 357
2026-07-19 14:18:51,882 - Epoch 357 results:
2026-07-19 14:18:51,883 -   Train Loss:           0.204409
2026-07-19 14:18:51,884 -   Val/Test Loss:        0.202103
2026-07-19 14:18:51,885 -   Train Bal.Accuracy:   0.720996
2026-07-19 14:18:51,886 -   Val/Test Bal.Accuracy:0.724302
2026-07-19 14:18:51,887 -   Loss gap:             0.002305
2026-07-19 14:18:51,888 -   Accuracy gap:         -0.003306
2026-07-19 14:18:51,889 -   Epoch time:           1.62 sec
2026-07-19 14:18:51,889 - 
--- EPOCH 358/1000 ---
2026-07-19 14:18:51,890 - Starting epoch 358
2026-07-19 14:18:53,698 - Epoch 358 results:
2026-07-19 14:18:53,699 -   Train Loss:           0.204409
2026-07-19 14:18:53,700 -   Val/Test Loss:        0.202103
2026-07-19 14:18:53,702 -   Train Bal.Accuracy:   0.720996
2026-07-19 14:18:53,703 -   Val/Test Bal.Accuracy:0.724322
2026-07-19 14:18:53,704 -   Loss gap:             0.002305
2026-07-19 14:18:53,705 -   Accuracy gap:         -0.003326
2026-07-19 14:18:53,706 -   Epoch time:           1.81 sec
2026-07-19 14:18:53,707 - 
--- EPOCH 359/1000 ---
2026-07-19 14:18:53,708 - Starting epoch 359
2026-07-19 14:18:55,939 - Epoch 359 results:
2026-07-19 14:18:55,940 -   Train Loss:           0.204409
2026-07-19 14:18:55,941 -   Val/Test Loss:        0.202103
2026-07-19 14:18:55,942 -   Train Bal.Accuracy:   0.720996
2026-07-19 14:18:55,943 -   Val/Test Bal.Accuracy:0.724351
2026-07-19 14:18:55,944 -   Loss gap:             0.002305
2026-07-19 14:18:55,945 -   Accuracy gap:         -0.003355
2026-07-19 14:18:55,947 -   Epoch time:           2.23 sec
2026-07-19 14:18:55,948 - 
--- EPOCH 360/1000 ---
2026-07-19 14:18:55,949 - Starting epoch 360
2026-07-19 14:18:57,961 - Epoch 360 results:
2026-07-19 14:18:57,963 -   Train Loss:           0.204409
2026-07-19 14:18:57,964 -   Val/Test Loss:        0.202103
2026-07-19 14:18:57,966 -   Train Bal.Accuracy:   0.720995
2026-07-19 14:18:57,968 -   Val/Test Bal.Accuracy:0.724351
2026-07-19 14:18:57,969 -   Loss gap:             0.002305
2026-07-19 14:18:57,970 -   Accuracy gap:         -0.003356
2026-07-19 14:18:57,971 -   Epoch time:           2.01 sec
2026-07-19 14:18:57,973 - 
--- EPOCH 361/1000 ---
2026-07-19 14:18:57,974 - Starting epoch 361
2026-07-19 14:18:59,704 - Epoch 361 results:
2026-07-19 14:18:59,705 -   Train Loss:           0.204409
2026-07-19 14:18:59,706 -   Val/Test Loss:        0.202103
2026-07-19 14:18:59,707 -   Train Bal.Accuracy:   0.721007
2026-07-19 14:18:59,708 -   Val/Test Bal.Accuracy:0.724351
2026-07-19 14:18:59,710 -   Loss gap:             0.002305
2026-07-19 14:18:59,711 -   Accuracy gap:         -0.003344
2026-07-19 14:18:59,712 -   Epoch time:           1.73 sec
2026-07-19 14:18:59,713 - 
--- EPOCH 362/1000 ---
2026-07-19 14:18:59,714 - Starting epoch 362
2026-07-19 14:19:01,330 - Epoch 362 results:
2026-07-19 14:19:01,331 -   Train Loss:           0.204409
2026-07-19 14:19:01,332 -   Val/Test Loss:        0.202103
2026-07-19 14:19:01,333 -   Train Bal.Accuracy:   0.721006
2026-07-19 14:19:01,334 -   Val/Test Bal.Accuracy:0.724370
2026-07-19 14:19:01,335 -   Loss gap:             0.002305
2026-07-19 14:19:01,335 -   Accuracy gap:         -0.003364
2026-07-19 14:19:01,336 -   Epoch time:           1.62 sec
2026-07-19 14:19:01,337 - 
--- EPOCH 363/1000 ---
2026-07-19 14:19:01,338 - Starting epoch 363
2026-07-19 14:19:02,797 - Epoch 363 results:
2026-07-19 14:19:02,798 -   Train Loss:           0.204409
2026-07-19 14:19:02,799 -   Val/Test Loss:        0.202103
2026-07-19 14:19:02,801 -   Train Bal.Accuracy:   0.721005
2026-07-19 14:19:02,803 -   Val/Test Bal.Accuracy:0.724370
2026-07-19 14:19:02,804 -   Loss gap:             0.002305
2026-07-19 14:19:02,805 -   Accuracy gap:         -0.003365
2026-07-19 14:19:02,806 -   Epoch time:           1.46 sec
2026-07-19 14:19:02,807 - 
--- EPOCH 364/1000 ---
2026-07-19 14:19:02,808 - Starting epoch 364
2026-07-19 14:19:04,651 - Epoch 364 results:
2026-07-19 14:19:04,653 -   Train Loss:           0.204409
2026-07-19 14:19:04,654 -   Val/Test Loss:        0.202103
2026-07-19 14:19:04,655 -   Train Bal.Accuracy:   0.721017
2026-07-19 14:19:04,657 -   Val/Test Bal.Accuracy:0.724370
2026-07-19 14:19:04,658 -   Loss gap:             0.002305
2026-07-19 14:19:04,659 -   Accuracy gap:         -0.003353
2026-07-19 14:19:04,660 -   Epoch time:           1.84 sec
2026-07-19 14:19:04,662 - 
--- EPOCH 365/1000 ---
2026-07-19 14:19:04,664 - Starting epoch 365
2026-07-19 14:19:06,318 - Epoch 365 results:
2026-07-19 14:19:06,319 -   Train Loss:           0.204408
2026-07-19 14:19:06,321 -   Val/Test Loss:        0.202103
2026-07-19 14:19:06,322 -   Train Bal.Accuracy:   0.721017
2026-07-19 14:19:06,323 -   Val/Test Bal.Accuracy:0.724370
2026-07-19 14:19:06,324 -   Loss gap:             0.002305
2026-07-19 14:19:06,325 -   Accuracy gap:         -0.003353
2026-07-19 14:19:06,327 -   Epoch time:           1.66 sec
2026-07-19 14:19:06,328 - 
--- EPOCH 366/1000 ---
2026-07-19 14:19:06,329 - Starting epoch 366
2026-07-19 14:19:08,329 - Epoch 366 results:
2026-07-19 14:19:08,330 -   Train Loss:           0.204408
2026-07-19 14:19:08,331 -   Val/Test Loss:        0.202103
2026-07-19 14:19:08,332 -   Train Bal.Accuracy:   0.721017
2026-07-19 14:19:08,333 -   Val/Test Bal.Accuracy:0.724370
2026-07-19 14:19:08,334 -   Loss gap:             0.002305
2026-07-19 14:19:08,334 -   Accuracy gap:         -0.003353
2026-07-19 14:19:08,335 -   Epoch time:           2.00 sec
2026-07-19 14:19:08,336 - 
--- EPOCH 367/1000 ---
2026-07-19 14:19:08,337 - Starting epoch 367
2026-07-19 14:19:09,750 - Epoch 367 results:
2026-07-19 14:19:09,751 -   Train Loss:           0.204408
2026-07-19 14:19:09,752 -   Val/Test Loss:        0.202103
2026-07-19 14:19:09,753 -   Train Bal.Accuracy:   0.721017
2026-07-19 14:19:09,753 -   Val/Test Bal.Accuracy:0.724370
2026-07-19 14:19:09,755 -   Loss gap:             0.002305
2026-07-19 14:19:09,755 -   Accuracy gap:         -0.003353
2026-07-19 14:19:09,756 -   Epoch time:           1.41 sec
2026-07-19 14:19:09,757 - 
--- EPOCH 368/1000 ---
2026-07-19 14:19:09,758 - Starting epoch 368
2026-07-19 14:19:11,179 - Epoch 368 results:
2026-07-19 14:19:11,180 -   Train Loss:           0.204408
2026-07-19 14:19:11,181 -   Val/Test Loss:        0.202103
2026-07-19 14:19:11,182 -   Train Bal.Accuracy:   0.721017
2026-07-19 14:19:11,183 -   Val/Test Bal.Accuracy:0.724370
2026-07-19 14:19:11,183 -   Loss gap:             0.002305
2026-07-19 14:19:11,184 -   Accuracy gap:         -0.003353
2026-07-19 14:19:11,185 -   Epoch time:           1.42 sec
2026-07-19 14:19:11,186 - 
--- EPOCH 369/1000 ---
2026-07-19 14:19:11,187 - Starting epoch 369
2026-07-19 14:19:12,641 - Epoch 369 results:
2026-07-19 14:19:12,641 -   Train Loss:           0.204408
2026-07-19 14:19:12,642 -   Val/Test Loss:        0.202103
2026-07-19 14:19:12,644 -   Train Bal.Accuracy:   0.721030
2026-07-19 14:19:12,645 -   Val/Test Bal.Accuracy:0.724370
2026-07-19 14:19:12,647 -   Loss gap:             0.002305
2026-07-19 14:19:12,648 -   Accuracy gap:         -0.003340
2026-07-19 14:19:12,649 -   Epoch time:           1.45 sec
2026-07-19 14:19:12,650 - 
--- EPOCH 370/1000 ---
2026-07-19 14:19:12,651 - Starting epoch 370
2026-07-19 14:19:14,062 - Epoch 370 results:
2026-07-19 14:19:14,063 -   Train Loss:           0.204408
2026-07-19 14:19:14,063 -   Val/Test Loss:        0.202103
2026-07-19 14:19:14,064 -   Train Bal.Accuracy:   0.721021
2026-07-19 14:19:14,065 -   Val/Test Bal.Accuracy:0.724399
2026-07-19 14:19:14,066 -   Loss gap:             0.002305
2026-07-19 14:19:14,067 -   Accuracy gap:         -0.003378
2026-07-19 14:19:14,068 -   Epoch time:           1.41 sec
2026-07-19 14:19:14,068 - 
--- EPOCH 371/1000 ---
2026-07-19 14:19:14,069 - Starting epoch 371
2026-07-19 14:19:15,525 - Epoch 371 results:
2026-07-19 14:19:15,526 -   Train Loss:           0.204408
2026-07-19 14:19:15,527 -   Val/Test Loss:        0.202103
2026-07-19 14:19:15,528 -   Train Bal.Accuracy:   0.721025
2026-07-19 14:19:15,529 -   Val/Test Bal.Accuracy:0.724399
2026-07-19 14:19:15,530 -   Loss gap:             0.002305
2026-07-19 14:19:15,531 -   Accuracy gap:         -0.003374
2026-07-19 14:19:15,533 -   Epoch time:           1.46 sec
2026-07-19 14:19:15,534 - 
--- EPOCH 372/1000 ---
2026-07-19 14:19:15,535 - Starting epoch 372
2026-07-19 14:19:17,151 - Epoch 372 results:
2026-07-19 14:19:17,152 -   Train Loss:           0.204408
2026-07-19 14:19:17,152 -   Val/Test Loss:        0.202103
2026-07-19 14:19:17,153 -   Train Bal.Accuracy:   0.721025
2026-07-19 14:19:17,154 -   Val/Test Bal.Accuracy:0.724399
2026-07-19 14:19:17,155 -   Loss gap:             0.002305
2026-07-19 14:19:17,156 -   Accuracy gap:         -0.003374
2026-07-19 14:19:17,157 -   Epoch time:           1.62 sec
2026-07-19 14:19:17,158 - 
--- EPOCH 373/1000 ---
2026-07-19 14:19:17,159 - Starting epoch 373
2026-07-19 14:19:18,622 - Epoch 373 results:
2026-07-19 14:19:18,623 -   Train Loss:           0.204408
2026-07-19 14:19:18,624 -   Val/Test Loss:        0.202103
2026-07-19 14:19:18,625 -   Train Bal.Accuracy:   0.721042
2026-07-19 14:19:18,626 -   Val/Test Bal.Accuracy:0.724428
2026-07-19 14:19:18,627 -   Loss gap:             0.002305
2026-07-19 14:19:18,628 -   Accuracy gap:         -0.003386
2026-07-19 14:19:18,629 -   Epoch time:           1.46 sec
2026-07-19 14:19:18,630 - 
--- EPOCH 374/1000 ---
2026-07-19 14:19:18,632 - Starting epoch 374
2026-07-19 14:19:20,011 - Epoch 374 results:
2026-07-19 14:19:20,012 -   Train Loss:           0.204408
2026-07-19 14:19:20,013 -   Val/Test Loss:        0.202103
2026-07-19 14:19:20,014 -   Train Bal.Accuracy:   0.721042
2026-07-19 14:19:20,014 -   Val/Test Bal.Accuracy:0.724428
2026-07-19 14:19:20,015 -   Loss gap:             0.002305
2026-07-19 14:19:20,016 -   Accuracy gap:         -0.003386
2026-07-19 14:19:20,017 -   Epoch time:           1.38 sec
2026-07-19 14:19:20,017 - 
--- EPOCH 375/1000 ---
2026-07-19 14:19:20,018 - Starting epoch 375
2026-07-19 14:19:21,446 - Epoch 375 results:
2026-07-19 14:19:21,447 -   Train Loss:           0.204408
2026-07-19 14:19:21,448 -   Val/Test Loss:        0.202103
2026-07-19 14:19:21,449 -   Train Bal.Accuracy:   0.721042
2026-07-19 14:19:21,449 -   Val/Test Bal.Accuracy:0.724457
2026-07-19 14:19:21,450 -   Loss gap:             0.002305
2026-07-19 14:19:21,451 -   Accuracy gap:         -0.003415
2026-07-19 14:19:21,451 -   Epoch time:           1.43 sec
2026-07-19 14:19:21,453 - 
--- EPOCH 376/1000 ---
2026-07-19 14:19:21,453 - Starting epoch 376
2026-07-19 14:19:22,964 - Epoch 376 results:
2026-07-19 14:19:22,965 -   Train Loss:           0.204408
2026-07-19 14:19:22,966 -   Val/Test Loss:        0.202103
2026-07-19 14:19:22,967 -   Train Bal.Accuracy:   0.721042
2026-07-19 14:19:22,968 -   Val/Test Bal.Accuracy:0.724457
2026-07-19 14:19:22,969 -   Loss gap:             0.002305
2026-07-19 14:19:22,970 -   Accuracy gap:         -0.003415
2026-07-19 14:19:22,970 -   Epoch time:           1.51 sec
2026-07-19 14:19:22,971 - 
--- EPOCH 377/1000 ---
2026-07-19 14:19:22,972 - Starting epoch 377
2026-07-19 14:19:24,400 - Epoch 377 results:
2026-07-19 14:19:24,401 -   Train Loss:           0.204408
2026-07-19 14:19:24,402 -   Val/Test Loss:        0.202103
2026-07-19 14:19:24,402 -   Train Bal.Accuracy:   0.721042
2026-07-19 14:19:24,403 -   Val/Test Bal.Accuracy:0.724457
2026-07-19 14:19:24,404 -   Loss gap:             0.002305
2026-07-19 14:19:24,405 -   Accuracy gap:         -0.003415
2026-07-19 14:19:24,405 -   Epoch time:           1.43 sec
2026-07-19 14:19:24,406 - 
--- EPOCH 378/1000 ---
2026-07-19 14:19:24,407 - Starting epoch 378
2026-07-19 14:19:25,807 - Epoch 378 results:
2026-07-19 14:19:25,808 -   Train Loss:           0.204408
2026-07-19 14:19:25,809 -   Val/Test Loss:        0.202103
2026-07-19 14:19:25,810 -   Train Bal.Accuracy:   0.721050
2026-07-19 14:19:25,811 -   Val/Test Bal.Accuracy:0.724457
2026-07-19 14:19:25,811 -   Loss gap:             0.002305
2026-07-19 14:19:25,812 -   Accuracy gap:         -0.003407
2026-07-19 14:19:25,813 -   Epoch time:           1.40 sec
2026-07-19 14:19:25,814 - 
--- EPOCH 379/1000 ---
2026-07-19 14:19:25,815 - Starting epoch 379
2026-07-19 14:19:27,299 - Epoch 379 results:
2026-07-19 14:19:27,300 -   Train Loss:           0.204408
2026-07-19 14:19:27,301 -   Val/Test Loss:        0.202103
2026-07-19 14:19:27,302 -   Train Bal.Accuracy:   0.721049
2026-07-19 14:19:27,303 -   Val/Test Bal.Accuracy:0.724457
2026-07-19 14:19:27,304 -   Loss gap:             0.002305
2026-07-19 14:19:27,305 -   Accuracy gap:         -0.003408
2026-07-19 14:19:27,306 -   Epoch time:           1.48 sec
2026-07-19 14:19:27,307 - 
--- EPOCH 380/1000 ---
2026-07-19 14:19:27,308 - Starting epoch 380
2026-07-19 14:19:28,805 - Epoch 380 results:
2026-07-19 14:19:28,806 -   Train Loss:           0.204408
2026-07-19 14:19:28,807 -   Val/Test Loss:        0.202103
2026-07-19 14:19:28,808 -   Train Bal.Accuracy:   0.721062
2026-07-19 14:19:28,809 -   Val/Test Bal.Accuracy:0.724457
2026-07-19 14:19:28,810 -   Loss gap:             0.002305
2026-07-19 14:19:28,811 -   Accuracy gap:         -0.003396
2026-07-19 14:19:28,812 -   Epoch time:           1.50 sec
2026-07-19 14:19:28,813 - 
--- EPOCH 381/1000 ---
2026-07-19 14:19:28,813 - Starting epoch 381
2026-07-19 14:19:30,289 - Epoch 381 results:
2026-07-19 14:19:30,290 -   Train Loss:           0.204408
2026-07-19 14:19:30,290 -   Val/Test Loss:        0.202103
2026-07-19 14:19:30,291 -   Train Bal.Accuracy:   0.721062
2026-07-19 14:19:30,292 -   Val/Test Bal.Accuracy:0.724457
2026-07-19 14:19:30,293 -   Loss gap:             0.002305
2026-07-19 14:19:30,294 -   Accuracy gap:         -0.003396
2026-07-19 14:19:30,295 -   Epoch time:           1.48 sec
2026-07-19 14:19:30,296 - 
--- EPOCH 382/1000 ---
2026-07-19 14:19:30,297 - Starting epoch 382
2026-07-19 14:19:31,696 - Epoch 382 results:
2026-07-19 14:19:31,697 -   Train Loss:           0.204408
2026-07-19 14:19:31,698 -   Val/Test Loss:        0.202103
2026-07-19 14:19:31,699 -   Train Bal.Accuracy:   0.721062
2026-07-19 14:19:31,700 -   Val/Test Bal.Accuracy:0.724457
2026-07-19 14:19:31,701 -   Loss gap:             0.002305
2026-07-19 14:19:31,701 -   Accuracy gap:         -0.003396
2026-07-19 14:19:31,702 -   Epoch time:           1.40 sec
2026-07-19 14:19:31,703 - 
--- EPOCH 383/1000 ---
2026-07-19 14:19:31,704 - Starting epoch 383
2026-07-19 14:19:33,165 - Epoch 383 results:
2026-07-19 14:19:33,166 -   Train Loss:           0.204408
2026-07-19 14:19:33,167 -   Val/Test Loss:        0.202103
2026-07-19 14:19:33,169 -   Train Bal.Accuracy:   0.721074
2026-07-19 14:19:33,170 -   Val/Test Bal.Accuracy:0.724457
2026-07-19 14:19:33,171 -   Loss gap:             0.002305
2026-07-19 14:19:33,171 -   Accuracy gap:         -0.003383
2026-07-19 14:19:33,172 -   Epoch time:           1.46 sec
2026-07-19 14:19:33,173 - 
--- EPOCH 384/1000 ---
2026-07-19 14:19:33,174 - Starting epoch 384
2026-07-19 14:19:34,623 - Epoch 384 results:
2026-07-19 14:19:34,624 -   Train Loss:           0.204408
2026-07-19 14:19:34,625 -   Val/Test Loss:        0.202103
2026-07-19 14:19:34,626 -   Train Bal.Accuracy:   0.721074
2026-07-19 14:19:34,627 -   Val/Test Bal.Accuracy:0.724457
2026-07-19 14:19:34,628 -   Loss gap:             0.002305
2026-07-19 14:19:34,629 -   Accuracy gap:         -0.003383
2026-07-19 14:19:34,630 -   Epoch time:           1.45 sec
2026-07-19 14:19:34,631 - 
--- EPOCH 385/1000 ---
2026-07-19 14:19:34,632 - Starting epoch 385
2026-07-19 14:19:36,324 - Epoch 385 results:
2026-07-19 14:19:36,325 -   Train Loss:           0.204408
2026-07-19 14:19:36,326 -   Val/Test Loss:        0.202103
2026-07-19 14:19:36,327 -   Train Bal.Accuracy:   0.721074
2026-07-19 14:19:36,328 -   Val/Test Bal.Accuracy:0.724457
2026-07-19 14:19:36,329 -   Loss gap:             0.002305
2026-07-19 14:19:36,330 -   Accuracy gap:         -0.003383
2026-07-19 14:19:36,331 -   Epoch time:           1.69 sec
2026-07-19 14:19:36,332 - 
--- EPOCH 386/1000 ---
2026-07-19 14:19:36,333 - Starting epoch 386
2026-07-19 14:19:37,885 - Epoch 386 results:
2026-07-19 14:19:37,887 -   Train Loss:           0.204408
2026-07-19 14:19:37,887 -   Val/Test Loss:        0.202102
2026-07-19 14:19:37,888 -   Train Bal.Accuracy:   0.721086
2026-07-19 14:19:37,889 -   Val/Test Bal.Accuracy:0.724457
2026-07-19 14:19:37,890 -   Loss gap:             0.002305
2026-07-19 14:19:37,890 -   Accuracy gap:         -0.003371
2026-07-19 14:19:37,891 -   Epoch time:           1.55 sec
2026-07-19 14:19:37,892 - 
--- EPOCH 387/1000 ---
2026-07-19 14:19:37,893 - Starting epoch 387
2026-07-19 14:19:39,257 - Epoch 387 results:
2026-07-19 14:19:39,258 -   Train Loss:           0.204408
2026-07-19 14:19:39,259 -   Val/Test Loss:        0.202102
2026-07-19 14:19:39,260 -   Train Bal.Accuracy:   0.721086
2026-07-19 14:19:39,261 -   Val/Test Bal.Accuracy:0.724486
2026-07-19 14:19:39,262 -   Loss gap:             0.002305
2026-07-19 14:19:39,263 -   Accuracy gap:         -0.003400
2026-07-19 14:19:39,264 -   Epoch time:           1.37 sec
2026-07-19 14:19:39,264 - 
--- EPOCH 388/1000 ---
2026-07-19 14:19:39,267 - Starting epoch 388
2026-07-19 14:19:40,687 - Epoch 388 results:
2026-07-19 14:19:40,688 -   Train Loss:           0.204407
2026-07-19 14:19:40,689 -   Val/Test Loss:        0.202102
2026-07-19 14:19:40,690 -   Train Bal.Accuracy:   0.721086
2026-07-19 14:19:40,691 -   Val/Test Bal.Accuracy:0.724486
2026-07-19 14:19:40,692 -   Loss gap:             0.002305
2026-07-19 14:19:40,693 -   Accuracy gap:         -0.003400
2026-07-19 14:19:40,694 -   Epoch time:           1.42 sec
2026-07-19 14:19:40,695 - 
--- EPOCH 389/1000 ---
2026-07-19 14:19:40,696 - Starting epoch 389
2026-07-19 14:19:42,104 - Epoch 389 results:
2026-07-19 14:19:42,105 -   Train Loss:           0.204407
2026-07-19 14:19:42,106 -   Val/Test Loss:        0.202102
2026-07-19 14:19:42,106 -   Train Bal.Accuracy:   0.721098
2026-07-19 14:19:42,107 -   Val/Test Bal.Accuracy:0.724486
2026-07-19 14:19:42,108 -   Loss gap:             0.002305
2026-07-19 14:19:42,109 -   Accuracy gap:         -0.003388
2026-07-19 14:19:42,110 -   Epoch time:           1.41 sec
2026-07-19 14:19:42,111 - 
--- EPOCH 390/1000 ---
2026-07-19 14:19:42,111 - Starting epoch 390
2026-07-19 14:19:43,667 - Epoch 390 results:
2026-07-19 14:19:43,669 -   Train Loss:           0.204407
2026-07-19 14:19:43,670 -   Val/Test Loss:        0.202102
2026-07-19 14:19:43,670 -   Train Bal.Accuracy:   0.721098
2026-07-19 14:19:43,672 -   Val/Test Bal.Accuracy:0.724486
2026-07-19 14:19:43,673 -   Loss gap:             0.002305
2026-07-19 14:19:43,674 -   Accuracy gap:         -0.003388
2026-07-19 14:19:43,676 -   Epoch time:           1.56 sec
2026-07-19 14:19:43,677 - 
--- EPOCH 391/1000 ---
2026-07-19 14:19:43,679 - Starting epoch 391
2026-07-19 14:19:45,508 - Epoch 391 results:
2026-07-19 14:19:45,510 -   Train Loss:           0.204407
2026-07-19 14:19:45,510 -   Val/Test Loss:        0.202102
2026-07-19 14:19:45,511 -   Train Bal.Accuracy:   0.721106
2026-07-19 14:19:45,512 -   Val/Test Bal.Accuracy:0.724486
2026-07-19 14:19:45,513 -   Loss gap:             0.002305
2026-07-19 14:19:45,514 -   Accuracy gap:         -0.003380
2026-07-19 14:19:45,514 -   Epoch time:           1.83 sec
2026-07-19 14:19:45,516 - 
--- EPOCH 392/1000 ---
2026-07-19 14:19:45,517 - Starting epoch 392
2026-07-19 14:19:47,148 - Epoch 392 results:
2026-07-19 14:19:47,149 -   Train Loss:           0.204407
2026-07-19 14:19:47,150 -   Val/Test Loss:        0.202102
2026-07-19 14:19:47,151 -   Train Bal.Accuracy:   0.721106
2026-07-19 14:19:47,152 -   Val/Test Bal.Accuracy:0.724486
2026-07-19 14:19:47,153 -   Loss gap:             0.002305
2026-07-19 14:19:47,153 -   Accuracy gap:         -0.003380
2026-07-19 14:19:47,154 -   Epoch time:           1.63 sec
2026-07-19 14:19:47,155 - 
--- EPOCH 393/1000 ---
2026-07-19 14:19:47,156 - Starting epoch 393
2026-07-19 14:19:48,805 - Epoch 393 results:
2026-07-19 14:19:48,806 -   Train Loss:           0.204407
2026-07-19 14:19:48,807 -   Val/Test Loss:        0.202102
2026-07-19 14:19:48,809 -   Train Bal.Accuracy:   0.721106
2026-07-19 14:19:48,810 -   Val/Test Bal.Accuracy:0.724515
2026-07-19 14:19:48,811 -   Loss gap:             0.002305
2026-07-19 14:19:48,812 -   Accuracy gap:         -0.003409
2026-07-19 14:19:48,814 -   Epoch time:           1.65 sec
2026-07-19 14:19:48,815 - 
--- EPOCH 394/1000 ---
2026-07-19 14:19:48,817 - Starting epoch 394
2026-07-19 14:19:50,940 - Epoch 394 results:
2026-07-19 14:19:50,941 -   Train Loss:           0.204407
2026-07-19 14:19:50,942 -   Val/Test Loss:        0.202102
2026-07-19 14:19:50,943 -   Train Bal.Accuracy:   0.721106
2026-07-19 14:19:50,945 -   Val/Test Bal.Accuracy:0.724515
2026-07-19 14:19:50,947 -   Loss gap:             0.002305
2026-07-19 14:19:50,948 -   Accuracy gap:         -0.003409
2026-07-19 14:19:50,950 -   Epoch time:           2.13 sec
2026-07-19 14:19:50,951 - 
--- EPOCH 395/1000 ---
2026-07-19 14:19:50,953 - Starting epoch 395
2026-07-19 14:19:52,543 - Epoch 395 results:
2026-07-19 14:19:52,544 -   Train Loss:           0.204407
2026-07-19 14:19:52,545 -   Val/Test Loss:        0.202102
2026-07-19 14:19:52,546 -   Train Bal.Accuracy:   0.721106
2026-07-19 14:19:52,547 -   Val/Test Bal.Accuracy:0.724515
2026-07-19 14:19:52,548 -   Loss gap:             0.002305
2026-07-19 14:19:52,549 -   Accuracy gap:         -0.003409
2026-07-19 14:19:52,550 -   Epoch time:           1.59 sec
2026-07-19 14:19:52,550 - 
--- EPOCH 396/1000 ---
2026-07-19 14:19:52,551 - Starting epoch 396
2026-07-19 14:19:54,466 - Epoch 396 results:
2026-07-19 14:19:54,467 -   Train Loss:           0.204407
2026-07-19 14:19:54,468 -   Val/Test Loss:        0.202102
2026-07-19 14:19:54,469 -   Train Bal.Accuracy:   0.721118
2026-07-19 14:19:54,470 -   Val/Test Bal.Accuracy:0.724515
2026-07-19 14:19:54,471 -   Loss gap:             0.002305
2026-07-19 14:19:54,472 -   Accuracy gap:         -0.003397
2026-07-19 14:19:54,474 -   Epoch time:           1.92 sec
2026-07-19 14:19:54,474 - 
--- EPOCH 397/1000 ---
2026-07-19 14:19:54,475 - Starting epoch 397
2026-07-19 14:19:56,266 - Epoch 397 results:
2026-07-19 14:19:56,267 -   Train Loss:           0.204407
2026-07-19 14:19:56,268 -   Val/Test Loss:        0.202102
2026-07-19 14:19:56,269 -   Train Bal.Accuracy:   0.721118
2026-07-19 14:19:56,270 -   Val/Test Bal.Accuracy:0.724515
2026-07-19 14:19:56,271 -   Loss gap:             0.002305
2026-07-19 14:19:56,272 -   Accuracy gap:         -0.003397
2026-07-19 14:19:56,272 -   Epoch time:           1.79 sec
2026-07-19 14:19:56,273 - 
--- EPOCH 398/1000 ---
2026-07-19 14:19:56,274 - Starting epoch 398
2026-07-19 14:19:58,405 - Epoch 398 results:
2026-07-19 14:19:58,407 -   Train Loss:           0.204407
2026-07-19 14:19:58,408 -   Val/Test Loss:        0.202102
2026-07-19 14:19:58,410 -   Train Bal.Accuracy:   0.721118
2026-07-19 14:19:58,411 -   Val/Test Bal.Accuracy:0.724515
2026-07-19 14:19:58,413 -   Loss gap:             0.002305
2026-07-19 14:19:58,415 -   Accuracy gap:         -0.003397
2026-07-19 14:19:58,416 -   Epoch time:           2.13 sec
2026-07-19 14:19:58,417 - 
--- EPOCH 399/1000 ---
2026-07-19 14:19:58,418 - Starting epoch 399
2026-07-19 14:20:00,305 - Epoch 399 results:
2026-07-19 14:20:00,306 -   Train Loss:           0.204407
2026-07-19 14:20:00,306 -   Val/Test Loss:        0.202102
2026-07-19 14:20:00,307 -   Train Bal.Accuracy:   0.721118
2026-07-19 14:20:00,308 -   Val/Test Bal.Accuracy:0.724515
2026-07-19 14:20:00,309 -   Loss gap:             0.002305
2026-07-19 14:20:00,311 -   Accuracy gap:         -0.003397
2026-07-19 14:20:00,311 -   Epoch time:           1.89 sec
2026-07-19 14:20:00,313 - 
--- EPOCH 400/1000 ---
2026-07-19 14:20:00,313 - Starting epoch 400
2026-07-19 14:20:01,849 - Epoch 400 results:
2026-07-19 14:20:01,850 -   Train Loss:           0.204407
2026-07-19 14:20:01,850 -   Val/Test Loss:        0.202102
2026-07-19 14:20:01,851 -   Train Bal.Accuracy:   0.721118
2026-07-19 14:20:01,852 -   Val/Test Bal.Accuracy:0.724515
2026-07-19 14:20:01,853 -   Loss gap:             0.002305
2026-07-19 14:20:01,854 -   Accuracy gap:         -0.003397
2026-07-19 14:20:01,854 -   Epoch time:           1.54 sec
2026-07-19 14:20:01,855 - 
--- EPOCH 401/1000 ---
2026-07-19 14:20:01,856 - Starting epoch 401
2026-07-19 14:20:04,206 - Epoch 401 results:
2026-07-19 14:20:04,207 -   Train Loss:           0.204407
2026-07-19 14:20:04,208 -   Val/Test Loss:        0.202102
2026-07-19 14:20:04,209 -   Train Bal.Accuracy:   0.721138
2026-07-19 14:20:04,210 -   Val/Test Bal.Accuracy:0.724515
2026-07-19 14:20:04,211 -   Loss gap:             0.002305
2026-07-19 14:20:04,212 -   Accuracy gap:         -0.003377
2026-07-19 14:20:04,214 -   Epoch time:           2.35 sec
2026-07-19 14:20:04,214 - 
--- EPOCH 402/1000 ---
2026-07-19 14:20:04,215 - Starting epoch 402
2026-07-19 14:20:05,604 - Epoch 402 results:
2026-07-19 14:20:05,605 -   Train Loss:           0.204407
2026-07-19 14:20:05,606 -   Val/Test Loss:        0.202102
2026-07-19 14:20:05,607 -   Train Bal.Accuracy:   0.721138
2026-07-19 14:20:05,607 -   Val/Test Bal.Accuracy:0.724515
2026-07-19 14:20:05,608 -   Loss gap:             0.002305
2026-07-19 14:20:05,609 -   Accuracy gap:         -0.003377
2026-07-19 14:20:05,610 -   Epoch time:           1.39 sec
2026-07-19 14:20:05,611 - 
--- EPOCH 403/1000 ---
2026-07-19 14:20:05,611 - Starting epoch 403
2026-07-19 14:20:07,075 - Epoch 403 results:
2026-07-19 14:20:07,076 -   Train Loss:           0.204407
2026-07-19 14:20:07,077 -   Val/Test Loss:        0.202102
2026-07-19 14:20:07,078 -   Train Bal.Accuracy:   0.721138
2026-07-19 14:20:07,079 -   Val/Test Bal.Accuracy:0.724513
2026-07-19 14:20:07,080 -   Loss gap:             0.002305
2026-07-19 14:20:07,081 -   Accuracy gap:         -0.003375
2026-07-19 14:20:07,082 -   Epoch time:           1.46 sec
2026-07-19 14:20:07,083 - 
--- EPOCH 404/1000 ---
2026-07-19 14:20:07,084 - Starting epoch 404
2026-07-19 14:20:08,632 - Epoch 404 results:
2026-07-19 14:20:08,633 -   Train Loss:           0.204407
2026-07-19 14:20:08,634 -   Val/Test Loss:        0.202102
2026-07-19 14:20:08,635 -   Train Bal.Accuracy:   0.721138
2026-07-19 14:20:08,636 -   Val/Test Bal.Accuracy:0.724513
2026-07-19 14:20:08,637 -   Loss gap:             0.002305
2026-07-19 14:20:08,638 -   Accuracy gap:         -0.003375
2026-07-19 14:20:08,639 -   Epoch time:           1.55 sec
2026-07-19 14:20:08,640 - 
--- EPOCH 405/1000 ---
2026-07-19 14:20:08,641 - Starting epoch 405
2026-07-19 14:20:10,075 - Epoch 405 results:
2026-07-19 14:20:10,076 -   Train Loss:           0.204407
2026-07-19 14:20:10,077 -   Val/Test Loss:        0.202102
2026-07-19 14:20:10,077 -   Train Bal.Accuracy:   0.721138
2026-07-19 14:20:10,078 -   Val/Test Bal.Accuracy:0.724542
2026-07-19 14:20:10,079 -   Loss gap:             0.002305
2026-07-19 14:20:10,080 -   Accuracy gap:         -0.003404
2026-07-19 14:20:10,081 -   Epoch time:           1.43 sec
2026-07-19 14:20:10,082 - 
--- EPOCH 406/1000 ---
2026-07-19 14:20:10,083 - Starting epoch 406
2026-07-19 14:20:11,626 - Epoch 406 results:
2026-07-19 14:20:11,627 -   Train Loss:           0.204407
2026-07-19 14:20:11,628 -   Val/Test Loss:        0.202102
2026-07-19 14:20:11,629 -   Train Bal.Accuracy:   0.721138
2026-07-19 14:20:11,630 -   Val/Test Bal.Accuracy:0.724523
2026-07-19 14:20:11,631 -   Loss gap:             0.002305
2026-07-19 14:20:11,632 -   Accuracy gap:         -0.003384
2026-07-19 14:20:11,633 -   Epoch time:           1.54 sec
2026-07-19 14:20:11,634 - 
--- EPOCH 407/1000 ---
2026-07-19 14:20:11,635 - Starting epoch 407
2026-07-19 14:20:13,091 - Epoch 407 results:
2026-07-19 14:20:13,092 -   Train Loss:           0.204407
2026-07-19 14:20:13,093 -   Val/Test Loss:        0.202102
2026-07-19 14:20:13,094 -   Train Bal.Accuracy:   0.721150
2026-07-19 14:20:13,095 -   Val/Test Bal.Accuracy:0.724523
2026-07-19 14:20:13,096 -   Loss gap:             0.002305
2026-07-19 14:20:13,097 -   Accuracy gap:         -0.003372
2026-07-19 14:20:13,098 -   Epoch time:           1.46 sec
2026-07-19 14:20:13,099 - 
--- EPOCH 408/1000 ---
2026-07-19 14:20:13,100 - Starting epoch 408
2026-07-19 14:20:14,624 - Epoch 408 results:
2026-07-19 14:20:14,626 -   Train Loss:           0.204407
2026-07-19 14:20:14,626 -   Val/Test Loss:        0.202102
2026-07-19 14:20:14,627 -   Train Bal.Accuracy:   0.721150
2026-07-19 14:20:14,628 -   Val/Test Bal.Accuracy:0.724523
2026-07-19 14:20:14,629 -   Loss gap:             0.002305
2026-07-19 14:20:14,630 -   Accuracy gap:         -0.003372
2026-07-19 14:20:14,631 -   Epoch time:           1.53 sec
2026-07-19 14:20:14,632 - 
--- EPOCH 409/1000 ---
2026-07-19 14:20:14,633 - Starting epoch 409
2026-07-19 14:20:16,435 - Epoch 409 results:
2026-07-19 14:20:16,436 -   Train Loss:           0.204407
2026-07-19 14:20:16,437 -   Val/Test Loss:        0.202102
2026-07-19 14:20:16,437 -   Train Bal.Accuracy:   0.721150
2026-07-19 14:20:16,438 -   Val/Test Bal.Accuracy:0.724523
2026-07-19 14:20:16,439 -   Loss gap:             0.002305
2026-07-19 14:20:16,440 -   Accuracy gap:         -0.003372
2026-07-19 14:20:16,441 -   Epoch time:           1.80 sec
2026-07-19 14:20:16,442 - 
--- EPOCH 410/1000 ---
2026-07-19 14:20:16,442 - Starting epoch 410
2026-07-19 14:20:18,033 - Epoch 410 results:
2026-07-19 14:20:18,034 -   Train Loss:           0.204407
2026-07-19 14:20:18,035 -   Val/Test Loss:        0.202102
2026-07-19 14:20:18,036 -   Train Bal.Accuracy:   0.721150
2026-07-19 14:20:18,037 -   Val/Test Bal.Accuracy:0.724523
2026-07-19 14:20:18,038 -   Loss gap:             0.002305
2026-07-19 14:20:18,040 -   Accuracy gap:         -0.003372
2026-07-19 14:20:18,041 -   Epoch time:           1.59 sec
2026-07-19 14:20:18,042 - 
--- EPOCH 411/1000 ---
2026-07-19 14:20:18,044 - Starting epoch 411
2026-07-19 14:20:19,692 - Epoch 411 results:
2026-07-19 14:20:19,693 -   Train Loss:           0.204407
2026-07-19 14:20:19,694 -   Val/Test Loss:        0.202102
2026-07-19 14:20:19,696 -   Train Bal.Accuracy:   0.721150
2026-07-19 14:20:19,696 -   Val/Test Bal.Accuracy:0.724523
2026-07-19 14:20:19,697 -   Loss gap:             0.002305
2026-07-19 14:20:19,698 -   Accuracy gap:         -0.003372
2026-07-19 14:20:19,699 -   Epoch time:           1.65 sec
2026-07-19 14:20:19,700 - 
--- EPOCH 412/1000 ---
2026-07-19 14:20:19,701 - Starting epoch 412
2026-07-19 14:20:21,063 - Epoch 412 results:
2026-07-19 14:20:21,064 -   Train Loss:           0.204407
2026-07-19 14:20:21,065 -   Val/Test Loss:        0.202102
2026-07-19 14:20:21,066 -   Train Bal.Accuracy:   0.721150
2026-07-19 14:20:21,067 -   Val/Test Bal.Accuracy:0.724523
2026-07-19 14:20:21,068 -   Loss gap:             0.002305
2026-07-19 14:20:21,068 -   Accuracy gap:         -0.003372
2026-07-19 14:20:21,069 -   Epoch time:           1.36 sec
2026-07-19 14:20:21,070 - 
--- EPOCH 413/1000 ---
2026-07-19 14:20:21,071 - Starting epoch 413
2026-07-19 14:20:22,708 - Epoch 413 results:
2026-07-19 14:20:22,709 -   Train Loss:           0.204406
2026-07-19 14:20:22,711 -   Val/Test Loss:        0.202102
2026-07-19 14:20:22,712 -   Train Bal.Accuracy:   0.721150
2026-07-19 14:20:22,713 -   Val/Test Bal.Accuracy:0.724503
2026-07-19 14:20:22,715 -   Loss gap:             0.002305
2026-07-19 14:20:22,717 -   Accuracy gap:         -0.003353
2026-07-19 14:20:22,719 -   Epoch time:           1.64 sec
2026-07-19 14:20:22,720 - 
--- EPOCH 414/1000 ---
2026-07-19 14:20:22,721 - Starting epoch 414
2026-07-19 14:20:24,817 - Epoch 414 results:
2026-07-19 14:20:24,818 -   Train Loss:           0.204406
2026-07-19 14:20:24,819 -   Val/Test Loss:        0.202102
2026-07-19 14:20:24,820 -   Train Bal.Accuracy:   0.721159
2026-07-19 14:20:24,822 -   Val/Test Bal.Accuracy:0.724503
2026-07-19 14:20:24,823 -   Loss gap:             0.002305
2026-07-19 14:20:24,823 -   Accuracy gap:         -0.003344
2026-07-19 14:20:24,824 -   Epoch time:           2.10 sec
2026-07-19 14:20:24,825 - 
--- EPOCH 415/1000 ---
2026-07-19 14:20:24,827 - Starting epoch 415
2026-07-19 14:20:26,477 - Epoch 415 results:
2026-07-19 14:20:26,478 -   Train Loss:           0.204406
2026-07-19 14:20:26,479 -   Val/Test Loss:        0.202102
2026-07-19 14:20:26,480 -   Train Bal.Accuracy:   0.721159
2026-07-19 14:20:26,481 -   Val/Test Bal.Accuracy:0.724503
2026-07-19 14:20:26,482 -   Loss gap:             0.002305
2026-07-19 14:20:26,483 -   Accuracy gap:         -0.003344
2026-07-19 14:20:26,484 -   Epoch time:           1.65 sec
2026-07-19 14:20:26,485 - 
--- EPOCH 416/1000 ---
2026-07-19 14:20:26,486 - Starting epoch 416
2026-07-19 14:20:28,172 - Epoch 416 results:
2026-07-19 14:20:28,173 -   Train Loss:           0.204406
2026-07-19 14:20:28,174 -   Val/Test Loss:        0.202102
2026-07-19 14:20:28,175 -   Train Bal.Accuracy:   0.721159
2026-07-19 14:20:28,175 -   Val/Test Bal.Accuracy:0.724503
2026-07-19 14:20:28,176 -   Loss gap:             0.002305
2026-07-19 14:20:28,177 -   Accuracy gap:         -0.003344
2026-07-19 14:20:28,178 -   Epoch time:           1.69 sec
2026-07-19 14:20:28,178 - 
--- EPOCH 417/1000 ---
2026-07-19 14:20:28,180 - Starting epoch 417
2026-07-19 14:20:29,805 - Epoch 417 results:
2026-07-19 14:20:29,807 -   Train Loss:           0.204406
2026-07-19 14:20:29,807 -   Val/Test Loss:        0.202102
2026-07-19 14:20:29,808 -   Train Bal.Accuracy:   0.721159
2026-07-19 14:20:29,809 -   Val/Test Bal.Accuracy:0.724503
2026-07-19 14:20:29,809 -   Loss gap:             0.002305
2026-07-19 14:20:29,810 -   Accuracy gap:         -0.003344
2026-07-19 14:20:29,811 -   Epoch time:           1.63 sec
2026-07-19 14:20:29,812 - 
--- EPOCH 418/1000 ---
2026-07-19 14:20:29,813 - Starting epoch 418
2026-07-19 14:20:31,212 - Epoch 418 results:
2026-07-19 14:20:31,213 -   Train Loss:           0.204406
2026-07-19 14:20:31,215 -   Val/Test Loss:        0.202102
2026-07-19 14:20:31,216 -   Train Bal.Accuracy:   0.721167
2026-07-19 14:20:31,217 -   Val/Test Bal.Accuracy:0.724503
2026-07-19 14:20:31,218 -   Loss gap:             0.002305
2026-07-19 14:20:31,219 -   Accuracy gap:         -0.003336
2026-07-19 14:20:31,220 -   Epoch time:           1.40 sec
2026-07-19 14:20:31,221 - 
--- EPOCH 419/1000 ---
2026-07-19 14:20:31,222 - Starting epoch 419
2026-07-19 14:20:32,845 - Epoch 419 results:
2026-07-19 14:20:32,846 -   Train Loss:           0.204406
2026-07-19 14:20:32,847 -   Val/Test Loss:        0.202102
2026-07-19 14:20:32,848 -   Train Bal.Accuracy:   0.721167
2026-07-19 14:20:32,849 -   Val/Test Bal.Accuracy:0.724503
2026-07-19 14:20:32,850 -   Loss gap:             0.002305
2026-07-19 14:20:32,851 -   Accuracy gap:         -0.003336
2026-07-19 14:20:32,852 -   Epoch time:           1.62 sec
2026-07-19 14:20:32,853 - 
--- EPOCH 420/1000 ---
2026-07-19 14:20:32,853 - Starting epoch 420
2026-07-19 14:20:34,402 - Epoch 420 results:
2026-07-19 14:20:34,404 -   Train Loss:           0.204406
2026-07-19 14:20:34,404 -   Val/Test Loss:        0.202102
2026-07-19 14:20:34,405 -   Train Bal.Accuracy:   0.721167
2026-07-19 14:20:34,406 -   Val/Test Bal.Accuracy:0.724503
2026-07-19 14:20:34,407 -   Loss gap:             0.002305
2026-07-19 14:20:34,408 -   Accuracy gap:         -0.003336
2026-07-19 14:20:34,409 -   Epoch time:           1.55 sec
2026-07-19 14:20:34,409 - 
--- EPOCH 421/1000 ---
2026-07-19 14:20:34,410 - Starting epoch 421
2026-07-19 14:20:35,803 - Epoch 421 results:
2026-07-19 14:20:35,804 -   Train Loss:           0.204406
2026-07-19 14:20:35,805 -   Val/Test Loss:        0.202102
2026-07-19 14:20:35,805 -   Train Bal.Accuracy:   0.721167
2026-07-19 14:20:35,806 -   Val/Test Bal.Accuracy:0.724503
2026-07-19 14:20:35,807 -   Loss gap:             0.002305
2026-07-19 14:20:35,808 -   Accuracy gap:         -0.003336
2026-07-19 14:20:35,808 -   Epoch time:           1.39 sec
2026-07-19 14:20:35,809 - 
--- EPOCH 422/1000 ---
2026-07-19 14:20:35,810 - Starting epoch 422
2026-07-19 14:20:37,252 - Epoch 422 results:
2026-07-19 14:20:37,253 -   Train Loss:           0.204406
2026-07-19 14:20:37,254 -   Val/Test Loss:        0.202102
2026-07-19 14:20:37,254 -   Train Bal.Accuracy:   0.721167
2026-07-19 14:20:37,255 -   Val/Test Bal.Accuracy:0.724503
2026-07-19 14:20:37,256 -   Loss gap:             0.002305
2026-07-19 14:20:37,256 -   Accuracy gap:         -0.003336
2026-07-19 14:20:37,257 -   Epoch time:           1.44 sec
2026-07-19 14:20:37,258 - 
--- EPOCH 423/1000 ---
2026-07-19 14:20:37,259 - Starting epoch 423
2026-07-19 14:20:38,639 - Epoch 423 results:
2026-07-19 14:20:38,640 -   Train Loss:           0.204406
2026-07-19 14:20:38,641 -   Val/Test Loss:        0.202102
2026-07-19 14:20:38,642 -   Train Bal.Accuracy:   0.721180
2026-07-19 14:20:38,643 -   Val/Test Bal.Accuracy:0.724503
2026-07-19 14:20:38,644 -   Loss gap:             0.002305
2026-07-19 14:20:38,645 -   Accuracy gap:         -0.003324
2026-07-19 14:20:38,646 -   Epoch time:           1.38 sec
2026-07-19 14:20:38,647 - 
--- EPOCH 424/1000 ---
2026-07-19 14:20:38,648 - Starting epoch 424
2026-07-19 14:20:40,153 - Epoch 424 results:
2026-07-19 14:20:40,154 -   Train Loss:           0.204406
2026-07-19 14:20:40,155 -   Val/Test Loss:        0.202101
2026-07-19 14:20:40,156 -   Train Bal.Accuracy:   0.721180
2026-07-19 14:20:40,157 -   Val/Test Bal.Accuracy:0.724503
2026-07-19 14:20:40,158 -   Loss gap:             0.002305
2026-07-19 14:20:40,159 -   Accuracy gap:         -0.003324
2026-07-19 14:20:40,159 -   Epoch time:           1.51 sec
2026-07-19 14:20:40,160 - 
--- EPOCH 425/1000 ---
2026-07-19 14:20:40,162 - Starting epoch 425
2026-07-19 14:20:41,908 - Epoch 425 results:
2026-07-19 14:20:41,910 -   Train Loss:           0.204406
2026-07-19 14:20:41,911 -   Val/Test Loss:        0.202101
2026-07-19 14:20:41,912 -   Train Bal.Accuracy:   0.721180
2026-07-19 14:20:41,913 -   Val/Test Bal.Accuracy:0.724503
2026-07-19 14:20:41,914 -   Loss gap:             0.002305
2026-07-19 14:20:41,915 -   Accuracy gap:         -0.003324
2026-07-19 14:20:41,916 -   Epoch time:           1.75 sec
2026-07-19 14:20:41,917 - 
--- EPOCH 426/1000 ---
2026-07-19 14:20:41,917 - Starting epoch 426
2026-07-19 14:20:43,595 - Epoch 426 results:
2026-07-19 14:20:43,597 -   Train Loss:           0.204406
2026-07-19 14:20:43,598 -   Val/Test Loss:        0.202101
2026-07-19 14:20:43,599 -   Train Bal.Accuracy:   0.721180
2026-07-19 14:20:43,600 -   Val/Test Bal.Accuracy:0.724503
2026-07-19 14:20:43,601 -   Loss gap:             0.002305
2026-07-19 14:20:43,602 -   Accuracy gap:         -0.003324
2026-07-19 14:20:43,602 -   Epoch time:           1.68 sec
2026-07-19 14:20:43,603 - 
--- EPOCH 427/1000 ---
2026-07-19 14:20:43,604 - Starting epoch 427
2026-07-19 14:20:45,158 - Epoch 427 results:
2026-07-19 14:20:45,159 -   Train Loss:           0.204406
2026-07-19 14:20:45,160 -   Val/Test Loss:        0.202101
2026-07-19 14:20:45,161 -   Train Bal.Accuracy:   0.721179
2026-07-19 14:20:45,162 -   Val/Test Bal.Accuracy:0.724503
2026-07-19 14:20:45,163 -   Loss gap:             0.002305
2026-07-19 14:20:45,164 -   Accuracy gap:         -0.003324
2026-07-19 14:20:45,166 -   Epoch time:           1.56 sec
2026-07-19 14:20:45,167 - 
--- EPOCH 428/1000 ---
2026-07-19 14:20:45,167 - Starting epoch 428
2026-07-19 14:20:46,832 - Epoch 428 results:
2026-07-19 14:20:46,833 -   Train Loss:           0.204406
2026-07-19 14:20:46,834 -   Val/Test Loss:        0.202101
2026-07-19 14:20:46,835 -   Train Bal.Accuracy:   0.721179
2026-07-19 14:20:46,836 -   Val/Test Bal.Accuracy:0.724503
2026-07-19 14:20:46,837 -   Loss gap:             0.002305
2026-07-19 14:20:46,838 -   Accuracy gap:         -0.003324
2026-07-19 14:20:46,839 -   Epoch time:           1.67 sec
2026-07-19 14:20:46,840 - 
--- EPOCH 429/1000 ---
2026-07-19 14:20:46,841 - Starting epoch 429
2026-07-19 14:20:49,022 - Epoch 429 results:
2026-07-19 14:20:49,023 -   Train Loss:           0.204406
2026-07-19 14:20:49,023 -   Val/Test Loss:        0.202101
2026-07-19 14:20:49,024 -   Train Bal.Accuracy:   0.721179
2026-07-19 14:20:49,025 -   Val/Test Bal.Accuracy:0.724523
2026-07-19 14:20:49,026 -   Loss gap:             0.002305
2026-07-19 14:20:49,027 -   Accuracy gap:         -0.003344
2026-07-19 14:20:49,028 -   Epoch time:           2.18 sec
2026-07-19 14:20:49,029 - 
--- EPOCH 430/1000 ---
2026-07-19 14:20:49,030 - Starting epoch 430
2026-07-19 14:20:50,556 - Epoch 430 results:
2026-07-19 14:20:50,557 -   Train Loss:           0.204406
2026-07-19 14:20:50,558 -   Val/Test Loss:        0.202101
2026-07-19 14:20:50,559 -   Train Bal.Accuracy:   0.721179
2026-07-19 14:20:50,561 -   Val/Test Bal.Accuracy:0.724523
2026-07-19 14:20:50,562 -   Loss gap:             0.002305
2026-07-19 14:20:50,563 -   Accuracy gap:         -0.003344
2026-07-19 14:20:50,564 -   Epoch time:           1.53 sec
2026-07-19 14:20:50,565 - 
--- EPOCH 431/1000 ---
2026-07-19 14:20:50,567 - Starting epoch 431
2026-07-19 14:20:52,012 - Epoch 431 results:
2026-07-19 14:20:52,013 -   Train Loss:           0.204406
2026-07-19 14:20:52,013 -   Val/Test Loss:        0.202101
2026-07-19 14:20:52,014 -   Train Bal.Accuracy:   0.721191
2026-07-19 14:20:52,015 -   Val/Test Bal.Accuracy:0.724552
2026-07-19 14:20:52,016 -   Loss gap:             0.002305
2026-07-19 14:20:52,016 -   Accuracy gap:         -0.003361
2026-07-19 14:20:52,017 -   Epoch time:           1.45 sec
2026-07-19 14:20:52,018 - 
--- EPOCH 432/1000 ---
2026-07-19 14:20:52,019 - Starting epoch 432
2026-07-19 14:20:53,457 - Epoch 432 results:
2026-07-19 14:20:53,458 -   Train Loss:           0.204406
2026-07-19 14:20:53,458 -   Val/Test Loss:        0.202101
2026-07-19 14:20:53,459 -   Train Bal.Accuracy:   0.721203
2026-07-19 14:20:53,460 -   Val/Test Bal.Accuracy:0.724581
2026-07-19 14:20:53,461 -   Loss gap:             0.002305
2026-07-19 14:20:53,462 -   Accuracy gap:         -0.003378
2026-07-19 14:20:53,463 -   Epoch time:           1.44 sec
2026-07-19 14:20:53,464 - 
--- EPOCH 433/1000 ---
2026-07-19 14:20:53,465 - Starting epoch 433
2026-07-19 14:20:54,883 - Epoch 433 results:
2026-07-19 14:20:54,884 -   Train Loss:           0.204406
2026-07-19 14:20:54,885 -   Val/Test Loss:        0.202101
2026-07-19 14:20:54,886 -   Train Bal.Accuracy:   0.721215
2026-07-19 14:20:54,887 -   Val/Test Bal.Accuracy:0.724581
2026-07-19 14:20:54,888 -   Loss gap:             0.002305
2026-07-19 14:20:54,889 -   Accuracy gap:         -0.003365
2026-07-19 14:20:54,890 -   Epoch time:           1.42 sec
2026-07-19 14:20:54,891 - 
--- EPOCH 434/1000 ---
2026-07-19 14:20:54,891 - Starting epoch 434
2026-07-19 14:20:56,257 - Epoch 434 results:
2026-07-19 14:20:56,258 -   Train Loss:           0.204406
2026-07-19 14:20:56,259 -   Val/Test Loss:        0.202101
2026-07-19 14:20:56,260 -   Train Bal.Accuracy:   0.721215
2026-07-19 14:20:56,261 -   Val/Test Bal.Accuracy:0.724581
2026-07-19 14:20:56,262 -   Loss gap:             0.002305
2026-07-19 14:20:56,262 -   Accuracy gap:         -0.003365
2026-07-19 14:20:56,263 -   Epoch time:           1.37 sec
2026-07-19 14:20:56,264 - 
--- EPOCH 435/1000 ---
2026-07-19 14:20:56,265 - Starting epoch 435
2026-07-19 14:20:57,676 - Epoch 435 results:
2026-07-19 14:20:57,677 -   Train Loss:           0.204406
2026-07-19 14:20:57,678 -   Val/Test Loss:        0.202101
2026-07-19 14:20:57,679 -   Train Bal.Accuracy:   0.721227
2026-07-19 14:20:57,679 -   Val/Test Bal.Accuracy:0.724581
2026-07-19 14:20:57,681 -   Loss gap:             0.002305
2026-07-19 14:20:57,682 -   Accuracy gap:         -0.003353
2026-07-19 14:20:57,683 -   Epoch time:           1.41 sec
2026-07-19 14:20:57,684 - 
--- EPOCH 436/1000 ---
2026-07-19 14:20:57,685 - Starting epoch 436
2026-07-19 14:20:59,029 - Epoch 436 results:
2026-07-19 14:20:59,029 -   Train Loss:           0.204406
2026-07-19 14:20:59,030 -   Val/Test Loss:        0.202101
2026-07-19 14:20:59,031 -   Train Bal.Accuracy:   0.721227
2026-07-19 14:20:59,032 -   Val/Test Bal.Accuracy:0.724581
2026-07-19 14:20:59,033 -   Loss gap:             0.002304
2026-07-19 14:20:59,034 -   Accuracy gap:         -0.003353
2026-07-19 14:20:59,035 -   Epoch time:           1.34 sec
2026-07-19 14:20:59,035 - 
--- EPOCH 437/1000 ---
2026-07-19 14:20:59,036 - Starting epoch 437
2026-07-19 14:21:00,507 - Epoch 437 results:
2026-07-19 14:21:00,508 -   Train Loss:           0.204406
2026-07-19 14:21:00,509 -   Val/Test Loss:        0.202101
2026-07-19 14:21:00,510 -   Train Bal.Accuracy:   0.721239
2026-07-19 14:21:00,511 -   Val/Test Bal.Accuracy:0.724581
2026-07-19 14:21:00,512 -   Loss gap:             0.002304
2026-07-19 14:21:00,512 -   Accuracy gap:         -0.003341
2026-07-19 14:21:00,513 -   Epoch time:           1.47 sec
2026-07-19 14:21:00,514 - 
--- EPOCH 438/1000 ---
2026-07-19 14:21:00,515 - Starting epoch 438
2026-07-19 14:21:01,861 - Epoch 438 results:
2026-07-19 14:21:01,862 -   Train Loss:           0.204406
2026-07-19 14:21:01,863 -   Val/Test Loss:        0.202101
2026-07-19 14:21:01,864 -   Train Bal.Accuracy:   0.721239
2026-07-19 14:21:01,865 -   Val/Test Bal.Accuracy:0.724581
2026-07-19 14:21:01,866 -   Loss gap:             0.002304
2026-07-19 14:21:01,867 -   Accuracy gap:         -0.003341
2026-07-19 14:21:01,868 -   Epoch time:           1.35 sec
2026-07-19 14:21:01,869 - 
--- EPOCH 439/1000 ---
2026-07-19 14:21:01,869 - Starting epoch 439
2026-07-19 14:21:03,276 - Epoch 439 results:
2026-07-19 14:21:03,277 -   Train Loss:           0.204406
2026-07-19 14:21:03,278 -   Val/Test Loss:        0.202101
2026-07-19 14:21:03,279 -   Train Bal.Accuracy:   0.721239
2026-07-19 14:21:03,280 -   Val/Test Bal.Accuracy:0.724581
2026-07-19 14:21:03,281 -   Loss gap:             0.002304
2026-07-19 14:21:03,282 -   Accuracy gap:         -0.003341
2026-07-19 14:21:03,283 -   Epoch time:           1.41 sec
2026-07-19 14:21:03,284 - 
--- EPOCH 440/1000 ---
2026-07-19 14:21:03,285 - Starting epoch 440
2026-07-19 14:21:04,696 - Epoch 440 results:
2026-07-19 14:21:04,697 -   Train Loss:           0.204406
2026-07-19 14:21:04,698 -   Val/Test Loss:        0.202101
2026-07-19 14:21:04,699 -   Train Bal.Accuracy:   0.721252
2026-07-19 14:21:04,700 -   Val/Test Bal.Accuracy:0.724581
2026-07-19 14:21:04,701 -   Loss gap:             0.002304
2026-07-19 14:21:04,702 -   Accuracy gap:         -0.003329
2026-07-19 14:21:04,702 -   Epoch time:           1.41 sec
2026-07-19 14:21:04,703 - 
--- EPOCH 441/1000 ---
2026-07-19 14:21:04,704 - Starting epoch 441
2026-07-19 14:21:06,203 - Epoch 441 results:
2026-07-19 14:21:06,204 -   Train Loss:           0.204406
2026-07-19 14:21:06,205 -   Val/Test Loss:        0.202101
2026-07-19 14:21:06,207 -   Train Bal.Accuracy:   0.721252
2026-07-19 14:21:06,207 -   Val/Test Bal.Accuracy:0.724581
2026-07-19 14:21:06,209 -   Loss gap:             0.002304
2026-07-19 14:21:06,210 -   Accuracy gap:         -0.003329
2026-07-19 14:21:06,212 -   Epoch time:           1.50 sec
2026-07-19 14:21:06,213 - 
--- EPOCH 442/1000 ---
2026-07-19 14:21:06,213 - Starting epoch 442
2026-07-19 14:21:07,641 - Epoch 442 results:
2026-07-19 14:21:07,642 -   Train Loss:           0.204406
2026-07-19 14:21:07,642 -   Val/Test Loss:        0.202101
2026-07-19 14:21:07,643 -   Train Bal.Accuracy:   0.721252
2026-07-19 14:21:07,644 -   Val/Test Bal.Accuracy:0.724579
2026-07-19 14:21:07,645 -   Loss gap:             0.002304
2026-07-19 14:21:07,646 -   Accuracy gap:         -0.003327
2026-07-19 14:21:07,647 -   Epoch time:           1.43 sec
2026-07-19 14:21:07,648 - 
--- EPOCH 443/1000 ---
2026-07-19 14:21:07,649 - Starting epoch 443
2026-07-19 14:21:09,083 - Epoch 443 results:
2026-07-19 14:21:09,084 -   Train Loss:           0.204405
2026-07-19 14:21:09,085 -   Val/Test Loss:        0.202101
2026-07-19 14:21:09,086 -   Train Bal.Accuracy:   0.721252
2026-07-19 14:21:09,086 -   Val/Test Bal.Accuracy:0.724579
2026-07-19 14:21:09,087 -   Loss gap:             0.002304
2026-07-19 14:21:09,088 -   Accuracy gap:         -0.003327
2026-07-19 14:21:09,089 -   Epoch time:           1.44 sec
2026-07-19 14:21:09,089 - 
--- EPOCH 444/1000 ---
2026-07-19 14:21:09,090 - Starting epoch 444
2026-07-19 14:21:10,569 - Epoch 444 results:
2026-07-19 14:21:10,570 -   Train Loss:           0.204405
2026-07-19 14:21:10,571 -   Val/Test Loss:        0.202101
2026-07-19 14:21:10,573 -   Train Bal.Accuracy:   0.721252
2026-07-19 14:21:10,574 -   Val/Test Bal.Accuracy:0.724579
2026-07-19 14:21:10,575 -   Loss gap:             0.002304
2026-07-19 14:21:10,576 -   Accuracy gap:         -0.003327
2026-07-19 14:21:10,577 -   Epoch time:           1.48 sec
2026-07-19 14:21:10,578 - 
--- EPOCH 445/1000 ---
2026-07-19 14:21:10,579 - Starting epoch 445
2026-07-19 14:21:12,068 - Epoch 445 results:
2026-07-19 14:21:12,069 -   Train Loss:           0.204405
2026-07-19 14:21:12,070 -   Val/Test Loss:        0.202101
2026-07-19 14:21:12,071 -   Train Bal.Accuracy:   0.721252
2026-07-19 14:21:12,072 -   Val/Test Bal.Accuracy:0.724608
2026-07-19 14:21:12,073 -   Loss gap:             0.002304
2026-07-19 14:21:12,074 -   Accuracy gap:         -0.003356
2026-07-19 14:21:12,074 -   Epoch time:           1.49 sec
2026-07-19 14:21:12,075 - 
--- EPOCH 446/1000 ---
2026-07-19 14:21:12,076 - Starting epoch 446
2026-07-19 14:21:13,464 - Epoch 446 results:
2026-07-19 14:21:13,465 -   Train Loss:           0.204405
2026-07-19 14:21:13,466 -   Val/Test Loss:        0.202101
2026-07-19 14:21:13,467 -   Train Bal.Accuracy:   0.721264
2026-07-19 14:21:13,468 -   Val/Test Bal.Accuracy:0.724608
2026-07-19 14:21:13,469 -   Loss gap:             0.002304
2026-07-19 14:21:13,470 -   Accuracy gap:         -0.003344
2026-07-19 14:21:13,471 -   Epoch time:           1.39 sec
2026-07-19 14:21:13,472 - 
--- EPOCH 447/1000 ---
2026-07-19 14:21:13,474 - Starting epoch 447
2026-07-19 14:21:14,864 - Epoch 447 results:
2026-07-19 14:21:14,865 -   Train Loss:           0.204405
2026-07-19 14:21:14,866 -   Val/Test Loss:        0.202101
2026-07-19 14:21:14,867 -   Train Bal.Accuracy:   0.721276
2026-07-19 14:21:14,868 -   Val/Test Bal.Accuracy:0.724608
2026-07-19 14:21:14,869 -   Loss gap:             0.002304
2026-07-19 14:21:14,869 -   Accuracy gap:         -0.003332
2026-07-19 14:21:14,870 -   Epoch time:           1.39 sec
2026-07-19 14:21:14,871 - 
--- EPOCH 448/1000 ---
2026-07-19 14:21:14,872 - Starting epoch 448
2026-07-19 14:21:16,316 - Epoch 448 results:
2026-07-19 14:21:16,317 -   Train Loss:           0.204405
2026-07-19 14:21:16,318 -   Val/Test Loss:        0.202101
2026-07-19 14:21:16,319 -   Train Bal.Accuracy:   0.721276
2026-07-19 14:21:16,320 -   Val/Test Bal.Accuracy:0.724608
2026-07-19 14:21:16,321 -   Loss gap:             0.002304
2026-07-19 14:21:16,321 -   Accuracy gap:         -0.003332
2026-07-19 14:21:16,322 -   Epoch time:           1.44 sec
2026-07-19 14:21:16,323 - 
--- EPOCH 449/1000 ---
2026-07-19 14:21:16,324 - Starting epoch 449
2026-07-19 14:21:18,079 - Epoch 449 results:
2026-07-19 14:21:18,080 -   Train Loss:           0.204405
2026-07-19 14:21:18,081 -   Val/Test Loss:        0.202101
2026-07-19 14:21:18,082 -   Train Bal.Accuracy:   0.721276
2026-07-19 14:21:18,083 -   Val/Test Bal.Accuracy:0.724608
2026-07-19 14:21:18,084 -   Loss gap:             0.002304
2026-07-19 14:21:18,085 -   Accuracy gap:         -0.003332
2026-07-19 14:21:18,087 -   Epoch time:           1.76 sec
2026-07-19 14:21:18,088 - 
--- EPOCH 450/1000 ---
2026-07-19 14:21:18,089 - Starting epoch 450
2026-07-19 14:21:19,491 - Epoch 450 results:
2026-07-19 14:21:19,492 -   Train Loss:           0.204405
2026-07-19 14:21:19,492 -   Val/Test Loss:        0.202101
2026-07-19 14:21:19,493 -   Train Bal.Accuracy:   0.721276
2026-07-19 14:21:19,494 -   Val/Test Bal.Accuracy:0.724608
2026-07-19 14:21:19,495 -   Loss gap:             0.002304
2026-07-19 14:21:19,496 -   Accuracy gap:         -0.003332
2026-07-19 14:21:19,498 -   Epoch time:           1.40 sec
2026-07-19 14:21:19,498 - 
--- EPOCH 451/1000 ---
2026-07-19 14:21:19,499 - Starting epoch 451
2026-07-19 14:21:21,165 - Epoch 451 results:
2026-07-19 14:21:21,166 -   Train Loss:           0.204405
2026-07-19 14:21:21,167 -   Val/Test Loss:        0.202101
2026-07-19 14:21:21,168 -   Train Bal.Accuracy:   0.721276
2026-07-19 14:21:21,169 -   Val/Test Bal.Accuracy:0.724608
2026-07-19 14:21:21,170 -   Loss gap:             0.002304
2026-07-19 14:21:21,171 -   Accuracy gap:         -0.003332
2026-07-19 14:21:21,173 -   Epoch time:           1.67 sec
2026-07-19 14:21:21,174 - 
--- EPOCH 452/1000 ---
2026-07-19 14:21:21,175 - Starting epoch 452
2026-07-19 14:21:22,594 - Epoch 452 results:
2026-07-19 14:21:22,595 -   Train Loss:           0.204405
2026-07-19 14:21:22,596 -   Val/Test Loss:        0.202101
2026-07-19 14:21:22,597 -   Train Bal.Accuracy:   0.721276
2026-07-19 14:21:22,598 -   Val/Test Bal.Accuracy:0.724608
2026-07-19 14:21:22,599 -   Loss gap:             0.002304
2026-07-19 14:21:22,600 -   Accuracy gap:         -0.003332
2026-07-19 14:21:22,601 -   Epoch time:           1.42 sec
2026-07-19 14:21:22,601 - 
--- EPOCH 453/1000 ---
2026-07-19 14:21:22,602 - Starting epoch 453
2026-07-19 14:21:23,999 - Epoch 453 results:
2026-07-19 14:21:24,000 -   Train Loss:           0.204405
2026-07-19 14:21:24,001 -   Val/Test Loss:        0.202101
2026-07-19 14:21:24,002 -   Train Bal.Accuracy:   0.721276
2026-07-19 14:21:24,003 -   Val/Test Bal.Accuracy:0.724608
2026-07-19 14:21:24,003 -   Loss gap:             0.002304
2026-07-19 14:21:24,004 -   Accuracy gap:         -0.003332
2026-07-19 14:21:24,005 -   Epoch time:           1.40 sec
2026-07-19 14:21:24,005 - 
--- EPOCH 454/1000 ---
2026-07-19 14:21:24,006 - Starting epoch 454
2026-07-19 14:21:25,359 - Epoch 454 results:
2026-07-19 14:21:25,360 -   Train Loss:           0.204405
2026-07-19 14:21:25,361 -   Val/Test Loss:        0.202101
2026-07-19 14:21:25,362 -   Train Bal.Accuracy:   0.721276
2026-07-19 14:21:25,362 -   Val/Test Bal.Accuracy:0.724627
2026-07-19 14:21:25,363 -   Loss gap:             0.002304
2026-07-19 14:21:25,364 -   Accuracy gap:         -0.003351
2026-07-19 14:21:25,365 -   Epoch time:           1.35 sec
2026-07-19 14:21:25,366 - 
--- EPOCH 455/1000 ---
2026-07-19 14:21:25,367 - Starting epoch 455
2026-07-19 14:21:26,909 - Epoch 455 results:
2026-07-19 14:21:26,910 -   Train Loss:           0.204405
2026-07-19 14:21:26,911 -   Val/Test Loss:        0.202101
2026-07-19 14:21:26,912 -   Train Bal.Accuracy:   0.721276
2026-07-19 14:21:26,913 -   Val/Test Bal.Accuracy:0.724627
2026-07-19 14:21:26,914 -   Loss gap:             0.002304
2026-07-19 14:21:26,914 -   Accuracy gap:         -0.003351
2026-07-19 14:21:26,915 -   Epoch time:           1.54 sec
2026-07-19 14:21:26,916 - 
--- EPOCH 456/1000 ---
2026-07-19 14:21:26,917 - Starting epoch 456
2026-07-19 14:21:28,318 - Epoch 456 results:
2026-07-19 14:21:28,319 -   Train Loss:           0.204405
2026-07-19 14:21:28,320 -   Val/Test Loss:        0.202101
2026-07-19 14:21:28,321 -   Train Bal.Accuracy:   0.721276
2026-07-19 14:21:28,322 -   Val/Test Bal.Accuracy:0.724627
2026-07-19 14:21:28,323 -   Loss gap:             0.002304
2026-07-19 14:21:28,324 -   Accuracy gap:         -0.003351
2026-07-19 14:21:28,324 -   Epoch time:           1.40 sec
2026-07-19 14:21:28,325 - 
--- EPOCH 457/1000 ---
2026-07-19 14:21:28,326 - Starting epoch 457
2026-07-19 14:21:29,719 - Epoch 457 results:
2026-07-19 14:21:29,720 -   Train Loss:           0.204405
2026-07-19 14:21:29,721 -   Val/Test Loss:        0.202101
2026-07-19 14:21:29,722 -   Train Bal.Accuracy:   0.721276
2026-07-19 14:21:29,723 -   Val/Test Bal.Accuracy:0.724627
2026-07-19 14:21:29,724 -   Loss gap:             0.002304
2026-07-19 14:21:29,724 -   Accuracy gap:         -0.003351
2026-07-19 14:21:29,725 -   Epoch time:           1.39 sec
2026-07-19 14:21:29,726 - 
--- EPOCH 458/1000 ---
2026-07-19 14:21:29,727 - Starting epoch 458
2026-07-19 14:21:31,102 - Epoch 458 results:
2026-07-19 14:21:31,103 -   Train Loss:           0.204405
2026-07-19 14:21:31,104 -   Val/Test Loss:        0.202101
2026-07-19 14:21:31,105 -   Train Bal.Accuracy:   0.721276
2026-07-19 14:21:31,106 -   Val/Test Bal.Accuracy:0.724627
2026-07-19 14:21:31,107 -   Loss gap:             0.002304
2026-07-19 14:21:31,108 -   Accuracy gap:         -0.003351
2026-07-19 14:21:31,109 -   Epoch time:           1.38 sec
2026-07-19 14:21:31,110 - 
--- EPOCH 459/1000 ---
2026-07-19 14:21:31,110 - Starting epoch 459
2026-07-19 14:21:32,627 - Epoch 459 results:
2026-07-19 14:21:32,628 -   Train Loss:           0.204405
2026-07-19 14:21:32,629 -   Val/Test Loss:        0.202101
2026-07-19 14:21:32,630 -   Train Bal.Accuracy:   0.721276
2026-07-19 14:21:32,631 -   Val/Test Bal.Accuracy:0.724656
2026-07-19 14:21:32,632 -   Loss gap:             0.002304
2026-07-19 14:21:32,633 -   Accuracy gap:         -0.003380
2026-07-19 14:21:32,634 -   Epoch time:           1.52 sec
2026-07-19 14:21:32,635 - 
--- EPOCH 460/1000 ---
2026-07-19 14:21:32,635 - Starting epoch 460
2026-07-19 14:21:34,102 - Epoch 460 results:
2026-07-19 14:21:34,103 -   Train Loss:           0.204405
2026-07-19 14:21:34,104 -   Val/Test Loss:        0.202101
2026-07-19 14:21:34,105 -   Train Bal.Accuracy:   0.721276
2026-07-19 14:21:34,106 -   Val/Test Bal.Accuracy:0.724685
2026-07-19 14:21:34,107 -   Loss gap:             0.002304
2026-07-19 14:21:34,108 -   Accuracy gap:         -0.003409
2026-07-19 14:21:34,109 -   Epoch time:           1.47 sec
2026-07-19 14:21:34,110 - 
--- EPOCH 461/1000 ---
2026-07-19 14:21:34,111 - Starting epoch 461
2026-07-19 14:21:35,603 - Epoch 461 results:
2026-07-19 14:21:35,604 -   Train Loss:           0.204405
2026-07-19 14:21:35,605 -   Val/Test Loss:        0.202101
2026-07-19 14:21:35,606 -   Train Bal.Accuracy:   0.721276
2026-07-19 14:21:35,607 -   Val/Test Bal.Accuracy:0.724685
2026-07-19 14:21:35,608 -   Loss gap:             0.002304
2026-07-19 14:21:35,609 -   Accuracy gap:         -0.003409
2026-07-19 14:21:35,610 -   Epoch time:           1.49 sec
2026-07-19 14:21:35,611 - 
--- EPOCH 462/1000 ---
2026-07-19 14:21:35,612 - Starting epoch 462
2026-07-19 14:21:37,112 - Epoch 462 results:
2026-07-19 14:21:37,114 -   Train Loss:           0.204405
2026-07-19 14:21:37,114 -   Val/Test Loss:        0.202101
2026-07-19 14:21:37,115 -   Train Bal.Accuracy:   0.721284
2026-07-19 14:21:37,116 -   Val/Test Bal.Accuracy:0.724685
2026-07-19 14:21:37,117 -   Loss gap:             0.002304
2026-07-19 14:21:37,118 -   Accuracy gap:         -0.003401
2026-07-19 14:21:37,119 -   Epoch time:           1.50 sec
2026-07-19 14:21:37,120 - 
--- EPOCH 463/1000 ---
2026-07-19 14:21:37,121 - Starting epoch 463
2026-07-19 14:21:38,758 - Epoch 463 results:
2026-07-19 14:21:38,759 -   Train Loss:           0.204405
2026-07-19 14:21:38,760 -   Val/Test Loss:        0.202101
2026-07-19 14:21:38,760 -   Train Bal.Accuracy:   0.721284
2026-07-19 14:21:38,761 -   Val/Test Bal.Accuracy:0.724705
2026-07-19 14:21:38,762 -   Loss gap:             0.002304
2026-07-19 14:21:38,763 -   Accuracy gap:         -0.003420
2026-07-19 14:21:38,763 -   Epoch time:           1.64 sec
2026-07-19 14:21:38,764 - 
--- EPOCH 464/1000 ---
2026-07-19 14:21:38,765 - Starting epoch 464
2026-07-19 14:21:40,573 - Epoch 464 results:
2026-07-19 14:21:40,574 -   Train Loss:           0.204405
2026-07-19 14:21:40,575 -   Val/Test Loss:        0.202101
2026-07-19 14:21:40,577 -   Train Bal.Accuracy:   0.721284
2026-07-19 14:21:40,579 -   Val/Test Bal.Accuracy:0.724705
2026-07-19 14:21:40,580 -   Loss gap:             0.002304
2026-07-19 14:21:40,581 -   Accuracy gap:         -0.003420
2026-07-19 14:21:40,584 -   Epoch time:           1.81 sec
2026-07-19 14:21:40,585 - 
--- EPOCH 465/1000 ---
2026-07-19 14:21:40,587 - Starting epoch 465
2026-07-19 14:21:43,402 - Epoch 465 results:
2026-07-19 14:21:43,404 -   Train Loss:           0.204405
2026-07-19 14:21:43,405 -   Val/Test Loss:        0.202101
2026-07-19 14:21:43,407 -   Train Bal.Accuracy:   0.721284
2026-07-19 14:21:43,408 -   Val/Test Bal.Accuracy:0.724705
2026-07-19 14:21:43,409 -   Loss gap:             0.002304
2026-07-19 14:21:43,410 -   Accuracy gap:         -0.003421
2026-07-19 14:21:43,412 -   Epoch time:           2.82 sec
2026-07-19 14:21:43,413 - 
--- EPOCH 466/1000 ---
2026-07-19 14:21:43,414 - Starting epoch 466
2026-07-19 14:21:45,776 - Epoch 466 results:
2026-07-19 14:21:45,777 -   Train Loss:           0.204405
2026-07-19 14:21:45,778 -   Val/Test Loss:        0.202101
2026-07-19 14:21:45,780 -   Train Bal.Accuracy:   0.721284
2026-07-19 14:21:45,781 -   Val/Test Bal.Accuracy:0.724724
2026-07-19 14:21:45,783 -   Loss gap:             0.002304
2026-07-19 14:21:45,784 -   Accuracy gap:         -0.003441
2026-07-19 14:21:45,785 -   Epoch time:           2.36 sec
2026-07-19 14:21:45,786 - 
--- EPOCH 467/1000 ---
2026-07-19 14:21:45,788 - Starting epoch 467
2026-07-19 14:21:48,625 - Epoch 467 results:
2026-07-19 14:21:48,626 -   Train Loss:           0.204405
2026-07-19 14:21:48,628 -   Val/Test Loss:        0.202101
2026-07-19 14:21:48,629 -   Train Bal.Accuracy:   0.721284
2026-07-19 14:21:48,631 -   Val/Test Bal.Accuracy:0.724724
2026-07-19 14:21:48,632 -   Loss gap:             0.002304
2026-07-19 14:21:48,633 -   Accuracy gap:         -0.003441
2026-07-19 14:21:48,635 -   Epoch time:           2.84 sec
2026-07-19 14:21:48,636 - 
--- EPOCH 468/1000 ---
2026-07-19 14:21:48,637 - Starting epoch 468
2026-07-19 14:21:50,897 - Epoch 468 results:
2026-07-19 14:21:50,898 -   Train Loss:           0.204405
2026-07-19 14:21:50,900 -   Val/Test Loss:        0.202101
2026-07-19 14:21:50,901 -   Train Bal.Accuracy:   0.721284
2026-07-19 14:21:50,902 -   Val/Test Bal.Accuracy:0.724724
2026-07-19 14:21:50,903 -   Loss gap:             0.002304
2026-07-19 14:21:50,903 -   Accuracy gap:         -0.003441
2026-07-19 14:21:50,904 -   Epoch time:           2.26 sec
2026-07-19 14:21:50,905 - 
--- EPOCH 469/1000 ---
2026-07-19 14:21:50,906 - Starting epoch 469
2026-07-19 14:21:52,655 - Epoch 469 results:
2026-07-19 14:21:52,656 -   Train Loss:           0.204405
2026-07-19 14:21:52,657 -   Val/Test Loss:        0.202101
2026-07-19 14:21:52,658 -   Train Bal.Accuracy:   0.721284
2026-07-19 14:21:52,659 -   Val/Test Bal.Accuracy:0.724724
2026-07-19 14:21:52,660 -   Loss gap:             0.002304
2026-07-19 14:21:52,661 -   Accuracy gap:         -0.003441
2026-07-19 14:21:52,662 -   Epoch time:           1.75 sec
2026-07-19 14:21:52,663 - 
--- EPOCH 470/1000 ---
2026-07-19 14:21:52,664 - Starting epoch 470
2026-07-19 14:21:54,327 - Epoch 470 results:
2026-07-19 14:21:54,328 -   Train Loss:           0.204405
2026-07-19 14:21:54,329 -   Val/Test Loss:        0.202101
2026-07-19 14:21:54,330 -   Train Bal.Accuracy:   0.721292
2026-07-19 14:21:54,331 -   Val/Test Bal.Accuracy:0.724724
2026-07-19 14:21:54,332 -   Loss gap:             0.002304
2026-07-19 14:21:54,333 -   Accuracy gap:         -0.003432
2026-07-19 14:21:54,334 -   Epoch time:           1.66 sec
2026-07-19 14:21:54,335 - 
--- EPOCH 471/1000 ---
2026-07-19 14:21:54,336 - Starting epoch 471
2026-07-19 14:21:56,202 - Epoch 471 results:
2026-07-19 14:21:56,203 -   Train Loss:           0.204405
2026-07-19 14:21:56,205 -   Val/Test Loss:        0.202101
2026-07-19 14:21:56,206 -   Train Bal.Accuracy:   0.721292
2026-07-19 14:21:56,207 -   Val/Test Bal.Accuracy:0.724705
2026-07-19 14:21:56,208 -   Loss gap:             0.002304
2026-07-19 14:21:56,209 -   Accuracy gap:         -0.003413
2026-07-19 14:21:56,210 -   Epoch time:           1.87 sec
2026-07-19 14:21:56,210 - 
--- EPOCH 472/1000 ---
2026-07-19 14:21:56,212 - Starting epoch 472
2026-07-19 14:21:58,287 - Epoch 472 results:
2026-07-19 14:21:58,288 -   Train Loss:           0.204405
2026-07-19 14:21:58,290 -   Val/Test Loss:        0.202101
2026-07-19 14:21:58,291 -   Train Bal.Accuracy:   0.721292
2026-07-19 14:21:58,292 -   Val/Test Bal.Accuracy:0.724705
2026-07-19 14:21:58,293 -   Loss gap:             0.002304
2026-07-19 14:21:58,295 -   Accuracy gap:         -0.003413
2026-07-19 14:21:58,296 -   Epoch time:           2.08 sec
2026-07-19 14:21:58,298 - 
--- EPOCH 473/1000 ---
2026-07-19 14:21:58,299 - Starting epoch 473
2026-07-19 14:22:01,105 - Epoch 473 results:
2026-07-19 14:22:01,106 -   Train Loss:           0.204405
2026-07-19 14:22:01,108 -   Val/Test Loss:        0.202100
2026-07-19 14:22:01,110 -   Train Bal.Accuracy:   0.721292
2026-07-19 14:22:01,112 -   Val/Test Bal.Accuracy:0.724705
2026-07-19 14:22:01,114 -   Loss gap:             0.002304
2026-07-19 14:22:01,116 -   Accuracy gap:         -0.003413
2026-07-19 14:22:01,118 -   Epoch time:           2.81 sec
2026-07-19 14:22:01,120 - 
--- EPOCH 474/1000 ---
2026-07-19 14:22:01,122 - Starting epoch 474
2026-07-19 14:22:03,411 - Epoch 474 results:
2026-07-19 14:22:03,412 -   Train Loss:           0.204405
2026-07-19 14:22:03,414 -   Val/Test Loss:        0.202100
2026-07-19 14:22:03,416 -   Train Bal.Accuracy:   0.721304
2026-07-19 14:22:03,417 -   Val/Test Bal.Accuracy:0.724734
2026-07-19 14:22:03,418 -   Loss gap:             0.002304
2026-07-19 14:22:03,420 -   Accuracy gap:         -0.003430
2026-07-19 14:22:03,421 -   Epoch time:           2.29 sec
2026-07-19 14:22:03,422 - 
--- EPOCH 475/1000 ---
2026-07-19 14:22:03,423 - Starting epoch 475
2026-07-19 14:22:05,686 - Epoch 475 results:
2026-07-19 14:22:05,687 -   Train Loss:           0.204405
2026-07-19 14:22:05,688 -   Val/Test Loss:        0.202100
2026-07-19 14:22:05,689 -   Train Bal.Accuracy:   0.721313
2026-07-19 14:22:05,690 -   Val/Test Bal.Accuracy:0.724734
2026-07-19 14:22:05,691 -   Loss gap:             0.002304
2026-07-19 14:22:05,692 -   Accuracy gap:         -0.003421
2026-07-19 14:22:05,693 -   Epoch time:           2.26 sec
2026-07-19 14:22:05,694 - 
--- EPOCH 476/1000 ---
2026-07-19 14:22:05,695 - Starting epoch 476
2026-07-19 14:22:07,462 - Epoch 476 results:
2026-07-19 14:22:07,463 -   Train Loss:           0.204405
2026-07-19 14:22:07,464 -   Val/Test Loss:        0.202100
2026-07-19 14:22:07,465 -   Train Bal.Accuracy:   0.721313
2026-07-19 14:22:07,466 -   Val/Test Bal.Accuracy:0.724734
2026-07-19 14:22:07,467 -   Loss gap:             0.002304
2026-07-19 14:22:07,468 -   Accuracy gap:         -0.003421
2026-07-19 14:22:07,469 -   Epoch time:           1.77 sec
2026-07-19 14:22:07,469 - 
--- EPOCH 477/1000 ---
2026-07-19 14:22:07,470 - Starting epoch 477
2026-07-19 14:22:09,172 - Epoch 477 results:
2026-07-19 14:22:09,173 -   Train Loss:           0.204405
2026-07-19 14:22:09,174 -   Val/Test Loss:        0.202100
2026-07-19 14:22:09,175 -   Train Bal.Accuracy:   0.721313
2026-07-19 14:22:09,176 -   Val/Test Bal.Accuracy:0.724734
2026-07-19 14:22:09,177 -   Loss gap:             0.002304
2026-07-19 14:22:09,177 -   Accuracy gap:         -0.003421
2026-07-19 14:22:09,179 -   Epoch time:           1.70 sec
2026-07-19 14:22:09,180 - 
--- EPOCH 478/1000 ---
2026-07-19 14:22:09,181 - Starting epoch 478
2026-07-19 14:22:10,920 - Epoch 478 results:
2026-07-19 14:22:10,921 -   Train Loss:           0.204404
2026-07-19 14:22:10,922 -   Val/Test Loss:        0.202100
2026-07-19 14:22:10,922 -   Train Bal.Accuracy:   0.721304
2026-07-19 14:22:10,923 -   Val/Test Bal.Accuracy:0.724734
2026-07-19 14:22:10,924 -   Loss gap:             0.002304
2026-07-19 14:22:10,925 -   Accuracy gap:         -0.003430
2026-07-19 14:22:10,926 -   Epoch time:           1.74 sec
2026-07-19 14:22:10,927 - 
--- EPOCH 479/1000 ---
2026-07-19 14:22:10,927 - Starting epoch 479
2026-07-19 14:22:12,664 - Epoch 479 results:
2026-07-19 14:22:12,665 -   Train Loss:           0.204404
2026-07-19 14:22:12,666 -   Val/Test Loss:        0.202100
2026-07-19 14:22:12,667 -   Train Bal.Accuracy:   0.721304
2026-07-19 14:22:12,669 -   Val/Test Bal.Accuracy:0.724734
2026-07-19 14:22:12,670 -   Loss gap:             0.002304
2026-07-19 14:22:12,671 -   Accuracy gap:         -0.003430
2026-07-19 14:22:12,672 -   Epoch time:           1.74 sec
2026-07-19 14:22:12,673 - 
--- EPOCH 480/1000 ---
2026-07-19 14:22:12,674 - Starting epoch 480
2026-07-19 14:22:14,330 - Epoch 480 results:
2026-07-19 14:22:14,332 -   Train Loss:           0.204404
2026-07-19 14:22:14,332 -   Val/Test Loss:        0.202100
2026-07-19 14:22:14,333 -   Train Bal.Accuracy:   0.721304
2026-07-19 14:22:14,334 -   Val/Test Bal.Accuracy:0.724763
2026-07-19 14:22:14,335 -   Loss gap:             0.002304
2026-07-19 14:22:14,336 -   Accuracy gap:         -0.003459
2026-07-19 14:22:14,337 -   Epoch time:           1.66 sec
2026-07-19 14:22:14,338 - 
--- EPOCH 481/1000 ---
2026-07-19 14:22:14,339 - Starting epoch 481
2026-07-19 14:22:15,898 - Epoch 481 results:
2026-07-19 14:22:15,900 -   Train Loss:           0.204404
2026-07-19 14:22:15,901 -   Val/Test Loss:        0.202100
2026-07-19 14:22:15,902 -   Train Bal.Accuracy:   0.721304
2026-07-19 14:22:15,903 -   Val/Test Bal.Accuracy:0.724792
2026-07-19 14:22:15,904 -   Loss gap:             0.002304
2026-07-19 14:22:15,905 -   Accuracy gap:         -0.003488
2026-07-19 14:22:15,906 -   Epoch time:           1.56 sec
2026-07-19 14:22:15,907 - 
--- EPOCH 482/1000 ---
2026-07-19 14:22:15,908 - Starting epoch 482
2026-07-19 14:22:17,462 - Epoch 482 results:
2026-07-19 14:22:17,463 -   Train Loss:           0.204404
2026-07-19 14:22:17,465 -   Val/Test Loss:        0.202100
2026-07-19 14:22:17,466 -   Train Bal.Accuracy:   0.721304
2026-07-19 14:22:17,467 -   Val/Test Bal.Accuracy:0.724790
2026-07-19 14:22:17,468 -   Loss gap:             0.002304
2026-07-19 14:22:17,469 -   Accuracy gap:         -0.003486
2026-07-19 14:22:17,470 -   Epoch time:           1.56 sec
2026-07-19 14:22:17,471 - 
--- EPOCH 483/1000 ---
2026-07-19 14:22:17,472 - Starting epoch 483
2026-07-19 14:22:19,099 - Epoch 483 results:
2026-07-19 14:22:19,100 -   Train Loss:           0.204404
2026-07-19 14:22:19,101 -   Val/Test Loss:        0.202100
2026-07-19 14:22:19,102 -   Train Bal.Accuracy:   0.721304
2026-07-19 14:22:19,103 -   Val/Test Bal.Accuracy:0.724790
2026-07-19 14:22:19,104 -   Loss gap:             0.002304
2026-07-19 14:22:19,105 -   Accuracy gap:         -0.003486
2026-07-19 14:22:19,106 -   Epoch time:           1.63 sec
2026-07-19 14:22:19,107 - 
--- EPOCH 484/1000 ---
2026-07-19 14:22:19,108 - Starting epoch 484
2026-07-19 14:22:20,788 - Epoch 484 results:
2026-07-19 14:22:20,789 -   Train Loss:           0.204404
2026-07-19 14:22:20,790 -   Val/Test Loss:        0.202100
2026-07-19 14:22:20,791 -   Train Bal.Accuracy:   0.721304
2026-07-19 14:22:20,792 -   Val/Test Bal.Accuracy:0.724790
2026-07-19 14:22:20,793 -   Loss gap:             0.002304
2026-07-19 14:22:20,793 -   Accuracy gap:         -0.003486
2026-07-19 14:22:20,794 -   Epoch time:           1.68 sec
2026-07-19 14:22:20,795 - 
--- EPOCH 485/1000 ---
2026-07-19 14:22:20,796 - Starting epoch 485
2026-07-19 14:22:22,379 - Epoch 485 results:
2026-07-19 14:22:22,380 -   Train Loss:           0.204404
2026-07-19 14:22:22,381 -   Val/Test Loss:        0.202100
2026-07-19 14:22:22,382 -   Train Bal.Accuracy:   0.721304
2026-07-19 14:22:22,383 -   Val/Test Bal.Accuracy:0.724790
2026-07-19 14:22:22,384 -   Loss gap:             0.002304
2026-07-19 14:22:22,386 -   Accuracy gap:         -0.003486
2026-07-19 14:22:22,387 -   Epoch time:           1.58 sec
2026-07-19 14:22:22,388 - 
--- EPOCH 486/1000 ---
2026-07-19 14:22:22,389 - Starting epoch 486
2026-07-19 14:22:24,002 - Epoch 486 results:
2026-07-19 14:22:24,003 -   Train Loss:           0.204404
2026-07-19 14:22:24,004 -   Val/Test Loss:        0.202100
2026-07-19 14:22:24,005 -   Train Bal.Accuracy:   0.721316
2026-07-19 14:22:24,006 -   Val/Test Bal.Accuracy:0.724790
2026-07-19 14:22:24,007 -   Loss gap:             0.002304
2026-07-19 14:22:24,008 -   Accuracy gap:         -0.003474
2026-07-19 14:22:24,009 -   Epoch time:           1.61 sec
2026-07-19 14:22:24,011 - 
--- EPOCH 487/1000 ---
2026-07-19 14:22:24,011 - Starting epoch 487
2026-07-19 14:22:25,614 - Epoch 487 results:
2026-07-19 14:22:25,615 -   Train Loss:           0.204404
2026-07-19 14:22:25,616 -   Val/Test Loss:        0.202100
2026-07-19 14:22:25,617 -   Train Bal.Accuracy:   0.721316
2026-07-19 14:22:25,618 -   Val/Test Bal.Accuracy:0.724790
2026-07-19 14:22:25,618 -   Loss gap:             0.002304
2026-07-19 14:22:25,619 -   Accuracy gap:         -0.003474
2026-07-19 14:22:25,620 -   Epoch time:           1.60 sec
2026-07-19 14:22:25,621 - 
--- EPOCH 488/1000 ---
2026-07-19 14:22:25,622 - Starting epoch 488
2026-07-19 14:22:27,258 - Epoch 488 results:
2026-07-19 14:22:27,259 -   Train Loss:           0.204404
2026-07-19 14:22:27,260 -   Val/Test Loss:        0.202100
2026-07-19 14:22:27,261 -   Train Bal.Accuracy:   0.721316
2026-07-19 14:22:27,262 -   Val/Test Bal.Accuracy:0.724790
2026-07-19 14:22:27,263 -   Loss gap:             0.002304
2026-07-19 14:22:27,264 -   Accuracy gap:         -0.003474
2026-07-19 14:22:27,265 -   Epoch time:           1.64 sec
2026-07-19 14:22:27,265 - 
--- EPOCH 489/1000 ---
2026-07-19 14:22:27,267 - Starting epoch 489
2026-07-19 14:22:28,894 - Epoch 489 results:
2026-07-19 14:22:28,895 -   Train Loss:           0.204404
2026-07-19 14:22:28,896 -   Val/Test Loss:        0.202100
2026-07-19 14:22:28,898 -   Train Bal.Accuracy:   0.721316
2026-07-19 14:22:28,899 -   Val/Test Bal.Accuracy:0.724790
2026-07-19 14:22:28,900 -   Loss gap:             0.002304
2026-07-19 14:22:28,901 -   Accuracy gap:         -0.003474
2026-07-19 14:22:28,902 -   Epoch time:           1.63 sec
2026-07-19 14:22:28,903 - 
--- EPOCH 490/1000 ---
2026-07-19 14:22:28,906 - Starting epoch 490
2026-07-19 14:22:30,499 - Epoch 490 results:
2026-07-19 14:22:30,500 -   Train Loss:           0.204404
2026-07-19 14:22:30,502 -   Val/Test Loss:        0.202100
2026-07-19 14:22:30,502 -   Train Bal.Accuracy:   0.721316
2026-07-19 14:22:30,503 -   Val/Test Bal.Accuracy:0.724790
2026-07-19 14:22:30,505 -   Loss gap:             0.002304
2026-07-19 14:22:30,506 -   Accuracy gap:         -0.003474
2026-07-19 14:22:30,506 -   Epoch time:           1.60 sec
2026-07-19 14:22:30,507 - 
--- EPOCH 491/1000 ---
2026-07-19 14:22:30,508 - Starting epoch 491
2026-07-19 14:22:32,212 - Epoch 491 results:
2026-07-19 14:22:32,213 -   Train Loss:           0.204404
2026-07-19 14:22:32,214 -   Val/Test Loss:        0.202100
2026-07-19 14:22:32,216 -   Train Bal.Accuracy:   0.721315
2026-07-19 14:22:32,217 -   Val/Test Bal.Accuracy:0.724790
2026-07-19 14:22:32,218 -   Loss gap:             0.002304
2026-07-19 14:22:32,219 -   Accuracy gap:         -0.003474
2026-07-19 14:22:32,220 -   Epoch time:           1.70 sec
2026-07-19 14:22:32,221 - 
--- EPOCH 492/1000 ---
2026-07-19 14:22:32,222 - Starting epoch 492
2026-07-19 14:22:33,835 - Epoch 492 results:
2026-07-19 14:22:33,836 -   Train Loss:           0.204404
2026-07-19 14:22:33,837 -   Val/Test Loss:        0.202100
2026-07-19 14:22:33,838 -   Train Bal.Accuracy:   0.721328
2026-07-19 14:22:33,838 -   Val/Test Bal.Accuracy:0.724790
2026-07-19 14:22:33,839 -   Loss gap:             0.002304
2026-07-19 14:22:33,840 -   Accuracy gap:         -0.003462
2026-07-19 14:22:33,841 -   Epoch time:           1.61 sec
2026-07-19 14:22:33,842 - 
--- EPOCH 493/1000 ---
2026-07-19 14:22:33,843 - Starting epoch 493
2026-07-19 14:22:35,459 - Epoch 493 results:
2026-07-19 14:22:35,460 -   Train Loss:           0.204404
2026-07-19 14:22:35,461 -   Val/Test Loss:        0.202100
2026-07-19 14:22:35,461 -   Train Bal.Accuracy:   0.721340
2026-07-19 14:22:35,462 -   Val/Test Bal.Accuracy:0.724790
2026-07-19 14:22:35,464 -   Loss gap:             0.002304
2026-07-19 14:22:35,465 -   Accuracy gap:         -0.003450
2026-07-19 14:22:35,466 -   Epoch time:           1.62 sec
2026-07-19 14:22:35,467 - 
--- EPOCH 494/1000 ---
2026-07-19 14:22:35,468 - Starting epoch 494
2026-07-19 14:22:37,071 - Epoch 494 results:
2026-07-19 14:22:37,072 -   Train Loss:           0.204404
2026-07-19 14:22:37,073 -   Val/Test Loss:        0.202100
2026-07-19 14:22:37,074 -   Train Bal.Accuracy:   0.721340
2026-07-19 14:22:37,075 -   Val/Test Bal.Accuracy:0.724790
2026-07-19 14:22:37,075 -   Loss gap:             0.002304
2026-07-19 14:22:37,076 -   Accuracy gap:         -0.003450
2026-07-19 14:22:37,077 -   Epoch time:           1.60 sec
2026-07-19 14:22:37,078 - 
--- EPOCH 495/1000 ---
2026-07-19 14:22:37,079 - Starting epoch 495
2026-07-19 14:22:38,768 - Epoch 495 results:
2026-07-19 14:22:38,769 -   Train Loss:           0.204404
2026-07-19 14:22:38,770 -   Val/Test Loss:        0.202100
2026-07-19 14:22:38,771 -   Train Bal.Accuracy:   0.721340
2026-07-19 14:22:38,772 -   Val/Test Bal.Accuracy:0.724819
2026-07-19 14:22:38,773 -   Loss gap:             0.002304
2026-07-19 14:22:38,773 -   Accuracy gap:         -0.003479
2026-07-19 14:22:38,774 -   Epoch time:           1.69 sec
2026-07-19 14:22:38,775 - 
--- EPOCH 496/1000 ---
2026-07-19 14:22:38,776 - Starting epoch 496
2026-07-19 14:22:40,450 - Epoch 496 results:
2026-07-19 14:22:40,451 -   Train Loss:           0.204404
2026-07-19 14:22:40,452 -   Val/Test Loss:        0.202100
2026-07-19 14:22:40,453 -   Train Bal.Accuracy:   0.721340
2026-07-19 14:22:40,454 -   Val/Test Bal.Accuracy:0.724819
2026-07-19 14:22:40,455 -   Loss gap:             0.002304
2026-07-19 14:22:40,456 -   Accuracy gap:         -0.003479
2026-07-19 14:22:40,457 -   Epoch time:           1.68 sec
2026-07-19 14:22:40,458 - 
--- EPOCH 497/1000 ---
2026-07-19 14:22:40,459 - Starting epoch 497
2026-07-19 14:22:42,078 - Epoch 497 results:
2026-07-19 14:22:42,079 -   Train Loss:           0.204404
2026-07-19 14:22:42,080 -   Val/Test Loss:        0.202100
2026-07-19 14:22:42,081 -   Train Bal.Accuracy:   0.721340
2026-07-19 14:22:42,083 -   Val/Test Bal.Accuracy:0.724819
2026-07-19 14:22:42,084 -   Loss gap:             0.002304
2026-07-19 14:22:42,085 -   Accuracy gap:         -0.003479
2026-07-19 14:22:42,087 -   Epoch time:           1.62 sec
2026-07-19 14:22:42,088 - 
--- EPOCH 498/1000 ---
2026-07-19 14:22:42,088 - Starting epoch 498
2026-07-19 14:22:43,744 - Epoch 498 results:
2026-07-19 14:22:43,745 -   Train Loss:           0.204404
2026-07-19 14:22:43,746 -   Val/Test Loss:        0.202100
2026-07-19 14:22:43,747 -   Train Bal.Accuracy:   0.721347
2026-07-19 14:22:43,749 -   Val/Test Bal.Accuracy:0.724819
2026-07-19 14:22:43,750 -   Loss gap:             0.002304
2026-07-19 14:22:43,751 -   Accuracy gap:         -0.003471
2026-07-19 14:22:43,752 -   Epoch time:           1.66 sec
2026-07-19 14:22:43,752 - 
--- EPOCH 499/1000 ---
2026-07-19 14:22:43,754 - Starting epoch 499
2026-07-19 14:22:45,515 - Epoch 499 results:
2026-07-19 14:22:45,516 -   Train Loss:           0.204404
2026-07-19 14:22:45,517 -   Val/Test Loss:        0.202100
2026-07-19 14:22:45,518 -   Train Bal.Accuracy:   0.721347
2026-07-19 14:22:45,519 -   Val/Test Bal.Accuracy:0.724819
2026-07-19 14:22:45,520 -   Loss gap:             0.002304
2026-07-19 14:22:45,521 -   Accuracy gap:         -0.003471
2026-07-19 14:22:45,521 -   Epoch time:           1.76 sec
2026-07-19 14:22:45,522 - 
--- EPOCH 500/1000 ---
2026-07-19 14:22:45,523 - Starting epoch 500
2026-07-19 14:22:47,051 - Epoch 500 results:
2026-07-19 14:22:47,052 -   Train Loss:           0.204404
2026-07-19 14:22:47,053 -   Val/Test Loss:        0.202100
2026-07-19 14:22:47,054 -   Train Bal.Accuracy:   0.721347
2026-07-19 14:22:47,055 -   Val/Test Bal.Accuracy:0.724819
2026-07-19 14:22:47,056 -   Loss gap:             0.002304
2026-07-19 14:22:47,057 -   Accuracy gap:         -0.003471
2026-07-19 14:22:47,058 -   Epoch time:           1.53 sec
2026-07-19 14:22:47,060 - 
--- EPOCH 501/1000 ---
2026-07-19 14:22:47,061 - Starting epoch 501
2026-07-19 14:22:48,873 - Epoch 501 results:
2026-07-19 14:22:48,874 -   Train Loss:           0.204404
2026-07-19 14:22:48,875 -   Val/Test Loss:        0.202100
2026-07-19 14:22:48,876 -   Train Bal.Accuracy:   0.721360
2026-07-19 14:22:48,877 -   Val/Test Bal.Accuracy:0.724819
2026-07-19 14:22:48,878 -   Loss gap:             0.002304
2026-07-19 14:22:48,879 -   Accuracy gap:         -0.003459
2026-07-19 14:22:48,880 -   Epoch time:           1.81 sec
2026-07-19 14:22:48,881 - 
--- EPOCH 502/1000 ---
2026-07-19 14:22:48,882 - Starting epoch 502
2026-07-19 14:22:50,481 - Epoch 502 results:
2026-07-19 14:22:50,483 -   Train Loss:           0.204404
2026-07-19 14:22:50,484 -   Val/Test Loss:        0.202100
2026-07-19 14:22:50,485 -   Train Bal.Accuracy:   0.721360
2026-07-19 14:22:50,486 -   Val/Test Bal.Accuracy:0.724819
2026-07-19 14:22:50,487 -   Loss gap:             0.002304
2026-07-19 14:22:50,488 -   Accuracy gap:         -0.003459
2026-07-19 14:22:50,489 -   Epoch time:           1.60 sec
2026-07-19 14:22:50,490 - 
--- EPOCH 503/1000 ---
2026-07-19 14:22:50,491 - Starting epoch 503
2026-07-19 14:22:52,212 - Epoch 503 results:
2026-07-19 14:22:52,213 -   Train Loss:           0.204404
2026-07-19 14:22:52,214 -   Val/Test Loss:        0.202100
2026-07-19 14:22:52,215 -   Train Bal.Accuracy:   0.721360
2026-07-19 14:22:52,216 -   Val/Test Bal.Accuracy:0.724819
2026-07-19 14:22:52,217 -   Loss gap:             0.002304
2026-07-19 14:22:52,218 -   Accuracy gap:         -0.003459
2026-07-19 14:22:52,219 -   Epoch time:           1.72 sec
2026-07-19 14:22:52,220 - 
--- EPOCH 504/1000 ---
2026-07-19 14:22:52,221 - Starting epoch 504
2026-07-19 14:22:53,700 - Epoch 504 results:
2026-07-19 14:22:53,701 -   Train Loss:           0.204404
2026-07-19 14:22:53,702 -   Val/Test Loss:        0.202100
2026-07-19 14:22:53,703 -   Train Bal.Accuracy:   0.721360
2026-07-19 14:22:53,704 -   Val/Test Bal.Accuracy:0.724819
2026-07-19 14:22:53,705 -   Loss gap:             0.002304
2026-07-19 14:22:53,706 -   Accuracy gap:         -0.003459
2026-07-19 14:22:53,707 -   Epoch time:           1.48 sec
2026-07-19 14:22:53,707 - 
--- EPOCH 505/1000 ---
2026-07-19 14:22:53,708 - Starting epoch 505
2026-07-19 14:22:55,131 - Epoch 505 results:
2026-07-19 14:22:55,132 -   Train Loss:           0.204404
2026-07-19 14:22:55,132 -   Val/Test Loss:        0.202100
2026-07-19 14:22:55,134 -   Train Bal.Accuracy:   0.721360
2026-07-19 14:22:55,134 -   Val/Test Bal.Accuracy:0.724819
2026-07-19 14:22:55,136 -   Loss gap:             0.002304
2026-07-19 14:22:55,137 -   Accuracy gap:         -0.003459
2026-07-19 14:22:55,137 -   Epoch time:           1.42 sec
2026-07-19 14:22:55,138 - 
--- EPOCH 506/1000 ---
2026-07-19 14:22:55,139 - Starting epoch 506
2026-07-19 14:22:56,532 - Epoch 506 results:
2026-07-19 14:22:56,533 -   Train Loss:           0.204404
2026-07-19 14:22:56,534 -   Val/Test Loss:        0.202100
2026-07-19 14:22:56,535 -   Train Bal.Accuracy:   0.721360
2026-07-19 14:22:56,536 -   Val/Test Bal.Accuracy:0.724819
2026-07-19 14:22:56,537 -   Loss gap:             0.002304
2026-07-19 14:22:56,539 -   Accuracy gap:         -0.003459
2026-07-19 14:22:56,540 -   Epoch time:           1.39 sec
2026-07-19 14:22:56,541 - 
--- EPOCH 507/1000 ---
2026-07-19 14:22:56,542 - Starting epoch 507
2026-07-19 14:22:58,272 - Epoch 507 results:
2026-07-19 14:22:58,273 -   Train Loss:           0.204404
2026-07-19 14:22:58,273 -   Val/Test Loss:        0.202100
2026-07-19 14:22:58,274 -   Train Bal.Accuracy:   0.721360
2026-07-19 14:22:58,275 -   Val/Test Bal.Accuracy:0.724819
2026-07-19 14:22:58,276 -   Loss gap:             0.002304
2026-07-19 14:22:58,277 -   Accuracy gap:         -0.003459
2026-07-19 14:22:58,278 -   Epoch time:           1.73 sec
2026-07-19 14:22:58,279 - 
--- EPOCH 508/1000 ---
2026-07-19 14:22:58,280 - Starting epoch 508
2026-07-19 14:22:59,938 - Epoch 508 results:
2026-07-19 14:22:59,940 -   Train Loss:           0.204404
2026-07-19 14:22:59,941 -   Val/Test Loss:        0.202100
2026-07-19 14:22:59,942 -   Train Bal.Accuracy:   0.721372
2026-07-19 14:22:59,943 -   Val/Test Bal.Accuracy:0.724819
2026-07-19 14:22:59,944 -   Loss gap:             0.002304
2026-07-19 14:22:59,945 -   Accuracy gap:         -0.003447
2026-07-19 14:22:59,946 -   Epoch time:           1.66 sec
2026-07-19 14:22:59,947 - 
--- EPOCH 509/1000 ---
2026-07-19 14:22:59,948 - Starting epoch 509
2026-07-19 14:23:01,437 - Epoch 509 results:
2026-07-19 14:23:01,438 -   Train Loss:           0.204404
2026-07-19 14:23:01,439 -   Val/Test Loss:        0.202100
2026-07-19 14:23:01,440 -   Train Bal.Accuracy:   0.721363
2026-07-19 14:23:01,441 -   Val/Test Bal.Accuracy:0.724819
2026-07-19 14:23:01,442 -   Loss gap:             0.002304
2026-07-19 14:23:01,442 -   Accuracy gap:         -0.003456
2026-07-19 14:23:01,443 -   Epoch time:           1.49 sec
2026-07-19 14:23:01,444 - 
--- EPOCH 510/1000 ---
2026-07-19 14:23:01,445 - Starting epoch 510
2026-07-19 14:23:03,243 - Epoch 510 results:
2026-07-19 14:23:03,244 -   Train Loss:           0.204404
2026-07-19 14:23:03,245 -   Val/Test Loss:        0.202100
2026-07-19 14:23:03,246 -   Train Bal.Accuracy:   0.721363
2026-07-19 14:23:03,246 -   Val/Test Bal.Accuracy:0.724819
2026-07-19 14:23:03,248 -   Loss gap:             0.002304
2026-07-19 14:23:03,248 -   Accuracy gap:         -0.003456
2026-07-19 14:23:03,249 -   Epoch time:           1.80 sec
2026-07-19 14:23:03,250 - 
--- EPOCH 511/1000 ---
2026-07-19 14:23:03,251 - Starting epoch 511
2026-07-19 14:23:04,851 - Epoch 511 results:
2026-07-19 14:23:04,853 -   Train Loss:           0.204404
2026-07-19 14:23:04,854 -   Val/Test Loss:        0.202100
2026-07-19 14:23:04,855 -   Train Bal.Accuracy:   0.721375
2026-07-19 14:23:04,856 -   Val/Test Bal.Accuracy:0.724819
2026-07-19 14:23:04,857 -   Loss gap:             0.002304
2026-07-19 14:23:04,857 -   Accuracy gap:         -0.003443
2026-07-19 14:23:04,859 -   Epoch time:           1.60 sec
2026-07-19 14:23:04,860 - 
--- EPOCH 512/1000 ---
2026-07-19 14:23:04,861 - Starting epoch 512
2026-07-19 14:23:06,435 - Epoch 512 results:
2026-07-19 14:23:06,436 -   Train Loss:           0.204404
2026-07-19 14:23:06,437 -   Val/Test Loss:        0.202100
2026-07-19 14:23:06,438 -   Train Bal.Accuracy:   0.721375
2026-07-19 14:23:06,439 -   Val/Test Bal.Accuracy:0.724819
2026-07-19 14:23:06,440 -   Loss gap:             0.002304
2026-07-19 14:23:06,441 -   Accuracy gap:         -0.003443
2026-07-19 14:23:06,442 -   Epoch time:           1.57 sec
2026-07-19 14:23:06,443 - 
--- EPOCH 513/1000 ---
2026-07-19 14:23:06,445 - Starting epoch 513
2026-07-19 14:23:07,977 - Epoch 513 results:
2026-07-19 14:23:07,978 -   Train Loss:           0.204404
2026-07-19 14:23:07,978 -   Val/Test Loss:        0.202100
2026-07-19 14:23:07,979 -   Train Bal.Accuracy:   0.721375
2026-07-19 14:23:07,980 -   Val/Test Bal.Accuracy:0.724819
2026-07-19 14:23:07,981 -   Loss gap:             0.002304
2026-07-19 14:23:07,982 -   Accuracy gap:         -0.003443
2026-07-19 14:23:07,983 -   Epoch time:           1.53 sec
2026-07-19 14:23:07,984 - 
--- EPOCH 514/1000 ---
2026-07-19 14:23:07,985 - Starting epoch 514
2026-07-19 14:23:09,523 - Epoch 514 results:
2026-07-19 14:23:09,524 -   Train Loss:           0.204404
2026-07-19 14:23:09,525 -   Val/Test Loss:        0.202100
2026-07-19 14:23:09,527 -   Train Bal.Accuracy:   0.721375
2026-07-19 14:23:09,528 -   Val/Test Bal.Accuracy:0.724819
2026-07-19 14:23:09,529 -   Loss gap:             0.002304
2026-07-19 14:23:09,530 -   Accuracy gap:         -0.003443
2026-07-19 14:23:09,531 -   Epoch time:           1.54 sec
2026-07-19 14:23:09,532 - 
--- EPOCH 515/1000 ---
2026-07-19 14:23:09,533 - Starting epoch 515
2026-07-19 14:23:10,996 - Epoch 515 results:
2026-07-19 14:23:10,997 -   Train Loss:           0.204404
2026-07-19 14:23:10,998 -   Val/Test Loss:        0.202100
2026-07-19 14:23:10,999 -   Train Bal.Accuracy:   0.721375
2026-07-19 14:23:11,000 -   Val/Test Bal.Accuracy:0.724819
2026-07-19 14:23:11,000 -   Loss gap:             0.002304
2026-07-19 14:23:11,001 -   Accuracy gap:         -0.003443
2026-07-19 14:23:11,002 -   Epoch time:           1.46 sec
2026-07-19 14:23:11,003 - 
--- EPOCH 516/1000 ---
2026-07-19 14:23:11,004 - Starting epoch 516
2026-07-19 14:23:12,398 - Epoch 516 results:
2026-07-19 14:23:12,399 -   Train Loss:           0.204404
2026-07-19 14:23:12,400 -   Val/Test Loss:        0.202100
2026-07-19 14:23:12,401 -   Train Bal.Accuracy:   0.721375
2026-07-19 14:23:12,402 -   Val/Test Bal.Accuracy:0.724819
2026-07-19 14:23:12,403 -   Loss gap:             0.002304
2026-07-19 14:23:12,403 -   Accuracy gap:         -0.003444
2026-07-19 14:23:12,405 -   Epoch time:           1.40 sec
2026-07-19 14:23:12,406 - 
--- EPOCH 517/1000 ---
2026-07-19 14:23:12,407 - Starting epoch 517
2026-07-19 14:23:13,946 - Epoch 517 results:
2026-07-19 14:23:13,947 -   Train Loss:           0.204404
2026-07-19 14:23:13,948 -   Val/Test Loss:        0.202100
2026-07-19 14:23:13,949 -   Train Bal.Accuracy:   0.721375
2026-07-19 14:23:13,950 -   Val/Test Bal.Accuracy:0.724819
2026-07-19 14:23:13,951 -   Loss gap:             0.002304
2026-07-19 14:23:13,952 -   Accuracy gap:         -0.003444
2026-07-19 14:23:13,953 -   Epoch time:           1.54 sec
2026-07-19 14:23:13,954 - 
--- EPOCH 518/1000 ---
2026-07-19 14:23:13,955 - Starting epoch 518
2026-07-19 14:23:15,527 - Epoch 518 results:
2026-07-19 14:23:15,528 -   Train Loss:           0.204404
2026-07-19 14:23:15,529 -   Val/Test Loss:        0.202100
2026-07-19 14:23:15,530 -   Train Bal.Accuracy:   0.721375
2026-07-19 14:23:15,532 -   Val/Test Bal.Accuracy:0.724819
2026-07-19 14:23:15,533 -   Loss gap:             0.002304
2026-07-19 14:23:15,534 -   Accuracy gap:         -0.003444
2026-07-19 14:23:15,535 -   Epoch time:           1.57 sec
2026-07-19 14:23:15,536 - 
--- EPOCH 519/1000 ---
2026-07-19 14:23:15,537 - Starting epoch 519
2026-07-19 14:23:16,984 - Epoch 519 results:
2026-07-19 14:23:16,985 -   Train Loss:           0.204404
2026-07-19 14:23:16,986 -   Val/Test Loss:        0.202100
2026-07-19 14:23:16,987 -   Train Bal.Accuracy:   0.721375
2026-07-19 14:23:16,988 -   Val/Test Bal.Accuracy:0.724819
2026-07-19 14:23:16,989 -   Loss gap:             0.002304
2026-07-19 14:23:16,990 -   Accuracy gap:         -0.003444
2026-07-19 14:23:16,990 -   Epoch time:           1.45 sec
2026-07-19 14:23:16,991 - 
--- EPOCH 520/1000 ---
2026-07-19 14:23:16,991 - Starting epoch 520
2026-07-19 14:23:18,447 - Epoch 520 results:
2026-07-19 14:23:18,448 -   Train Loss:           0.204404
2026-07-19 14:23:18,448 -   Val/Test Loss:        0.202100
2026-07-19 14:23:18,449 -   Train Bal.Accuracy:   0.721375
2026-07-19 14:23:18,450 -   Val/Test Bal.Accuracy:0.724819
2026-07-19 14:23:18,451 -   Loss gap:             0.002304
2026-07-19 14:23:18,452 -   Accuracy gap:         -0.003444
2026-07-19 14:23:18,452 -   Epoch time:           1.46 sec
2026-07-19 14:23:18,453 - 
--- EPOCH 521/1000 ---
2026-07-19 14:23:18,454 - Starting epoch 521
2026-07-19 14:23:20,186 - Epoch 521 results:
2026-07-19 14:23:20,187 -   Train Loss:           0.204404
2026-07-19 14:23:20,188 -   Val/Test Loss:        0.202100
2026-07-19 14:23:20,189 -   Train Bal.Accuracy:   0.721375
2026-07-19 14:23:20,190 -   Val/Test Bal.Accuracy:0.724819
2026-07-19 14:23:20,191 -   Loss gap:             0.002304
2026-07-19 14:23:20,191 -   Accuracy gap:         -0.003444
2026-07-19 14:23:20,192 -   Epoch time:           1.73 sec
2026-07-19 14:23:20,193 - 
--- EPOCH 522/1000 ---
2026-07-19 14:23:20,194 - Starting epoch 522
2026-07-19 14:23:21,620 - Epoch 522 results:
2026-07-19 14:23:21,621 -   Train Loss:           0.204404
2026-07-19 14:23:21,622 -   Val/Test Loss:        0.202100
2026-07-19 14:23:21,623 -   Train Bal.Accuracy:   0.721375
2026-07-19 14:23:21,624 -   Val/Test Bal.Accuracy:0.724819
2026-07-19 14:23:21,625 -   Loss gap:             0.002304
2026-07-19 14:23:21,626 -   Accuracy gap:         -0.003444
2026-07-19 14:23:21,626 -   Epoch time:           1.43 sec
2026-07-19 14:23:21,627 - 
--- EPOCH 523/1000 ---
2026-07-19 14:23:21,628 - Starting epoch 523
2026-07-19 14:23:22,985 - Epoch 523 results:
2026-07-19 14:23:22,987 -   Train Loss:           0.204404
2026-07-19 14:23:22,988 -   Val/Test Loss:        0.202100
2026-07-19 14:23:22,989 -   Train Bal.Accuracy:   0.721375
2026-07-19 14:23:22,990 -   Val/Test Bal.Accuracy:0.724848
2026-07-19 14:23:22,992 -   Loss gap:             0.002304
2026-07-19 14:23:22,993 -   Accuracy gap:         -0.003473
2026-07-19 14:23:22,994 -   Epoch time:           1.36 sec
2026-07-19 14:23:22,995 - 
--- EPOCH 524/1000 ---
2026-07-19 14:23:22,996 - Starting epoch 524
2026-07-19 14:23:24,313 - Epoch 524 results:
2026-07-19 14:23:24,314 -   Train Loss:           0.204403
2026-07-19 14:23:24,315 -   Val/Test Loss:        0.202100
2026-07-19 14:23:24,316 -   Train Bal.Accuracy:   0.721375
2026-07-19 14:23:24,316 -   Val/Test Bal.Accuracy:0.724848
2026-07-19 14:23:24,317 -   Loss gap:             0.002304
2026-07-19 14:23:24,318 -   Accuracy gap:         -0.003473
2026-07-19 14:23:24,319 -   Epoch time:           1.32 sec
2026-07-19 14:23:24,320 - 
--- EPOCH 525/1000 ---
2026-07-19 14:23:24,321 - Starting epoch 525
2026-07-19 14:23:25,649 - Epoch 525 results:
2026-07-19 14:23:25,650 -   Train Loss:           0.204403
2026-07-19 14:23:25,651 -   Val/Test Loss:        0.202100
2026-07-19 14:23:25,652 -   Train Bal.Accuracy:   0.721399
2026-07-19 14:23:25,653 -   Val/Test Bal.Accuracy:0.724848
2026-07-19 14:23:25,654 -   Loss gap:             0.002304
2026-07-19 14:23:25,655 -   Accuracy gap:         -0.003449
2026-07-19 14:23:25,656 -   Epoch time:           1.33 sec
2026-07-19 14:23:25,656 - 
--- EPOCH 526/1000 ---
2026-07-19 14:23:25,657 - Starting epoch 526
2026-07-19 14:23:27,180 - Epoch 526 results:
2026-07-19 14:23:27,181 -   Train Loss:           0.204403
2026-07-19 14:23:27,182 -   Val/Test Loss:        0.202100
2026-07-19 14:23:27,183 -   Train Bal.Accuracy:   0.721399
2026-07-19 14:23:27,184 -   Val/Test Bal.Accuracy:0.724848
2026-07-19 14:23:27,185 -   Loss gap:             0.002304
2026-07-19 14:23:27,186 -   Accuracy gap:         -0.003449
2026-07-19 14:23:27,186 -   Epoch time:           1.52 sec
2026-07-19 14:23:27,187 - 
--- EPOCH 527/1000 ---
2026-07-19 14:23:27,188 - Starting epoch 527
2026-07-19 14:23:29,142 - Epoch 527 results:
2026-07-19 14:23:29,144 -   Train Loss:           0.204403
2026-07-19 14:23:29,145 -   Val/Test Loss:        0.202100
2026-07-19 14:23:29,147 -   Train Bal.Accuracy:   0.721399
2026-07-19 14:23:29,148 -   Val/Test Bal.Accuracy:0.724848
2026-07-19 14:23:29,150 -   Loss gap:             0.002304
2026-07-19 14:23:29,151 -   Accuracy gap:         -0.003449
2026-07-19 14:23:29,152 -   Epoch time:           1.96 sec
2026-07-19 14:23:29,154 - 
--- EPOCH 528/1000 ---
2026-07-19 14:23:29,155 - Starting epoch 528
2026-07-19 14:23:31,156 - Epoch 528 results:
2026-07-19 14:23:31,157 -   Train Loss:           0.204403
2026-07-19 14:23:31,158 -   Val/Test Loss:        0.202100
2026-07-19 14:23:31,160 -   Train Bal.Accuracy:   0.721399
2026-07-19 14:23:31,161 -   Val/Test Bal.Accuracy:0.724848
2026-07-19 14:23:31,162 -   Loss gap:             0.002304
2026-07-19 14:23:31,163 -   Accuracy gap:         -0.003449
2026-07-19 14:23:31,164 -   Epoch time:           2.00 sec
2026-07-19 14:23:31,165 - 
--- EPOCH 529/1000 ---
2026-07-19 14:23:31,167 - Starting epoch 529
2026-07-19 14:23:33,111 - Epoch 529 results:
2026-07-19 14:23:33,112 -   Train Loss:           0.204403
2026-07-19 14:23:33,113 -   Val/Test Loss:        0.202100
2026-07-19 14:23:33,113 -   Train Bal.Accuracy:   0.721399
2026-07-19 14:23:33,114 -   Val/Test Bal.Accuracy:0.724848
2026-07-19 14:23:33,115 -   Loss gap:             0.002304
2026-07-19 14:23:33,116 -   Accuracy gap:         -0.003449
2026-07-19 14:23:33,117 -   Epoch time:           1.95 sec
2026-07-19 14:23:33,118 - 
--- EPOCH 530/1000 ---
2026-07-19 14:23:33,119 - Starting epoch 530
2026-07-19 14:23:34,946 - Epoch 530 results:
2026-07-19 14:23:34,947 -   Train Loss:           0.204403
2026-07-19 14:23:34,948 -   Val/Test Loss:        0.202100
2026-07-19 14:23:34,949 -   Train Bal.Accuracy:   0.721399
2026-07-19 14:23:34,950 -   Val/Test Bal.Accuracy:0.724848
2026-07-19 14:23:34,951 -   Loss gap:             0.002304
2026-07-19 14:23:34,952 -   Accuracy gap:         -0.003449
2026-07-19 14:23:34,953 -   Epoch time:           1.83 sec
2026-07-19 14:23:34,954 - 
--- EPOCH 531/1000 ---
2026-07-19 14:23:34,955 - Starting epoch 531
2026-07-19 14:23:36,784 - Epoch 531 results:
2026-07-19 14:23:36,785 -   Train Loss:           0.204403
2026-07-19 14:23:36,786 -   Val/Test Loss:        0.202100
2026-07-19 14:23:36,787 -   Train Bal.Accuracy:   0.721399
2026-07-19 14:23:36,788 -   Val/Test Bal.Accuracy:0.724846
2026-07-19 14:23:36,788 -   Loss gap:             0.002304
2026-07-19 14:23:36,789 -   Accuracy gap:         -0.003447
2026-07-19 14:23:36,790 -   Epoch time:           1.83 sec
2026-07-19 14:23:36,791 - 
--- EPOCH 532/1000 ---
2026-07-19 14:23:36,792 - Starting epoch 532
2026-07-19 14:23:38,134 - Epoch 532 results:
2026-07-19 14:23:38,135 -   Train Loss:           0.204403
2026-07-19 14:23:38,136 -   Val/Test Loss:        0.202100
2026-07-19 14:23:38,137 -   Train Bal.Accuracy:   0.721398
2026-07-19 14:23:38,137 -   Val/Test Bal.Accuracy:0.724846
2026-07-19 14:23:38,138 -   Loss gap:             0.002304
2026-07-19 14:23:38,139 -   Accuracy gap:         -0.003448
2026-07-19 14:23:38,140 -   Epoch time:           1.34 sec
2026-07-19 14:23:38,140 - 
--- EPOCH 533/1000 ---
2026-07-19 14:23:38,141 - Starting epoch 533
2026-07-19 14:23:39,570 - Epoch 533 results:
2026-07-19 14:23:39,571 -   Train Loss:           0.204403
2026-07-19 14:23:39,572 -   Val/Test Loss:        0.202100
2026-07-19 14:23:39,573 -   Train Bal.Accuracy:   0.721398
2026-07-19 14:23:39,573 -   Val/Test Bal.Accuracy:0.724846
2026-07-19 14:23:39,574 -   Loss gap:             0.002304
2026-07-19 14:23:39,575 -   Accuracy gap:         -0.003448
2026-07-19 14:23:39,576 -   Epoch time:           1.43 sec
2026-07-19 14:23:39,576 - 
--- EPOCH 534/1000 ---
2026-07-19 14:23:39,577 - Starting epoch 534
2026-07-19 14:23:40,973 - Epoch 534 results:
2026-07-19 14:23:40,974 -   Train Loss:           0.204403
2026-07-19 14:23:40,975 -   Val/Test Loss:        0.202100
2026-07-19 14:23:40,976 -   Train Bal.Accuracy:   0.721398
2026-07-19 14:23:40,977 -   Val/Test Bal.Accuracy:0.724846
2026-07-19 14:23:40,978 -   Loss gap:             0.002304
2026-07-19 14:23:40,978 -   Accuracy gap:         -0.003448
2026-07-19 14:23:40,979 -   Epoch time:           1.40 sec
2026-07-19 14:23:40,980 - 
--- EPOCH 535/1000 ---
2026-07-19 14:23:40,981 - Starting epoch 535
2026-07-19 14:23:42,359 - Epoch 535 results:
2026-07-19 14:23:42,360 -   Train Loss:           0.204403
2026-07-19 14:23:42,361 -   Val/Test Loss:        0.202100
2026-07-19 14:23:42,362 -   Train Bal.Accuracy:   0.721398
2026-07-19 14:23:42,363 -   Val/Test Bal.Accuracy:0.724846
2026-07-19 14:23:42,364 -   Loss gap:             0.002304
2026-07-19 14:23:42,364 -   Accuracy gap:         -0.003448
2026-07-19 14:23:42,365 -   Epoch time:           1.38 sec
2026-07-19 14:23:42,366 - 
--- EPOCH 536/1000 ---
2026-07-19 14:23:42,368 - Starting epoch 536
2026-07-19 14:23:43,761 - Epoch 536 results:
2026-07-19 14:23:43,762 -   Train Loss:           0.204403
2026-07-19 14:23:43,763 -   Val/Test Loss:        0.202100
2026-07-19 14:23:43,764 -   Train Bal.Accuracy:   0.721398
2026-07-19 14:23:43,766 -   Val/Test Bal.Accuracy:0.724846
2026-07-19 14:23:43,767 -   Loss gap:             0.002304
2026-07-19 14:23:43,769 -   Accuracy gap:         -0.003448
2026-07-19 14:23:43,770 -   Epoch time:           1.39 sec
2026-07-19 14:23:43,771 - 
--- EPOCH 537/1000 ---
2026-07-19 14:23:43,774 - Starting epoch 537
2026-07-19 14:23:45,295 - Epoch 537 results:
2026-07-19 14:23:45,296 -   Train Loss:           0.204403
2026-07-19 14:23:45,296 -   Val/Test Loss:        0.202100
2026-07-19 14:23:45,297 -   Train Bal.Accuracy:   0.721410
2026-07-19 14:23:45,298 -   Val/Test Bal.Accuracy:0.724846
2026-07-19 14:23:45,299 -   Loss gap:             0.002304
2026-07-19 14:23:45,300 -   Accuracy gap:         -0.003436
2026-07-19 14:23:45,301 -   Epoch time:           1.52 sec
2026-07-19 14:23:45,302 - 
--- EPOCH 538/1000 ---
2026-07-19 14:23:45,303 - Starting epoch 538
2026-07-19 14:23:46,672 - Epoch 538 results:
2026-07-19 14:23:46,673 -   Train Loss:           0.204403
2026-07-19 14:23:46,674 -   Val/Test Loss:        0.202100
2026-07-19 14:23:46,674 -   Train Bal.Accuracy:   0.721402
2026-07-19 14:23:46,675 -   Val/Test Bal.Accuracy:0.724846
2026-07-19 14:23:46,676 -   Loss gap:             0.002304
2026-07-19 14:23:46,677 -   Accuracy gap:         -0.003444
2026-07-19 14:23:46,677 -   Epoch time:           1.37 sec
2026-07-19 14:23:46,678 - 
--- EPOCH 539/1000 ---
2026-07-19 14:23:46,679 - Starting epoch 539
2026-07-19 14:23:48,028 - Epoch 539 results:
2026-07-19 14:23:48,030 -   Train Loss:           0.204403
2026-07-19 14:23:48,031 -   Val/Test Loss:        0.202100
2026-07-19 14:23:48,032 -   Train Bal.Accuracy:   0.721402
2026-07-19 14:23:48,032 -   Val/Test Bal.Accuracy:0.724846
2026-07-19 14:23:48,033 -   Loss gap:             0.002304
2026-07-19 14:23:48,034 -   Accuracy gap:         -0.003444
2026-07-19 14:23:48,036 -   Epoch time:           1.35 sec
2026-07-19 14:23:48,037 - 
--- EPOCH 540/1000 ---
2026-07-19 14:23:48,038 - Starting epoch 540
2026-07-19 14:23:49,493 - Epoch 540 results:
2026-07-19 14:23:49,494 -   Train Loss:           0.204403
2026-07-19 14:23:49,495 -   Val/Test Loss:        0.202100
2026-07-19 14:23:49,496 -   Train Bal.Accuracy:   0.721402
2026-07-19 14:23:49,497 -   Val/Test Bal.Accuracy:0.724846
2026-07-19 14:23:49,497 -   Loss gap:             0.002304
2026-07-19 14:23:49,498 -   Accuracy gap:         -0.003444
2026-07-19 14:23:49,499 -   Epoch time:           1.46 sec
2026-07-19 14:23:49,500 - 
--- EPOCH 541/1000 ---
2026-07-19 14:23:49,501 - Starting epoch 541
2026-07-19 14:23:50,875 - Epoch 541 results:
2026-07-19 14:23:50,876 -   Train Loss:           0.204403
2026-07-19 14:23:50,877 -   Val/Test Loss:        0.202100
2026-07-19 14:23:50,878 -   Train Bal.Accuracy:   0.721402
2026-07-19 14:23:50,878 -   Val/Test Bal.Accuracy:0.724846
2026-07-19 14:23:50,879 -   Loss gap:             0.002304
2026-07-19 14:23:50,880 -   Accuracy gap:         -0.003444
2026-07-19 14:23:50,881 -   Epoch time:           1.38 sec
2026-07-19 14:23:50,882 - 
--- EPOCH 542/1000 ---
2026-07-19 14:23:50,883 - Starting epoch 542
2026-07-19 14:23:52,296 - Epoch 542 results:
2026-07-19 14:23:52,298 -   Train Loss:           0.204403
2026-07-19 14:23:52,299 -   Val/Test Loss:        0.202100
2026-07-19 14:23:52,300 -   Train Bal.Accuracy:   0.721414
2026-07-19 14:23:52,301 -   Val/Test Bal.Accuracy:0.724846
2026-07-19 14:23:52,302 -   Loss gap:             0.002304
2026-07-19 14:23:52,303 -   Accuracy gap:         -0.003432
2026-07-19 14:23:52,304 -   Epoch time:           1.41 sec
2026-07-19 14:23:52,305 - 
--- EPOCH 543/1000 ---
2026-07-19 14:23:52,305 - Starting epoch 543
2026-07-19 14:23:53,644 - Epoch 543 results:
2026-07-19 14:23:53,645 -   Train Loss:           0.204403
2026-07-19 14:23:53,646 -   Val/Test Loss:        0.202100
2026-07-19 14:23:53,647 -   Train Bal.Accuracy:   0.721414
2026-07-19 14:23:53,647 -   Val/Test Bal.Accuracy:0.724846
2026-07-19 14:23:53,648 -   Loss gap:             0.002304
2026-07-19 14:23:53,649 -   Accuracy gap:         -0.003432
2026-07-19 14:23:53,650 -   Epoch time:           1.34 sec
2026-07-19 14:23:53,651 - 
--- EPOCH 544/1000 ---
2026-07-19 14:23:53,652 - Starting epoch 544
2026-07-19 14:23:55,087 - Epoch 544 results:
2026-07-19 14:23:55,088 -   Train Loss:           0.204403
2026-07-19 14:23:55,089 -   Val/Test Loss:        0.202100
2026-07-19 14:23:55,090 -   Train Bal.Accuracy:   0.721414
2026-07-19 14:23:55,090 -   Val/Test Bal.Accuracy:0.724846
2026-07-19 14:23:55,092 -   Loss gap:             0.002304
2026-07-19 14:23:55,092 -   Accuracy gap:         -0.003432
2026-07-19 14:23:55,093 -   Epoch time:           1.44 sec
2026-07-19 14:23:55,094 - 
--- EPOCH 545/1000 ---
2026-07-19 14:23:55,095 - Starting epoch 545
2026-07-19 14:23:56,489 - Epoch 545 results:
2026-07-19 14:23:56,490 -   Train Loss:           0.204403
2026-07-19 14:23:56,491 -   Val/Test Loss:        0.202100
2026-07-19 14:23:56,492 -   Train Bal.Accuracy:   0.721414
2026-07-19 14:23:56,493 -   Val/Test Bal.Accuracy:0.724846
2026-07-19 14:23:56,494 -   Loss gap:             0.002304
2026-07-19 14:23:56,495 -   Accuracy gap:         -0.003432
2026-07-19 14:23:56,496 -   Epoch time:           1.40 sec
2026-07-19 14:23:56,497 - 
--- EPOCH 546/1000 ---
2026-07-19 14:23:56,498 - Starting epoch 546
2026-07-19 14:23:57,880 - Epoch 546 results:
2026-07-19 14:23:57,881 -   Train Loss:           0.204403
2026-07-19 14:23:57,882 -   Val/Test Loss:        0.202099
2026-07-19 14:23:57,883 -   Train Bal.Accuracy:   0.721414
2026-07-19 14:23:57,883 -   Val/Test Bal.Accuracy:0.724846
2026-07-19 14:23:57,884 -   Loss gap:             0.002304
2026-07-19 14:23:57,885 -   Accuracy gap:         -0.003432
2026-07-19 14:23:57,887 -   Epoch time:           1.38 sec
2026-07-19 14:23:57,887 - 
--- EPOCH 547/1000 ---
2026-07-19 14:23:57,888 - Starting epoch 547
2026-07-19 14:23:59,291 - Epoch 547 results:
2026-07-19 14:23:59,292 -   Train Loss:           0.204403
2026-07-19 14:23:59,293 -   Val/Test Loss:        0.202099
2026-07-19 14:23:59,294 -   Train Bal.Accuracy:   0.721414
2026-07-19 14:23:59,294 -   Val/Test Bal.Accuracy:0.724846
2026-07-19 14:23:59,295 -   Loss gap:             0.002304
2026-07-19 14:23:59,296 -   Accuracy gap:         -0.003432
2026-07-19 14:23:59,297 -   Epoch time:           1.40 sec
2026-07-19 14:23:59,298 - 
--- EPOCH 548/1000 ---
2026-07-19 14:23:59,299 - Starting epoch 548
2026-07-19 14:24:00,742 - Epoch 548 results:
2026-07-19 14:24:00,743 -   Train Loss:           0.204403
2026-07-19 14:24:00,744 -   Val/Test Loss:        0.202099
2026-07-19 14:24:00,745 -   Train Bal.Accuracy:   0.721414
2026-07-19 14:24:00,746 -   Val/Test Bal.Accuracy:0.724875
2026-07-19 14:24:00,746 -   Loss gap:             0.002304
2026-07-19 14:24:00,747 -   Accuracy gap:         -0.003461
2026-07-19 14:24:00,748 -   Epoch time:           1.44 sec
2026-07-19 14:24:00,749 - 
--- EPOCH 549/1000 ---
2026-07-19 14:24:00,749 - Starting epoch 549
2026-07-19 14:24:02,148 - Epoch 549 results:
2026-07-19 14:24:02,149 -   Train Loss:           0.204403
2026-07-19 14:24:02,150 -   Val/Test Loss:        0.202099
2026-07-19 14:24:02,151 -   Train Bal.Accuracy:   0.721414
2026-07-19 14:24:02,152 -   Val/Test Bal.Accuracy:0.724875
2026-07-19 14:24:02,153 -   Loss gap:             0.002304
2026-07-19 14:24:02,154 -   Accuracy gap:         -0.003461
2026-07-19 14:24:02,155 -   Epoch time:           1.40 sec
2026-07-19 14:24:02,156 - 
--- EPOCH 550/1000 ---
2026-07-19 14:24:02,156 - Starting epoch 550
2026-07-19 14:24:03,522 - Epoch 550 results:
2026-07-19 14:24:03,523 -   Train Loss:           0.204403
2026-07-19 14:24:03,523 -   Val/Test Loss:        0.202099
2026-07-19 14:24:03,524 -   Train Bal.Accuracy:   0.721414
2026-07-19 14:24:03,525 -   Val/Test Bal.Accuracy:0.724875
2026-07-19 14:24:03,526 -   Loss gap:             0.002304
2026-07-19 14:24:03,526 -   Accuracy gap:         -0.003461
2026-07-19 14:24:03,527 -   Epoch time:           1.37 sec
2026-07-19 14:24:03,528 - 
--- EPOCH 551/1000 ---
2026-07-19 14:24:03,529 - Starting epoch 551
2026-07-19 14:24:04,982 - Epoch 551 results:
2026-07-19 14:24:04,983 -   Train Loss:           0.204403
2026-07-19 14:24:04,984 -   Val/Test Loss:        0.202099
2026-07-19 14:24:04,985 -   Train Bal.Accuracy:   0.721414
2026-07-19 14:24:04,986 -   Val/Test Bal.Accuracy:0.724875
2026-07-19 14:24:04,987 -   Loss gap:             0.002304
2026-07-19 14:24:04,988 -   Accuracy gap:         -0.003461
2026-07-19 14:24:04,988 -   Epoch time:           1.45 sec
2026-07-19 14:24:04,989 - 
--- EPOCH 552/1000 ---
2026-07-19 14:24:04,990 - Starting epoch 552
2026-07-19 14:24:06,437 - Epoch 552 results:
2026-07-19 14:24:06,438 -   Train Loss:           0.204403
2026-07-19 14:24:06,439 -   Val/Test Loss:        0.202099
2026-07-19 14:24:06,440 -   Train Bal.Accuracy:   0.721414
2026-07-19 14:24:06,441 -   Val/Test Bal.Accuracy:0.724875
2026-07-19 14:24:06,442 -   Loss gap:             0.002304
2026-07-19 14:24:06,442 -   Accuracy gap:         -0.003461
2026-07-19 14:24:06,443 -   Epoch time:           1.45 sec
2026-07-19 14:24:06,444 - 
--- EPOCH 553/1000 ---
2026-07-19 14:24:06,445 - Starting epoch 553
2026-07-19 14:24:07,807 - Epoch 553 results:
2026-07-19 14:24:07,808 -   Train Loss:           0.204403
2026-07-19 14:24:07,808 -   Val/Test Loss:        0.202099
2026-07-19 14:24:07,809 -   Train Bal.Accuracy:   0.721414
2026-07-19 14:24:07,810 -   Val/Test Bal.Accuracy:0.724875
2026-07-19 14:24:07,811 -   Loss gap:             0.002304
2026-07-19 14:24:07,812 -   Accuracy gap:         -0.003461
2026-07-19 14:24:07,813 -   Epoch time:           1.36 sec
2026-07-19 14:24:07,814 - 
--- EPOCH 554/1000 ---
2026-07-19 14:24:07,814 - Starting epoch 554
2026-07-19 14:24:09,258 - Epoch 554 results:
2026-07-19 14:24:09,259 -   Train Loss:           0.204403
2026-07-19 14:24:09,260 -   Val/Test Loss:        0.202099
2026-07-19 14:24:09,261 -   Train Bal.Accuracy:   0.721405
2026-07-19 14:24:09,262 -   Val/Test Bal.Accuracy:0.724875
2026-07-19 14:24:09,263 -   Loss gap:             0.002304
2026-07-19 14:24:09,264 -   Accuracy gap:         -0.003469
2026-07-19 14:24:09,264 -   Epoch time:           1.44 sec
2026-07-19 14:24:09,265 - 
--- EPOCH 555/1000 ---
2026-07-19 14:24:09,266 - Starting epoch 555
2026-07-19 14:24:10,710 - Epoch 555 results:
2026-07-19 14:24:10,711 -   Train Loss:           0.204403
2026-07-19 14:24:10,712 -   Val/Test Loss:        0.202099
2026-07-19 14:24:10,712 -   Train Bal.Accuracy:   0.721405
2026-07-19 14:24:10,713 -   Val/Test Bal.Accuracy:0.724875
2026-07-19 14:24:10,714 -   Loss gap:             0.002304
2026-07-19 14:24:10,715 -   Accuracy gap:         -0.003469
2026-07-19 14:24:10,716 -   Epoch time:           1.44 sec
2026-07-19 14:24:10,717 - 
--- EPOCH 556/1000 ---
2026-07-19 14:24:10,718 - Starting epoch 556
2026-07-19 14:24:12,164 - Epoch 556 results:
2026-07-19 14:24:12,165 -   Train Loss:           0.204403
2026-07-19 14:24:12,166 -   Val/Test Loss:        0.202099
2026-07-19 14:24:12,167 -   Train Bal.Accuracy:   0.721397
2026-07-19 14:24:12,168 -   Val/Test Bal.Accuracy:0.724875
2026-07-19 14:24:12,169 -   Loss gap:             0.002304
2026-07-19 14:24:12,170 -   Accuracy gap:         -0.003478
2026-07-19 14:24:12,171 -   Epoch time:           1.45 sec
2026-07-19 14:24:12,171 - 
--- EPOCH 557/1000 ---
2026-07-19 14:24:12,172 - Starting epoch 557
2026-07-19 14:24:13,565 - Epoch 557 results:
2026-07-19 14:24:13,566 -   Train Loss:           0.204403
2026-07-19 14:24:13,567 -   Val/Test Loss:        0.202099
2026-07-19 14:24:13,568 -   Train Bal.Accuracy:   0.721397
2026-07-19 14:24:13,569 -   Val/Test Bal.Accuracy:0.724875
2026-07-19 14:24:13,570 -   Loss gap:             0.002304
2026-07-19 14:24:13,571 -   Accuracy gap:         -0.003478
2026-07-19 14:24:13,572 -   Epoch time:           1.39 sec
2026-07-19 14:24:13,573 - 
--- EPOCH 558/1000 ---
2026-07-19 14:24:13,574 - Starting epoch 558
2026-07-19 14:24:14,978 - Epoch 558 results:
2026-07-19 14:24:14,979 -   Train Loss:           0.204403
2026-07-19 14:24:14,980 -   Val/Test Loss:        0.202099
2026-07-19 14:24:14,981 -   Train Bal.Accuracy:   0.721397
2026-07-19 14:24:14,982 -   Val/Test Bal.Accuracy:0.724875
2026-07-19 14:24:14,983 -   Loss gap:             0.002304
2026-07-19 14:24:14,984 -   Accuracy gap:         -0.003478
2026-07-19 14:24:14,986 -   Epoch time:           1.41 sec
2026-07-19 14:24:14,987 - 
--- EPOCH 559/1000 ---
2026-07-19 14:24:14,988 - Starting epoch 559
2026-07-19 14:24:16,561 - Epoch 559 results:
2026-07-19 14:24:16,563 -   Train Loss:           0.204403
2026-07-19 14:24:16,563 -   Val/Test Loss:        0.202099
2026-07-19 14:24:16,564 -   Train Bal.Accuracy:   0.721397
2026-07-19 14:24:16,565 -   Val/Test Bal.Accuracy:0.724875
2026-07-19 14:24:16,566 -   Loss gap:             0.002304
2026-07-19 14:24:16,567 -   Accuracy gap:         -0.003478
2026-07-19 14:24:16,568 -   Epoch time:           1.57 sec
2026-07-19 14:24:16,569 - 
--- EPOCH 560/1000 ---
2026-07-19 14:24:16,570 - Starting epoch 560
2026-07-19 14:24:17,922 - Epoch 560 results:
2026-07-19 14:24:17,923 -   Train Loss:           0.204403
2026-07-19 14:24:17,924 -   Val/Test Loss:        0.202099
2026-07-19 14:24:17,924 -   Train Bal.Accuracy:   0.721397
2026-07-19 14:24:17,925 -   Val/Test Bal.Accuracy:0.724875
2026-07-19 14:24:17,926 -   Loss gap:             0.002304
2026-07-19 14:24:17,927 -   Accuracy gap:         -0.003478
2026-07-19 14:24:17,928 -   Epoch time:           1.35 sec
2026-07-19 14:24:17,929 - 
--- EPOCH 561/1000 ---
2026-07-19 14:24:17,930 - Starting epoch 561
2026-07-19 14:24:19,346 - Epoch 561 results:
2026-07-19 14:24:19,347 -   Train Loss:           0.204403
2026-07-19 14:24:19,348 -   Val/Test Loss:        0.202099
2026-07-19 14:24:19,348 -   Train Bal.Accuracy:   0.721385
2026-07-19 14:24:19,349 -   Val/Test Bal.Accuracy:0.724875
2026-07-19 14:24:19,350 -   Loss gap:             0.002304
2026-07-19 14:24:19,351 -   Accuracy gap:         -0.003490
2026-07-19 14:24:19,352 -   Epoch time:           1.42 sec
2026-07-19 14:24:19,353 - 
--- EPOCH 562/1000 ---
2026-07-19 14:24:19,354 - Starting epoch 562
2026-07-19 14:24:20,810 - Epoch 562 results:
2026-07-19 14:24:20,811 -   Train Loss:           0.204403
2026-07-19 14:24:20,812 -   Val/Test Loss:        0.202099
2026-07-19 14:24:20,813 -   Train Bal.Accuracy:   0.721385
2026-07-19 14:24:20,814 -   Val/Test Bal.Accuracy:0.724875
2026-07-19 14:24:20,815 -   Loss gap:             0.002303
2026-07-19 14:24:20,815 -   Accuracy gap:         -0.003490
2026-07-19 14:24:20,816 -   Epoch time:           1.46 sec
2026-07-19 14:24:20,817 - 
--- EPOCH 563/1000 ---
2026-07-19 14:24:20,818 - Starting epoch 563
2026-07-19 14:24:22,223 - Epoch 563 results:
2026-07-19 14:24:22,224 -   Train Loss:           0.204403
2026-07-19 14:24:22,225 -   Val/Test Loss:        0.202099
2026-07-19 14:24:22,226 -   Train Bal.Accuracy:   0.721385
2026-07-19 14:24:22,227 -   Val/Test Bal.Accuracy:0.724875
2026-07-19 14:24:22,228 -   Loss gap:             0.002303
2026-07-19 14:24:22,229 -   Accuracy gap:         -0.003490
2026-07-19 14:24:22,230 -   Epoch time:           1.41 sec
2026-07-19 14:24:22,231 - 
--- EPOCH 564/1000 ---
2026-07-19 14:24:22,232 - Starting epoch 564
2026-07-19 14:24:23,669 - Epoch 564 results:
2026-07-19 14:24:23,670 -   Train Loss:           0.204403
2026-07-19 14:24:23,671 -   Val/Test Loss:        0.202099
2026-07-19 14:24:23,672 -   Train Bal.Accuracy:   0.721385
2026-07-19 14:24:23,673 -   Val/Test Bal.Accuracy:0.724875
2026-07-19 14:24:23,673 -   Loss gap:             0.002303
2026-07-19 14:24:23,674 -   Accuracy gap:         -0.003490
2026-07-19 14:24:23,675 -   Epoch time:           1.44 sec
2026-07-19 14:24:23,675 - 
--- EPOCH 565/1000 ---
2026-07-19 14:24:23,676 - Starting epoch 565
2026-07-19 14:24:25,098 - Epoch 565 results:
2026-07-19 14:24:25,100 -   Train Loss:           0.204403
2026-07-19 14:24:25,100 -   Val/Test Loss:        0.202099
2026-07-19 14:24:25,101 -   Train Bal.Accuracy:   0.721376
2026-07-19 14:24:25,102 -   Val/Test Bal.Accuracy:0.724875
2026-07-19 14:24:25,103 -   Loss gap:             0.002303
2026-07-19 14:24:25,104 -   Accuracy gap:         -0.003499
2026-07-19 14:24:25,105 -   Epoch time:           1.42 sec
2026-07-19 14:24:25,105 - 
--- EPOCH 566/1000 ---
2026-07-19 14:24:25,106 - Starting epoch 566
2026-07-19 14:24:26,563 - Epoch 566 results:
2026-07-19 14:24:26,564 -   Train Loss:           0.204403
2026-07-19 14:24:26,565 -   Val/Test Loss:        0.202099
2026-07-19 14:24:26,566 -   Train Bal.Accuracy:   0.721376
2026-07-19 14:24:26,566 -   Val/Test Bal.Accuracy:0.724875
2026-07-19 14:24:26,568 -   Loss gap:             0.002303
2026-07-19 14:24:26,569 -   Accuracy gap:         -0.003499
2026-07-19 14:24:26,570 -   Epoch time:           1.46 sec
2026-07-19 14:24:26,570 - 
--- EPOCH 567/1000 ---
2026-07-19 14:24:26,571 - Starting epoch 567
2026-07-19 14:24:28,046 - Epoch 567 results:
2026-07-19 14:24:28,047 -   Train Loss:           0.204403
2026-07-19 14:24:28,047 -   Val/Test Loss:        0.202099
2026-07-19 14:24:28,048 -   Train Bal.Accuracy:   0.721376
2026-07-19 14:24:28,049 -   Val/Test Bal.Accuracy:0.724875
2026-07-19 14:24:28,050 -   Loss gap:             0.002303
2026-07-19 14:24:28,051 -   Accuracy gap:         -0.003499
2026-07-19 14:24:28,052 -   Epoch time:           1.48 sec
2026-07-19 14:24:28,053 - 
--- EPOCH 568/1000 ---
2026-07-19 14:24:28,054 - Starting epoch 568
2026-07-19 14:24:29,678 - Epoch 568 results:
2026-07-19 14:24:29,679 -   Train Loss:           0.204403
2026-07-19 14:24:29,680 -   Val/Test Loss:        0.202099
2026-07-19 14:24:29,681 -   Train Bal.Accuracy:   0.721376
2026-07-19 14:24:29,682 -   Val/Test Bal.Accuracy:0.724875
2026-07-19 14:24:29,683 -   Loss gap:             0.002303
2026-07-19 14:24:29,684 -   Accuracy gap:         -0.003499
2026-07-19 14:24:29,685 -   Epoch time:           1.62 sec
2026-07-19 14:24:29,685 - 
--- EPOCH 569/1000 ---
2026-07-19 14:24:29,686 - Starting epoch 569
2026-07-19 14:24:31,457 - Epoch 569 results:
2026-07-19 14:24:31,458 -   Train Loss:           0.204403
2026-07-19 14:24:31,459 -   Val/Test Loss:        0.202099
2026-07-19 14:24:31,460 -   Train Bal.Accuracy:   0.721376
2026-07-19 14:24:31,461 -   Val/Test Bal.Accuracy:0.724875
2026-07-19 14:24:31,462 -   Loss gap:             0.002303
2026-07-19 14:24:31,463 -   Accuracy gap:         -0.003499
2026-07-19 14:24:31,464 -   Epoch time:           1.77 sec
2026-07-19 14:24:31,465 - 
--- EPOCH 570/1000 ---
2026-07-19 14:24:31,467 - Starting epoch 570
2026-07-19 14:24:33,490 - Epoch 570 results:
2026-07-19 14:24:33,491 -   Train Loss:           0.204403
2026-07-19 14:24:33,492 -   Val/Test Loss:        0.202099
2026-07-19 14:24:33,494 -   Train Bal.Accuracy:   0.721376
2026-07-19 14:24:33,495 -   Val/Test Bal.Accuracy:0.724875
2026-07-19 14:24:33,496 -   Loss gap:             0.002303
2026-07-19 14:24:33,497 -   Accuracy gap:         -0.003499
2026-07-19 14:24:33,498 -   Epoch time:           2.02 sec
2026-07-19 14:24:33,499 - 
--- EPOCH 571/1000 ---
2026-07-19 14:24:33,500 - Starting epoch 571
2026-07-19 14:24:35,591 - Epoch 571 results:
2026-07-19 14:24:35,592 -   Train Loss:           0.204403
2026-07-19 14:24:35,594 -   Val/Test Loss:        0.202099
2026-07-19 14:24:35,597 -   Train Bal.Accuracy:   0.721376
2026-07-19 14:24:35,599 -   Val/Test Bal.Accuracy:0.724875
2026-07-19 14:24:35,600 -   Loss gap:             0.002303
2026-07-19 14:24:35,601 -   Accuracy gap:         -0.003499
2026-07-19 14:24:35,603 -   Epoch time:           2.09 sec
2026-07-19 14:24:35,604 - 
--- EPOCH 572/1000 ---
2026-07-19 14:24:35,606 - Starting epoch 572
2026-07-19 14:24:37,375 - Epoch 572 results:
2026-07-19 14:24:37,376 -   Train Loss:           0.204403
2026-07-19 14:24:37,377 -   Val/Test Loss:        0.202099
2026-07-19 14:24:37,378 -   Train Bal.Accuracy:   0.721388
2026-07-19 14:24:37,379 -   Val/Test Bal.Accuracy:0.724875
2026-07-19 14:24:37,380 -   Loss gap:             0.002303
2026-07-19 14:24:37,380 -   Accuracy gap:         -0.003486
2026-07-19 14:24:37,381 -   Epoch time:           1.77 sec
2026-07-19 14:24:37,382 - 
--- EPOCH 573/1000 ---
2026-07-19 14:24:37,383 - Starting epoch 573
2026-07-19 14:24:38,948 - Epoch 573 results:
2026-07-19 14:24:38,949 -   Train Loss:           0.204403
2026-07-19 14:24:38,950 -   Val/Test Loss:        0.202099
2026-07-19 14:24:38,951 -   Train Bal.Accuracy:   0.721388
2026-07-19 14:24:38,952 -   Val/Test Bal.Accuracy:0.724875
2026-07-19 14:24:38,952 -   Loss gap:             0.002303
2026-07-19 14:24:38,954 -   Accuracy gap:         -0.003486
2026-07-19 14:24:38,955 -   Epoch time:           1.57 sec
2026-07-19 14:24:38,956 - 
--- EPOCH 574/1000 ---
2026-07-19 14:24:38,956 - Starting epoch 574
2026-07-19 14:24:40,508 - Epoch 574 results:
2026-07-19 14:24:40,509 -   Train Loss:           0.204403
2026-07-19 14:24:40,510 -   Val/Test Loss:        0.202099
2026-07-19 14:24:40,510 -   Train Bal.Accuracy:   0.721380
2026-07-19 14:24:40,511 -   Val/Test Bal.Accuracy:0.724875
2026-07-19 14:24:40,513 -   Loss gap:             0.002303
2026-07-19 14:24:40,514 -   Accuracy gap:         -0.003495
2026-07-19 14:24:40,515 -   Epoch time:           1.55 sec
2026-07-19 14:24:40,516 - 
--- EPOCH 575/1000 ---
2026-07-19 14:24:40,518 - Starting epoch 575
2026-07-19 14:24:42,176 - Epoch 575 results:
2026-07-19 14:24:42,177 -   Train Loss:           0.204403
2026-07-19 14:24:42,177 -   Val/Test Loss:        0.202099
2026-07-19 14:24:42,178 -   Train Bal.Accuracy:   0.721380
2026-07-19 14:24:42,179 -   Val/Test Bal.Accuracy:0.724875
2026-07-19 14:24:42,180 -   Loss gap:             0.002303
2026-07-19 14:24:42,181 -   Accuracy gap:         -0.003495
2026-07-19 14:24:42,182 -   Epoch time:           1.66 sec
2026-07-19 14:24:42,183 - 
--- EPOCH 576/1000 ---
2026-07-19 14:24:42,184 - Starting epoch 576
2026-07-19 14:24:44,062 - Epoch 576 results:
2026-07-19 14:24:44,063 -   Train Loss:           0.204403
2026-07-19 14:24:44,065 -   Val/Test Loss:        0.202099
2026-07-19 14:24:44,067 -   Train Bal.Accuracy:   0.721392
2026-07-19 14:24:44,068 -   Val/Test Bal.Accuracy:0.724875
2026-07-19 14:24:44,069 -   Loss gap:             0.002303
2026-07-19 14:24:44,071 -   Accuracy gap:         -0.003483
2026-07-19 14:24:44,072 -   Epoch time:           1.88 sec
2026-07-19 14:24:44,073 - 
--- EPOCH 577/1000 ---
2026-07-19 14:24:44,075 - Starting epoch 577
2026-07-19 14:24:45,944 - Epoch 577 results:
2026-07-19 14:24:45,945 -   Train Loss:           0.204403
2026-07-19 14:24:45,946 -   Val/Test Loss:        0.202099
2026-07-19 14:24:45,947 -   Train Bal.Accuracy:   0.721392
2026-07-19 14:24:45,948 -   Val/Test Bal.Accuracy:0.724875
2026-07-19 14:24:45,949 -   Loss gap:             0.002303
2026-07-19 14:24:45,950 -   Accuracy gap:         -0.003483
2026-07-19 14:24:45,951 -   Epoch time:           1.87 sec
2026-07-19 14:24:45,952 - 
--- EPOCH 578/1000 ---
2026-07-19 14:24:45,953 - Starting epoch 578
2026-07-19 14:24:47,547 - Epoch 578 results:
2026-07-19 14:24:47,548 -   Train Loss:           0.204403
2026-07-19 14:24:47,549 -   Val/Test Loss:        0.202099
2026-07-19 14:24:47,550 -   Train Bal.Accuracy:   0.721392
2026-07-19 14:24:47,551 -   Val/Test Bal.Accuracy:0.724875
2026-07-19 14:24:47,552 -   Loss gap:             0.002303
2026-07-19 14:24:47,553 -   Accuracy gap:         -0.003483
2026-07-19 14:24:47,554 -   Epoch time:           1.60 sec
2026-07-19 14:24:47,555 - 
--- EPOCH 579/1000 ---
2026-07-19 14:24:47,556 - Starting epoch 579
2026-07-19 14:24:49,294 - Epoch 579 results:
2026-07-19 14:24:49,295 -   Train Loss:           0.204403
2026-07-19 14:24:49,296 -   Val/Test Loss:        0.202099
2026-07-19 14:24:49,297 -   Train Bal.Accuracy:   0.721392
2026-07-19 14:24:49,298 -   Val/Test Bal.Accuracy:0.724855
2026-07-19 14:24:49,299 -   Loss gap:             0.002303
2026-07-19 14:24:49,300 -   Accuracy gap:         -0.003463
2026-07-19 14:24:49,301 -   Epoch time:           1.74 sec
2026-07-19 14:24:49,302 - 
--- EPOCH 580/1000 ---
2026-07-19 14:24:49,303 - Starting epoch 580
2026-07-19 14:24:50,725 - Epoch 580 results:
2026-07-19 14:24:50,726 -   Train Loss:           0.204403
2026-07-19 14:24:50,727 -   Val/Test Loss:        0.202099
2026-07-19 14:24:50,728 -   Train Bal.Accuracy:   0.721392
2026-07-19 14:24:50,729 -   Val/Test Bal.Accuracy:0.724875
2026-07-19 14:24:50,729 -   Loss gap:             0.002303
2026-07-19 14:24:50,730 -   Accuracy gap:         -0.003483
2026-07-19 14:24:50,732 -   Epoch time:           1.42 sec
2026-07-19 14:24:50,733 - 
--- EPOCH 581/1000 ---
2026-07-19 14:24:50,734 - Starting epoch 581
2026-07-19 14:24:52,220 - Epoch 581 results:
2026-07-19 14:24:52,221 -   Train Loss:           0.204403
2026-07-19 14:24:52,222 -   Val/Test Loss:        0.202099
2026-07-19 14:24:52,223 -   Train Bal.Accuracy:   0.721392
2026-07-19 14:24:52,224 -   Val/Test Bal.Accuracy:0.724904
2026-07-19 14:24:52,224 -   Loss gap:             0.002303
2026-07-19 14:24:52,225 -   Accuracy gap:         -0.003512
2026-07-19 14:24:52,226 -   Epoch time:           1.49 sec
2026-07-19 14:24:52,227 - 
--- EPOCH 582/1000 ---
2026-07-19 14:24:52,228 - Starting epoch 582
2026-07-19 14:24:54,091 - Epoch 582 results:
2026-07-19 14:24:54,092 -   Train Loss:           0.204403
2026-07-19 14:24:54,093 -   Val/Test Loss:        0.202099
2026-07-19 14:24:54,094 -   Train Bal.Accuracy:   0.721392
2026-07-19 14:24:54,095 -   Val/Test Bal.Accuracy:0.724904
2026-07-19 14:24:54,097 -   Loss gap:             0.002303
2026-07-19 14:24:54,098 -   Accuracy gap:         -0.003512
2026-07-19 14:24:54,099 -   Epoch time:           1.86 sec
2026-07-19 14:24:54,100 - 
--- EPOCH 583/1000 ---
2026-07-19 14:24:54,101 - Starting epoch 583
2026-07-19 14:24:56,162 - Epoch 583 results:
2026-07-19 14:24:56,163 -   Train Loss:           0.204403
2026-07-19 14:24:56,164 -   Val/Test Loss:        0.202099
2026-07-19 14:24:56,165 -   Train Bal.Accuracy:   0.721392
2026-07-19 14:24:56,166 -   Val/Test Bal.Accuracy:0.724904
2026-07-19 14:24:56,167 -   Loss gap:             0.002303
2026-07-19 14:24:56,168 -   Accuracy gap:         -0.003512
2026-07-19 14:24:56,170 -   Epoch time:           2.06 sec
2026-07-19 14:24:56,171 - 
--- EPOCH 584/1000 ---
2026-07-19 14:24:56,172 - Starting epoch 584
2026-07-19 14:24:58,006 - Epoch 584 results:
2026-07-19 14:24:58,007 -   Train Loss:           0.204403
2026-07-19 14:24:58,008 -   Val/Test Loss:        0.202099
2026-07-19 14:24:58,009 -   Train Bal.Accuracy:   0.721392
2026-07-19 14:24:58,010 -   Val/Test Bal.Accuracy:0.724904
2026-07-19 14:24:58,011 -   Loss gap:             0.002303
2026-07-19 14:24:58,012 -   Accuracy gap:         -0.003512
2026-07-19 14:24:58,013 -   Epoch time:           1.84 sec
2026-07-19 14:24:58,013 - 
--- EPOCH 585/1000 ---
2026-07-19 14:24:58,014 - Starting epoch 585
2026-07-19 14:24:59,526 - Epoch 585 results:
2026-07-19 14:24:59,527 -   Train Loss:           0.204403
2026-07-19 14:24:59,527 -   Val/Test Loss:        0.202099
2026-07-19 14:24:59,528 -   Train Bal.Accuracy:   0.721384
2026-07-19 14:24:59,529 -   Val/Test Bal.Accuracy:0.724904
2026-07-19 14:24:59,530 -   Loss gap:             0.002303
2026-07-19 14:24:59,531 -   Accuracy gap:         -0.003520
2026-07-19 14:24:59,532 -   Epoch time:           1.51 sec
2026-07-19 14:24:59,533 - 
--- EPOCH 586/1000 ---
2026-07-19 14:24:59,534 - Starting epoch 586
2026-07-19 14:25:01,050 - Epoch 586 results:
2026-07-19 14:25:01,051 -   Train Loss:           0.204403
2026-07-19 14:25:01,051 -   Val/Test Loss:        0.202099
2026-07-19 14:25:01,053 -   Train Bal.Accuracy:   0.721384
2026-07-19 14:25:01,055 -   Val/Test Bal.Accuracy:0.724904
2026-07-19 14:25:01,055 -   Loss gap:             0.002303
2026-07-19 14:25:01,056 -   Accuracy gap:         -0.003520
2026-07-19 14:25:01,057 -   Epoch time:           1.52 sec
2026-07-19 14:25:01,058 - 
--- EPOCH 587/1000 ---
2026-07-19 14:25:01,059 - Starting epoch 587
2026-07-19 14:25:02,593 - Epoch 587 results:
2026-07-19 14:25:02,594 -   Train Loss:           0.204402
2026-07-19 14:25:02,595 -   Val/Test Loss:        0.202099
2026-07-19 14:25:02,596 -   Train Bal.Accuracy:   0.721384
2026-07-19 14:25:02,596 -   Val/Test Bal.Accuracy:0.724904
2026-07-19 14:25:02,597 -   Loss gap:             0.002303
2026-07-19 14:25:02,598 -   Accuracy gap:         -0.003520
2026-07-19 14:25:02,599 -   Epoch time:           1.54 sec
2026-07-19 14:25:02,600 - 
--- EPOCH 588/1000 ---
2026-07-19 14:25:02,601 - Starting epoch 588
2026-07-19 14:25:04,022 - Epoch 588 results:
2026-07-19 14:25:04,023 -   Train Loss:           0.204402
2026-07-19 14:25:04,024 -   Val/Test Loss:        0.202099
2026-07-19 14:25:04,025 -   Train Bal.Accuracy:   0.721384
2026-07-19 14:25:04,026 -   Val/Test Bal.Accuracy:0.724904
2026-07-19 14:25:04,026 -   Loss gap:             0.002303
2026-07-19 14:25:04,027 -   Accuracy gap:         -0.003520
2026-07-19 14:25:04,028 -   Epoch time:           1.42 sec
2026-07-19 14:25:04,029 - 
--- EPOCH 589/1000 ---
2026-07-19 14:25:04,029 - Starting epoch 589
2026-07-19 14:25:05,428 - Epoch 589 results:
2026-07-19 14:25:05,429 -   Train Loss:           0.204402
2026-07-19 14:25:05,430 -   Val/Test Loss:        0.202099
2026-07-19 14:25:05,431 -   Train Bal.Accuracy:   0.721384
2026-07-19 14:25:05,431 -   Val/Test Bal.Accuracy:0.724933
2026-07-19 14:25:05,433 -   Loss gap:             0.002303
2026-07-19 14:25:05,434 -   Accuracy gap:         -0.003549
2026-07-19 14:25:05,435 -   Epoch time:           1.40 sec
2026-07-19 14:25:05,436 - 
--- EPOCH 590/1000 ---
2026-07-19 14:25:05,437 - Starting epoch 590
2026-07-19 14:25:06,824 - Epoch 590 results:
2026-07-19 14:25:06,824 -   Train Loss:           0.204402
2026-07-19 14:25:06,825 -   Val/Test Loss:        0.202099
2026-07-19 14:25:06,826 -   Train Bal.Accuracy:   0.721384
2026-07-19 14:25:06,827 -   Val/Test Bal.Accuracy:0.724933
2026-07-19 14:25:06,827 -   Loss gap:             0.002303
2026-07-19 14:25:06,828 -   Accuracy gap:         -0.003549
2026-07-19 14:25:06,829 -   Epoch time:           1.39 sec
2026-07-19 14:25:06,829 - 
--- EPOCH 591/1000 ---
2026-07-19 14:25:06,830 - Starting epoch 591
2026-07-19 14:25:08,306 - Epoch 591 results:
2026-07-19 14:25:08,307 -   Train Loss:           0.204402
2026-07-19 14:25:08,307 -   Val/Test Loss:        0.202099
2026-07-19 14:25:08,308 -   Train Bal.Accuracy:   0.721384
2026-07-19 14:25:08,309 -   Val/Test Bal.Accuracy:0.724933
2026-07-19 14:25:08,311 -   Loss gap:             0.002303
2026-07-19 14:25:08,311 -   Accuracy gap:         -0.003549
2026-07-19 14:25:08,312 -   Epoch time:           1.48 sec
2026-07-19 14:25:08,313 - 
--- EPOCH 592/1000 ---
2026-07-19 14:25:08,314 - Starting epoch 592
2026-07-19 14:25:10,157 - Epoch 592 results:
2026-07-19 14:25:10,159 -   Train Loss:           0.204402
2026-07-19 14:25:10,160 -   Val/Test Loss:        0.202099
2026-07-19 14:25:10,161 -   Train Bal.Accuracy:   0.721396
2026-07-19 14:25:10,162 -   Val/Test Bal.Accuracy:0.724933
2026-07-19 14:25:10,163 -   Loss gap:             0.002303
2026-07-19 14:25:10,164 -   Accuracy gap:         -0.003537
2026-07-19 14:25:10,165 -   Epoch time:           1.84 sec
2026-07-19 14:25:10,166 - 
--- EPOCH 593/1000 ---
2026-07-19 14:25:10,170 - Starting epoch 593
2026-07-19 14:25:12,071 - Epoch 593 results:
2026-07-19 14:25:12,072 -   Train Loss:           0.204402
2026-07-19 14:25:12,073 -   Val/Test Loss:        0.202099
2026-07-19 14:25:12,075 -   Train Bal.Accuracy:   0.721396
2026-07-19 14:25:12,076 -   Val/Test Bal.Accuracy:0.724933
2026-07-19 14:25:12,078 -   Loss gap:             0.002303
2026-07-19 14:25:12,079 -   Accuracy gap:         -0.003537
2026-07-19 14:25:12,080 -   Epoch time:           1.90 sec
2026-07-19 14:25:12,081 - 
--- EPOCH 594/1000 ---
2026-07-19 14:25:12,083 - Starting epoch 594
2026-07-19 14:25:14,192 - Epoch 594 results:
2026-07-19 14:25:14,193 -   Train Loss:           0.204402
2026-07-19 14:25:14,194 -   Val/Test Loss:        0.202099
2026-07-19 14:25:14,195 -   Train Bal.Accuracy:   0.721396
2026-07-19 14:25:14,196 -   Val/Test Bal.Accuracy:0.724933
2026-07-19 14:25:14,198 -   Loss gap:             0.002303
2026-07-19 14:25:14,200 -   Accuracy gap:         -0.003537
2026-07-19 14:25:14,201 -   Epoch time:           2.11 sec
2026-07-19 14:25:14,203 - 
--- EPOCH 595/1000 ---
2026-07-19 14:25:14,204 - Starting epoch 595
2026-07-19 14:25:15,874 - Epoch 595 results:
2026-07-19 14:25:15,875 -   Train Loss:           0.204402
2026-07-19 14:25:15,876 -   Val/Test Loss:        0.202099
2026-07-19 14:25:15,877 -   Train Bal.Accuracy:   0.721396
2026-07-19 14:25:15,878 -   Val/Test Bal.Accuracy:0.724933
2026-07-19 14:25:15,878 -   Loss gap:             0.002303
2026-07-19 14:25:15,879 -   Accuracy gap:         -0.003537
2026-07-19 14:25:15,880 -   Epoch time:           1.67 sec
2026-07-19 14:25:15,881 - 
--- EPOCH 596/1000 ---
2026-07-19 14:25:15,882 - Starting epoch 596
2026-07-19 14:25:17,512 - Epoch 596 results:
2026-07-19 14:25:17,514 -   Train Loss:           0.204402
2026-07-19 14:25:17,516 -   Val/Test Loss:        0.202099
2026-07-19 14:25:17,518 -   Train Bal.Accuracy:   0.721396
2026-07-19 14:25:17,520 -   Val/Test Bal.Accuracy:0.724933
2026-07-19 14:25:17,521 -   Loss gap:             0.002303
2026-07-19 14:25:17,523 -   Accuracy gap:         -0.003537
2026-07-19 14:25:17,524 -   Epoch time:           1.63 sec
2026-07-19 14:25:17,526 - 
--- EPOCH 597/1000 ---
2026-07-19 14:25:17,528 - Starting epoch 597
2026-07-19 14:25:19,332 - Epoch 597 results:
2026-07-19 14:25:19,333 -   Train Loss:           0.204402
2026-07-19 14:25:19,334 -   Val/Test Loss:        0.202099
2026-07-19 14:25:19,335 -   Train Bal.Accuracy:   0.721396
2026-07-19 14:25:19,336 -   Val/Test Bal.Accuracy:0.724933
2026-07-19 14:25:19,337 -   Loss gap:             0.002303
2026-07-19 14:25:19,338 -   Accuracy gap:         -0.003537
2026-07-19 14:25:19,338 -   Epoch time:           1.81 sec
2026-07-19 14:25:19,339 - 
--- EPOCH 598/1000 ---
2026-07-19 14:25:19,340 - Starting epoch 598
2026-07-19 14:25:20,973 - Epoch 598 results:
2026-07-19 14:25:20,974 -   Train Loss:           0.204402
2026-07-19 14:25:20,975 -   Val/Test Loss:        0.202099
2026-07-19 14:25:20,976 -   Train Bal.Accuracy:   0.721396
2026-07-19 14:25:20,977 -   Val/Test Bal.Accuracy:0.724933
2026-07-19 14:25:20,977 -   Loss gap:             0.002303
2026-07-19 14:25:20,978 -   Accuracy gap:         -0.003537
2026-07-19 14:25:20,979 -   Epoch time:           1.63 sec
2026-07-19 14:25:20,980 - 
--- EPOCH 599/1000 ---
2026-07-19 14:25:20,981 - Starting epoch 599
2026-07-19 14:25:22,362 - Epoch 599 results:
2026-07-19 14:25:22,363 -   Train Loss:           0.204402
2026-07-19 14:25:22,363 -   Val/Test Loss:        0.202099
2026-07-19 14:25:22,364 -   Train Bal.Accuracy:   0.721396
2026-07-19 14:25:22,365 -   Val/Test Bal.Accuracy:0.724933
2026-07-19 14:25:22,366 -   Loss gap:             0.002303
2026-07-19 14:25:22,367 -   Accuracy gap:         -0.003537
2026-07-19 14:25:22,368 -   Epoch time:           1.38 sec
2026-07-19 14:25:22,369 - 
--- EPOCH 600/1000 ---
2026-07-19 14:25:22,370 - Starting epoch 600
2026-07-19 14:25:23,924 - Epoch 600 results:
2026-07-19 14:25:23,925 -   Train Loss:           0.204402
2026-07-19 14:25:23,927 -   Val/Test Loss:        0.202099
2026-07-19 14:25:23,928 -   Train Bal.Accuracy:   0.721396
2026-07-19 14:25:23,929 -   Val/Test Bal.Accuracy:0.724933
2026-07-19 14:25:23,930 -   Loss gap:             0.002303
2026-07-19 14:25:23,931 -   Accuracy gap:         -0.003537
2026-07-19 14:25:23,932 -   Epoch time:           1.55 sec
2026-07-19 14:25:23,933 - 
--- EPOCH 601/1000 ---
2026-07-19 14:25:23,934 - Starting epoch 601
2026-07-19 14:25:25,589 - Epoch 601 results:
2026-07-19 14:25:25,590 -   Train Loss:           0.204402
2026-07-19 14:25:25,591 -   Val/Test Loss:        0.202099
2026-07-19 14:25:25,592 -   Train Bal.Accuracy:   0.721408
2026-07-19 14:25:25,593 -   Val/Test Bal.Accuracy:0.724933
2026-07-19 14:25:25,593 -   Loss gap:             0.002303
2026-07-19 14:25:25,594 -   Accuracy gap:         -0.003525
2026-07-19 14:25:25,595 -   Epoch time:           1.66 sec
2026-07-19 14:25:25,596 - 
--- EPOCH 602/1000 ---
2026-07-19 14:25:25,597 - Starting epoch 602
2026-07-19 14:25:27,321 - Epoch 602 results:
2026-07-19 14:25:27,322 -   Train Loss:           0.204402
2026-07-19 14:25:27,323 -   Val/Test Loss:        0.202099
2026-07-19 14:25:27,324 -   Train Bal.Accuracy:   0.721408
2026-07-19 14:25:27,325 -   Val/Test Bal.Accuracy:0.724933
2026-07-19 14:25:27,325 -   Loss gap:             0.002303
2026-07-19 14:25:27,326 -   Accuracy gap:         -0.003525
2026-07-19 14:25:27,327 -   Epoch time:           1.73 sec
2026-07-19 14:25:27,328 - 
--- EPOCH 603/1000 ---
2026-07-19 14:25:27,328 - Starting epoch 603
2026-07-19 14:25:28,875 - Epoch 603 results:
2026-07-19 14:25:28,876 -   Train Loss:           0.204402
2026-07-19 14:25:28,877 -   Val/Test Loss:        0.202099
2026-07-19 14:25:28,878 -   Train Bal.Accuracy:   0.721408
2026-07-19 14:25:28,878 -   Val/Test Bal.Accuracy:0.724933
2026-07-19 14:25:28,880 -   Loss gap:             0.002303
2026-07-19 14:25:28,880 -   Accuracy gap:         -0.003525
2026-07-19 14:25:28,882 -   Epoch time:           1.55 sec
2026-07-19 14:25:28,883 - 
--- EPOCH 604/1000 ---
2026-07-19 14:25:28,884 - Starting epoch 604
2026-07-19 14:25:30,633 - Epoch 604 results:
2026-07-19 14:25:30,634 -   Train Loss:           0.204402
2026-07-19 14:25:30,636 -   Val/Test Loss:        0.202099
2026-07-19 14:25:30,638 -   Train Bal.Accuracy:   0.721408
2026-07-19 14:25:30,639 -   Val/Test Bal.Accuracy:0.724933
2026-07-19 14:25:30,640 -   Loss gap:             0.002303
2026-07-19 14:25:30,641 -   Accuracy gap:         -0.003525
2026-07-19 14:25:30,642 -   Epoch time:           1.75 sec
2026-07-19 14:25:30,644 - 
--- EPOCH 605/1000 ---
2026-07-19 14:25:30,647 - Starting epoch 605
2026-07-19 14:25:32,207 - Epoch 605 results:
2026-07-19 14:25:32,208 -   Train Loss:           0.204402
2026-07-19 14:25:32,209 -   Val/Test Loss:        0.202099
2026-07-19 14:25:32,210 -   Train Bal.Accuracy:   0.721408
2026-07-19 14:25:32,210 -   Val/Test Bal.Accuracy:0.724933
2026-07-19 14:25:32,211 -   Loss gap:             0.002303
2026-07-19 14:25:32,212 -   Accuracy gap:         -0.003525
2026-07-19 14:25:32,213 -   Epoch time:           1.56 sec
2026-07-19 14:25:32,214 - 
--- EPOCH 606/1000 ---
2026-07-19 14:25:32,214 - Starting epoch 606
2026-07-19 14:25:33,958 - Epoch 606 results:
2026-07-19 14:25:33,959 -   Train Loss:           0.204402
2026-07-19 14:25:33,960 -   Val/Test Loss:        0.202099
2026-07-19 14:25:33,961 -   Train Bal.Accuracy:   0.721408
2026-07-19 14:25:33,962 -   Val/Test Bal.Accuracy:0.724933
2026-07-19 14:25:33,963 -   Loss gap:             0.002303
2026-07-19 14:25:33,963 -   Accuracy gap:         -0.003525
2026-07-19 14:25:33,964 -   Epoch time:           1.74 sec
2026-07-19 14:25:33,965 - 
--- EPOCH 607/1000 ---
2026-07-19 14:25:33,966 - Starting epoch 607
2026-07-19 14:25:35,459 - Epoch 607 results:
2026-07-19 14:25:35,460 -   Train Loss:           0.204402
2026-07-19 14:25:35,461 -   Val/Test Loss:        0.202099
2026-07-19 14:25:35,462 -   Train Bal.Accuracy:   0.721400
2026-07-19 14:25:35,463 -   Val/Test Bal.Accuracy:0.724933
2026-07-19 14:25:35,464 -   Loss gap:             0.002303
2026-07-19 14:25:35,465 -   Accuracy gap:         -0.003533
2026-07-19 14:25:35,466 -   Epoch time:           1.49 sec
2026-07-19 14:25:35,467 - 
--- EPOCH 608/1000 ---
2026-07-19 14:25:35,468 - Starting epoch 608
2026-07-19 14:25:37,139 - Epoch 608 results:
2026-07-19 14:25:37,140 -   Train Loss:           0.204402
2026-07-19 14:25:37,142 -   Val/Test Loss:        0.202099
2026-07-19 14:25:37,143 -   Train Bal.Accuracy:   0.721408
2026-07-19 14:25:37,144 -   Val/Test Bal.Accuracy:0.724933
2026-07-19 14:25:37,146 -   Loss gap:             0.002303
2026-07-19 14:25:37,148 -   Accuracy gap:         -0.003525
2026-07-19 14:25:37,149 -   Epoch time:           1.67 sec
2026-07-19 14:25:37,151 - 
--- EPOCH 609/1000 ---
2026-07-19 14:25:37,152 - Starting epoch 609
2026-07-19 14:25:39,225 - Epoch 609 results:
2026-07-19 14:25:39,226 -   Train Loss:           0.204402
2026-07-19 14:25:39,227 -   Val/Test Loss:        0.202099
2026-07-19 14:25:39,228 -   Train Bal.Accuracy:   0.721408
2026-07-19 14:25:39,229 -   Val/Test Bal.Accuracy:0.724933
2026-07-19 14:25:39,230 -   Loss gap:             0.002303
2026-07-19 14:25:39,231 -   Accuracy gap:         -0.003525
2026-07-19 14:25:39,232 -   Epoch time:           2.07 sec
2026-07-19 14:25:39,233 - 
--- EPOCH 610/1000 ---
2026-07-19 14:25:39,234 - Starting epoch 610
2026-07-19 14:25:40,843 - Epoch 610 results:
2026-07-19 14:25:40,844 -   Train Loss:           0.204402
2026-07-19 14:25:40,845 -   Val/Test Loss:        0.202099
2026-07-19 14:25:40,846 -   Train Bal.Accuracy:   0.721408
2026-07-19 14:25:40,847 -   Val/Test Bal.Accuracy:0.724933
2026-07-19 14:25:40,849 -   Loss gap:             0.002303
2026-07-19 14:25:40,851 -   Accuracy gap:         -0.003525
2026-07-19 14:25:40,852 -   Epoch time:           1.61 sec
2026-07-19 14:25:40,854 - 
--- EPOCH 611/1000 ---
2026-07-19 14:25:40,855 - Starting epoch 611
2026-07-19 14:25:42,361 - Epoch 611 results:
2026-07-19 14:25:42,363 -   Train Loss:           0.204402
2026-07-19 14:25:42,364 -   Val/Test Loss:        0.202099
2026-07-19 14:25:42,365 -   Train Bal.Accuracy:   0.721408
2026-07-19 14:25:42,366 -   Val/Test Bal.Accuracy:0.724933
2026-07-19 14:25:42,367 -   Loss gap:             0.002303
2026-07-19 14:25:42,368 -   Accuracy gap:         -0.003525
2026-07-19 14:25:42,369 -   Epoch time:           1.51 sec
2026-07-19 14:25:42,370 - 
--- EPOCH 612/1000 ---
2026-07-19 14:25:42,371 - Starting epoch 612
2026-07-19 14:25:44,099 - Epoch 612 results:
2026-07-19 14:25:44,100 -   Train Loss:           0.204402
2026-07-19 14:25:44,101 -   Val/Test Loss:        0.202099
2026-07-19 14:25:44,102 -   Train Bal.Accuracy:   0.721408
2026-07-19 14:25:44,103 -   Val/Test Bal.Accuracy:0.724933
2026-07-19 14:25:44,104 -   Loss gap:             0.002303
2026-07-19 14:25:44,105 -   Accuracy gap:         -0.003525
2026-07-19 14:25:44,106 -   Epoch time:           1.73 sec
2026-07-19 14:25:44,107 - 
--- EPOCH 613/1000 ---
2026-07-19 14:25:44,109 - Starting epoch 613
2026-07-19 14:25:45,962 - Epoch 613 results:
2026-07-19 14:25:45,963 -   Train Loss:           0.204402
2026-07-19 14:25:45,964 -   Val/Test Loss:        0.202099
2026-07-19 14:25:45,964 -   Train Bal.Accuracy:   0.721400
2026-07-19 14:25:45,965 -   Val/Test Bal.Accuracy:0.724933
2026-07-19 14:25:45,967 -   Loss gap:             0.002303
2026-07-19 14:25:45,968 -   Accuracy gap:         -0.003533
2026-07-19 14:25:45,970 -   Epoch time:           1.85 sec
2026-07-19 14:25:45,971 - 
--- EPOCH 614/1000 ---
2026-07-19 14:25:45,973 - Starting epoch 614
2026-07-19 14:25:47,678 - Epoch 614 results:
2026-07-19 14:25:47,679 -   Train Loss:           0.204402
2026-07-19 14:25:47,680 -   Val/Test Loss:        0.202099
2026-07-19 14:25:47,682 -   Train Bal.Accuracy:   0.721400
2026-07-19 14:25:47,683 -   Val/Test Bal.Accuracy:0.724933
2026-07-19 14:25:47,685 -   Loss gap:             0.002303
2026-07-19 14:25:47,686 -   Accuracy gap:         -0.003533
2026-07-19 14:25:47,687 -   Epoch time:           1.71 sec
2026-07-19 14:25:47,688 - 
--- EPOCH 615/1000 ---
2026-07-19 14:25:47,689 - Starting epoch 615
2026-07-19 14:25:49,392 - Epoch 615 results:
2026-07-19 14:25:49,393 -   Train Loss:           0.204402
2026-07-19 14:25:49,395 -   Val/Test Loss:        0.202099
2026-07-19 14:25:49,396 -   Train Bal.Accuracy:   0.721400
2026-07-19 14:25:49,397 -   Val/Test Bal.Accuracy:0.724904
2026-07-19 14:25:49,398 -   Loss gap:             0.002303
2026-07-19 14:25:49,399 -   Accuracy gap:         -0.003504
2026-07-19 14:25:49,401 -   Epoch time:           1.70 sec
2026-07-19 14:25:49,402 - 
--- EPOCH 616/1000 ---
2026-07-19 14:25:49,404 - Starting epoch 616
2026-07-19 14:25:51,308 - Epoch 616 results:
2026-07-19 14:25:51,309 -   Train Loss:           0.204402
2026-07-19 14:25:51,310 -   Val/Test Loss:        0.202099
2026-07-19 14:25:51,311 -   Train Bal.Accuracy:   0.721400
2026-07-19 14:25:51,311 -   Val/Test Bal.Accuracy:0.724904
2026-07-19 14:25:51,312 -   Loss gap:             0.002303
2026-07-19 14:25:51,313 -   Accuracy gap:         -0.003504
2026-07-19 14:25:51,313 -   Epoch time:           1.91 sec
2026-07-19 14:25:51,314 - 
--- EPOCH 617/1000 ---
2026-07-19 14:25:51,315 - Starting epoch 617
2026-07-19 14:25:52,789 - Epoch 617 results:
2026-07-19 14:25:52,790 -   Train Loss:           0.204402
2026-07-19 14:25:52,790 -   Val/Test Loss:        0.202099
2026-07-19 14:25:52,791 -   Train Bal.Accuracy:   0.721400
2026-07-19 14:25:52,792 -   Val/Test Bal.Accuracy:0.724904
2026-07-19 14:25:52,793 -   Loss gap:             0.002303
2026-07-19 14:25:52,794 -   Accuracy gap:         -0.003504
2026-07-19 14:25:52,795 -   Epoch time:           1.47 sec
2026-07-19 14:25:52,796 - 
--- EPOCH 618/1000 ---
2026-07-19 14:25:52,796 - Starting epoch 618
2026-07-19 14:25:54,332 - Epoch 618 results:
2026-07-19 14:25:54,333 -   Train Loss:           0.204402
2026-07-19 14:25:54,333 -   Val/Test Loss:        0.202099
2026-07-19 14:25:54,334 -   Train Bal.Accuracy:   0.721400
2026-07-19 14:25:54,335 -   Val/Test Bal.Accuracy:0.724904
2026-07-19 14:25:54,336 -   Loss gap:             0.002303
2026-07-19 14:25:54,337 -   Accuracy gap:         -0.003504
2026-07-19 14:25:54,339 -   Epoch time:           1.54 sec
2026-07-19 14:25:54,339 - 
--- EPOCH 619/1000 ---
2026-07-19 14:25:54,341 - Starting epoch 619
2026-07-19 14:25:55,837 - Epoch 619 results:
2026-07-19 14:25:55,838 -   Train Loss:           0.204402
2026-07-19 14:25:55,839 -   Val/Test Loss:        0.202099
2026-07-19 14:25:55,840 -   Train Bal.Accuracy:   0.721400
2026-07-19 14:25:55,841 -   Val/Test Bal.Accuracy:0.724904
2026-07-19 14:25:55,842 -   Loss gap:             0.002303
2026-07-19 14:25:55,843 -   Accuracy gap:         -0.003504
2026-07-19 14:25:55,844 -   Epoch time:           1.50 sec
2026-07-19 14:25:55,845 - 
--- EPOCH 620/1000 ---
2026-07-19 14:25:55,847 - Starting epoch 620
2026-07-19 14:25:57,466 - Epoch 620 results:
2026-07-19 14:25:57,468 -   Train Loss:           0.204402
2026-07-19 14:25:57,469 -   Val/Test Loss:        0.202099
2026-07-19 14:25:57,470 -   Train Bal.Accuracy:   0.721400
2026-07-19 14:25:57,471 -   Val/Test Bal.Accuracy:0.724904
2026-07-19 14:25:57,472 -   Loss gap:             0.002303
2026-07-19 14:25:57,474 -   Accuracy gap:         -0.003504
2026-07-19 14:25:57,475 -   Epoch time:           1.62 sec
2026-07-19 14:25:57,477 - 
--- EPOCH 621/1000 ---
2026-07-19 14:25:57,479 - Starting epoch 621
2026-07-19 14:25:59,108 - Epoch 621 results:
2026-07-19 14:25:59,109 -   Train Loss:           0.204402
2026-07-19 14:25:59,110 -   Val/Test Loss:        0.202099
2026-07-19 14:25:59,111 -   Train Bal.Accuracy:   0.721400
2026-07-19 14:25:59,112 -   Val/Test Bal.Accuracy:0.724904
2026-07-19 14:25:59,113 -   Loss gap:             0.002303
2026-07-19 14:25:59,114 -   Accuracy gap:         -0.003504
2026-07-19 14:25:59,114 -   Epoch time:           1.63 sec
2026-07-19 14:25:59,115 - 
--- EPOCH 622/1000 ---
2026-07-19 14:25:59,116 - Starting epoch 622
2026-07-19 14:26:00,873 - Epoch 622 results:
2026-07-19 14:26:00,875 -   Train Loss:           0.204402
2026-07-19 14:26:00,875 -   Val/Test Loss:        0.202099
2026-07-19 14:26:00,876 -   Train Bal.Accuracy:   0.721412
2026-07-19 14:26:00,877 -   Val/Test Bal.Accuracy:0.724904
2026-07-19 14:26:00,878 -   Loss gap:             0.002303
2026-07-19 14:26:00,879 -   Accuracy gap:         -0.003492
2026-07-19 14:26:00,880 -   Epoch time:           1.76 sec
2026-07-19 14:26:00,882 - 
--- EPOCH 623/1000 ---
2026-07-19 14:26:00,883 - Starting epoch 623
2026-07-19 14:26:02,564 - Epoch 623 results:
2026-07-19 14:26:02,565 -   Train Loss:           0.204402
2026-07-19 14:26:02,566 -   Val/Test Loss:        0.202099
2026-07-19 14:26:02,568 -   Train Bal.Accuracy:   0.721412
2026-07-19 14:26:02,569 -   Val/Test Bal.Accuracy:0.724904
2026-07-19 14:26:02,570 -   Loss gap:             0.002303
2026-07-19 14:26:02,571 -   Accuracy gap:         -0.003492
2026-07-19 14:26:02,572 -   Epoch time:           1.68 sec
2026-07-19 14:26:02,573 - 
--- EPOCH 624/1000 ---
2026-07-19 14:26:02,574 - Starting epoch 624
2026-07-19 14:26:04,332 - Epoch 624 results:
2026-07-19 14:26:04,333 -   Train Loss:           0.204402
2026-07-19 14:26:04,334 -   Val/Test Loss:        0.202099
2026-07-19 14:26:04,335 -   Train Bal.Accuracy:   0.721412
2026-07-19 14:26:04,336 -   Val/Test Bal.Accuracy:0.724904
2026-07-19 14:26:04,339 -   Loss gap:             0.002303
2026-07-19 14:26:04,340 -   Accuracy gap:         -0.003491
2026-07-19 14:26:04,341 -   Epoch time:           1.76 sec
2026-07-19 14:26:04,342 - 
--- EPOCH 625/1000 ---
2026-07-19 14:26:04,343 - Starting epoch 625
2026-07-19 14:26:06,044 - Epoch 625 results:
2026-07-19 14:26:06,045 -   Train Loss:           0.204402
2026-07-19 14:26:06,045 -   Val/Test Loss:        0.202099
2026-07-19 14:26:06,046 -   Train Bal.Accuracy:   0.721412
2026-07-19 14:26:06,047 -   Val/Test Bal.Accuracy:0.724906
2026-07-19 14:26:06,047 -   Loss gap:             0.002303
2026-07-19 14:26:06,048 -   Accuracy gap:         -0.003493
2026-07-19 14:26:06,049 -   Epoch time:           1.70 sec
2026-07-19 14:26:06,050 - 
--- EPOCH 626/1000 ---
2026-07-19 14:26:06,051 - Starting epoch 626
2026-07-19 14:26:07,531 - Epoch 626 results:
2026-07-19 14:26:07,532 -   Train Loss:           0.204402
2026-07-19 14:26:07,533 -   Val/Test Loss:        0.202099
2026-07-19 14:26:07,534 -   Train Bal.Accuracy:   0.721400
2026-07-19 14:26:07,534 -   Val/Test Bal.Accuracy:0.724906
2026-07-19 14:26:07,536 -   Loss gap:             0.002303
2026-07-19 14:26:07,538 -   Accuracy gap:         -0.003505
2026-07-19 14:26:07,539 -   Epoch time:           1.48 sec
2026-07-19 14:26:07,540 - 
--- EPOCH 627/1000 ---
2026-07-19 14:26:07,541 - Starting epoch 627
2026-07-19 14:26:09,121 - Epoch 627 results:
2026-07-19 14:26:09,122 -   Train Loss:           0.204402
2026-07-19 14:26:09,123 -   Val/Test Loss:        0.202099
2026-07-19 14:26:09,124 -   Train Bal.Accuracy:   0.721412
2026-07-19 14:26:09,125 -   Val/Test Bal.Accuracy:0.724906
2026-07-19 14:26:09,126 -   Loss gap:             0.002303
2026-07-19 14:26:09,127 -   Accuracy gap:         -0.003493
2026-07-19 14:26:09,128 -   Epoch time:           1.58 sec
2026-07-19 14:26:09,128 - 
--- EPOCH 628/1000 ---
2026-07-19 14:26:09,129 - Starting epoch 628
2026-07-19 14:26:10,641 - Epoch 628 results:
2026-07-19 14:26:10,642 -   Train Loss:           0.204402
2026-07-19 14:26:10,643 -   Val/Test Loss:        0.202099
2026-07-19 14:26:10,645 -   Train Bal.Accuracy:   0.721412
2026-07-19 14:26:10,645 -   Val/Test Bal.Accuracy:0.724906
2026-07-19 14:26:10,646 -   Loss gap:             0.002303
2026-07-19 14:26:10,647 -   Accuracy gap:         -0.003493
2026-07-19 14:26:10,648 -   Epoch time:           1.51 sec
2026-07-19 14:26:10,649 - 
--- EPOCH 629/1000 ---
2026-07-19 14:26:10,650 - Starting epoch 629
2026-07-19 14:26:12,135 - Epoch 629 results:
2026-07-19 14:26:12,135 -   Train Loss:           0.204402
2026-07-19 14:26:12,136 -   Val/Test Loss:        0.202099
2026-07-19 14:26:12,137 -   Train Bal.Accuracy:   0.721412
2026-07-19 14:26:12,138 -   Val/Test Bal.Accuracy:0.724906
2026-07-19 14:26:12,139 -   Loss gap:             0.002303
2026-07-19 14:26:12,140 -   Accuracy gap:         -0.003494
2026-07-19 14:26:12,141 -   Epoch time:           1.49 sec
2026-07-19 14:26:12,142 - 
--- EPOCH 630/1000 ---
2026-07-19 14:26:12,143 - Starting epoch 630
2026-07-19 14:26:14,023 - Epoch 630 results:
2026-07-19 14:26:14,024 -   Train Loss:           0.204402
2026-07-19 14:26:14,025 -   Val/Test Loss:        0.202099
2026-07-19 14:26:14,025 -   Train Bal.Accuracy:   0.721412
2026-07-19 14:26:14,026 -   Val/Test Bal.Accuracy:0.724906
2026-07-19 14:26:14,027 -   Loss gap:             0.002303
2026-07-19 14:26:14,028 -   Accuracy gap:         -0.003494
2026-07-19 14:26:14,029 -   Epoch time:           1.88 sec
2026-07-19 14:26:14,029 - 
--- EPOCH 631/1000 ---
2026-07-19 14:26:14,030 - Starting epoch 631
2026-07-19 14:26:15,431 - Epoch 631 results:
2026-07-19 14:26:15,432 -   Train Loss:           0.204402
2026-07-19 14:26:15,433 -   Val/Test Loss:        0.202099
2026-07-19 14:26:15,435 -   Train Bal.Accuracy:   0.721412
2026-07-19 14:26:15,436 -   Val/Test Bal.Accuracy:0.724906
2026-07-19 14:26:15,437 -   Loss gap:             0.002303
2026-07-19 14:26:15,438 -   Accuracy gap:         -0.003494
2026-07-19 14:26:15,439 -   Epoch time:           1.40 sec
2026-07-19 14:26:15,440 - 
--- EPOCH 632/1000 ---
2026-07-19 14:26:15,441 - Starting epoch 632
2026-07-19 14:26:17,307 - Epoch 632 results:
2026-07-19 14:26:17,308 -   Train Loss:           0.204402
2026-07-19 14:26:17,309 -   Val/Test Loss:        0.202099
2026-07-19 14:26:17,310 -   Train Bal.Accuracy:   0.721411
2026-07-19 14:26:17,311 -   Val/Test Bal.Accuracy:0.724906
2026-07-19 14:26:17,312 -   Loss gap:             0.002303
2026-07-19 14:26:17,313 -   Accuracy gap:         -0.003495
2026-07-19 14:26:17,314 -   Epoch time:           1.87 sec
2026-07-19 14:26:17,315 - 
--- EPOCH 633/1000 ---
2026-07-19 14:26:17,316 - Starting epoch 633
2026-07-19 14:26:19,066 - Epoch 633 results:
2026-07-19 14:26:19,067 -   Train Loss:           0.204402
2026-07-19 14:26:19,068 -   Val/Test Loss:        0.202099
2026-07-19 14:26:19,069 -   Train Bal.Accuracy:   0.721411
2026-07-19 14:26:19,070 -   Val/Test Bal.Accuracy:0.724906
2026-07-19 14:26:19,071 -   Loss gap:             0.002303
2026-07-19 14:26:19,071 -   Accuracy gap:         -0.003495
2026-07-19 14:26:19,072 -   Epoch time:           1.75 sec
2026-07-19 14:26:19,073 - 
--- EPOCH 634/1000 ---
2026-07-19 14:26:19,074 - Starting epoch 634
2026-07-19 14:26:20,898 - Epoch 634 results:
2026-07-19 14:26:20,900 -   Train Loss:           0.204402
2026-07-19 14:26:20,902 -   Val/Test Loss:        0.202099
2026-07-19 14:26:20,903 -   Train Bal.Accuracy:   0.721411
2026-07-19 14:26:20,904 -   Val/Test Bal.Accuracy:0.724906
2026-07-19 14:26:20,905 -   Loss gap:             0.002303
2026-07-19 14:26:20,907 -   Accuracy gap:         -0.003495
2026-07-19 14:26:20,908 -   Epoch time:           1.83 sec
2026-07-19 14:26:20,909 - 
--- EPOCH 635/1000 ---
2026-07-19 14:26:20,910 - Starting epoch 635
2026-07-19 14:26:22,468 - Epoch 635 results:
2026-07-19 14:26:22,469 -   Train Loss:           0.204402
2026-07-19 14:26:22,470 -   Val/Test Loss:        0.202099
2026-07-19 14:26:22,471 -   Train Bal.Accuracy:   0.721411
2026-07-19 14:26:22,471 -   Val/Test Bal.Accuracy:0.724906
2026-07-19 14:26:22,473 -   Loss gap:             0.002303
2026-07-19 14:26:22,474 -   Accuracy gap:         -0.003495
2026-07-19 14:26:22,474 -   Epoch time:           1.56 sec
2026-07-19 14:26:22,475 - 
--- EPOCH 636/1000 ---
2026-07-19 14:26:22,476 - Starting epoch 636
2026-07-19 14:26:24,076 - Epoch 636 results:
2026-07-19 14:26:24,077 -   Train Loss:           0.204402
2026-07-19 14:26:24,078 -   Val/Test Loss:        0.202099
2026-07-19 14:26:24,079 -   Train Bal.Accuracy:   0.721411
2026-07-19 14:26:24,080 -   Val/Test Bal.Accuracy:0.724906
2026-07-19 14:26:24,080 -   Loss gap:             0.002303
2026-07-19 14:26:24,081 -   Accuracy gap:         -0.003495
2026-07-19 14:26:24,082 -   Epoch time:           1.60 sec
2026-07-19 14:26:24,083 - 
--- EPOCH 637/1000 ---
2026-07-19 14:26:24,084 - Starting epoch 637
2026-07-19 14:26:25,482 - Epoch 637 results:
2026-07-19 14:26:25,483 -   Train Loss:           0.204402
2026-07-19 14:26:25,484 -   Val/Test Loss:        0.202099
2026-07-19 14:26:25,485 -   Train Bal.Accuracy:   0.721411
2026-07-19 14:26:25,486 -   Val/Test Bal.Accuracy:0.724906
2026-07-19 14:26:25,487 -   Loss gap:             0.002303
2026-07-19 14:26:25,488 -   Accuracy gap:         -0.003495
2026-07-19 14:26:25,489 -   Epoch time:           1.40 sec
2026-07-19 14:26:25,490 - 
--- EPOCH 638/1000 ---
2026-07-19 14:26:25,491 - Starting epoch 638
2026-07-19 14:26:27,188 - Epoch 638 results:
2026-07-19 14:26:27,189 -   Train Loss:           0.204402
2026-07-19 14:26:27,190 -   Val/Test Loss:        0.202099
2026-07-19 14:26:27,191 -   Train Bal.Accuracy:   0.721411
2026-07-19 14:26:27,192 -   Val/Test Bal.Accuracy:0.724906
2026-07-19 14:26:27,193 -   Loss gap:             0.002303
2026-07-19 14:26:27,194 -   Accuracy gap:         -0.003495
2026-07-19 14:26:27,195 -   Epoch time:           1.70 sec
2026-07-19 14:26:27,196 - 
--- EPOCH 639/1000 ---
2026-07-19 14:26:27,197 - Starting epoch 639
2026-07-19 14:26:28,861 - Epoch 639 results:
2026-07-19 14:26:28,862 -   Train Loss:           0.204402
2026-07-19 14:26:28,863 -   Val/Test Loss:        0.202099
2026-07-19 14:26:28,864 -   Train Bal.Accuracy:   0.721411
2026-07-19 14:26:28,865 -   Val/Test Bal.Accuracy:0.724906
2026-07-19 14:26:28,866 -   Loss gap:             0.002303
2026-07-19 14:26:28,866 -   Accuracy gap:         -0.003495
2026-07-19 14:26:28,868 -   Epoch time:           1.67 sec
2026-07-19 14:26:28,868 - 
--- EPOCH 640/1000 ---
2026-07-19 14:26:28,869 - Starting epoch 640
2026-07-19 14:26:30,767 - Epoch 640 results:
2026-07-19 14:26:30,769 -   Train Loss:           0.204402
2026-07-19 14:26:30,770 -   Val/Test Loss:        0.202099
2026-07-19 14:26:30,772 -   Train Bal.Accuracy:   0.721411
2026-07-19 14:26:30,773 -   Val/Test Bal.Accuracy:0.724906
2026-07-19 14:26:30,774 -   Loss gap:             0.002303
2026-07-19 14:26:30,775 -   Accuracy gap:         -0.003495
2026-07-19 14:26:30,776 -   Epoch time:           1.90 sec
2026-07-19 14:26:30,777 - 
--- EPOCH 641/1000 ---
2026-07-19 14:26:30,778 - Starting epoch 641
2026-07-19 14:26:32,536 - Epoch 641 results:
2026-07-19 14:26:32,537 -   Train Loss:           0.204402
2026-07-19 14:26:32,539 -   Val/Test Loss:        0.202099
2026-07-19 14:26:32,540 -   Train Bal.Accuracy:   0.721411
2026-07-19 14:26:32,541 -   Val/Test Bal.Accuracy:0.724906
2026-07-19 14:26:32,542 -   Loss gap:             0.002303
2026-07-19 14:26:32,543 -   Accuracy gap:         -0.003495
2026-07-19 14:26:32,544 -   Epoch time:           1.76 sec
2026-07-19 14:26:32,544 - 
--- EPOCH 642/1000 ---
2026-07-19 14:26:32,545 - Starting epoch 642
2026-07-19 14:26:34,250 - Epoch 642 results:
2026-07-19 14:26:34,251 -   Train Loss:           0.204402
2026-07-19 14:26:34,252 -   Val/Test Loss:        0.202099
2026-07-19 14:26:34,253 -   Train Bal.Accuracy:   0.721411
2026-07-19 14:26:34,255 -   Val/Test Bal.Accuracy:0.724906
2026-07-19 14:26:34,257 -   Loss gap:             0.002303
2026-07-19 14:26:34,258 -   Accuracy gap:         -0.003495
2026-07-19 14:26:34,259 -   Epoch time:           1.71 sec
2026-07-19 14:26:34,260 - 
--- EPOCH 643/1000 ---
2026-07-19 14:26:34,260 - Starting epoch 643
2026-07-19 14:26:36,224 - Epoch 643 results:
2026-07-19 14:26:36,225 -   Train Loss:           0.204402
2026-07-19 14:26:36,226 -   Val/Test Loss:        0.202099
2026-07-19 14:26:36,227 -   Train Bal.Accuracy:   0.721411
2026-07-19 14:26:36,228 -   Val/Test Bal.Accuracy:0.724906
2026-07-19 14:26:36,229 -   Loss gap:             0.002303
2026-07-19 14:26:36,229 -   Accuracy gap:         -0.003495
2026-07-19 14:26:36,230 -   Epoch time:           1.96 sec
2026-07-19 14:26:36,231 - 
--- EPOCH 644/1000 ---
2026-07-19 14:26:36,232 - Starting epoch 644
2026-07-19 14:26:37,850 - Epoch 644 results:
2026-07-19 14:26:37,851 -   Train Loss:           0.204402
2026-07-19 14:26:37,852 -   Val/Test Loss:        0.202099
2026-07-19 14:26:37,854 -   Train Bal.Accuracy:   0.721411
2026-07-19 14:26:37,855 -   Val/Test Bal.Accuracy:0.724906
2026-07-19 14:26:37,856 -   Loss gap:             0.002303
2026-07-19 14:26:37,857 -   Accuracy gap:         -0.003495
2026-07-19 14:26:37,858 -   Epoch time:           1.62 sec
2026-07-19 14:26:37,859 - 
--- EPOCH 645/1000 ---
2026-07-19 14:26:37,860 - Starting epoch 645
2026-07-19 14:26:39,290 - Epoch 645 results:
2026-07-19 14:26:39,291 -   Train Loss:           0.204402
2026-07-19 14:26:39,292 -   Val/Test Loss:        0.202099
2026-07-19 14:26:39,293 -   Train Bal.Accuracy:   0.721411
2026-07-19 14:26:39,294 -   Val/Test Bal.Accuracy:0.724906
2026-07-19 14:26:39,294 -   Loss gap:             0.002303
2026-07-19 14:26:39,295 -   Accuracy gap:         -0.003495
2026-07-19 14:26:39,296 -   Epoch time:           1.43 sec
2026-07-19 14:26:39,297 - 
--- EPOCH 646/1000 ---
2026-07-19 14:26:39,298 - Starting epoch 646
2026-07-19 14:26:40,974 - Epoch 646 results:
2026-07-19 14:26:40,975 -   Train Loss:           0.204402
2026-07-19 14:26:40,976 -   Val/Test Loss:        0.202099
2026-07-19 14:26:40,977 -   Train Bal.Accuracy:   0.721411
2026-07-19 14:26:40,978 -   Val/Test Bal.Accuracy:0.724935
2026-07-19 14:26:40,979 -   Loss gap:             0.002303
2026-07-19 14:26:40,979 -   Accuracy gap:         -0.003524
2026-07-19 14:26:40,980 -   Epoch time:           1.68 sec
2026-07-19 14:26:40,981 - 
--- EPOCH 647/1000 ---
2026-07-19 14:26:40,982 - Starting epoch 647
2026-07-19 14:26:42,780 - Epoch 647 results:
2026-07-19 14:26:42,782 -   Train Loss:           0.204402
2026-07-19 14:26:42,783 -   Val/Test Loss:        0.202099
2026-07-19 14:26:42,786 -   Train Bal.Accuracy:   0.721423
2026-07-19 14:26:42,788 -   Val/Test Bal.Accuracy:0.724935
2026-07-19 14:26:42,790 -   Loss gap:             0.002303
2026-07-19 14:26:42,792 -   Accuracy gap:         -0.003512
2026-07-19 14:26:42,794 -   Epoch time:           1.80 sec
2026-07-19 14:26:42,795 - 
--- EPOCH 648/1000 ---
2026-07-19 14:26:42,797 - Starting epoch 648
2026-07-19 14:26:44,632 - Epoch 648 results:
2026-07-19 14:26:44,634 -   Train Loss:           0.204402
2026-07-19 14:26:44,634 -   Val/Test Loss:        0.202099
2026-07-19 14:26:44,635 -   Train Bal.Accuracy:   0.721423
2026-07-19 14:26:44,636 -   Val/Test Bal.Accuracy:0.724964
2026-07-19 14:26:44,637 -   Loss gap:             0.002303
2026-07-19 14:26:44,638 -   Accuracy gap:         -0.003541
2026-07-19 14:26:44,639 -   Epoch time:           1.84 sec
2026-07-19 14:26:44,640 - 
--- EPOCH 649/1000 ---
2026-07-19 14:26:44,640 - Starting epoch 649
2026-07-19 14:26:46,575 - Epoch 649 results:
2026-07-19 14:26:46,576 -   Train Loss:           0.204402
2026-07-19 14:26:46,577 -   Val/Test Loss:        0.202099
2026-07-19 14:26:46,578 -   Train Bal.Accuracy:   0.721423
2026-07-19 14:26:46,578 -   Val/Test Bal.Accuracy:0.724964
2026-07-19 14:26:46,579 -   Loss gap:             0.002303
2026-07-19 14:26:46,580 -   Accuracy gap:         -0.003541
2026-07-19 14:26:46,581 -   Epoch time:           1.93 sec
2026-07-19 14:26:46,582 - 
--- EPOCH 650/1000 ---
2026-07-19 14:26:46,583 - Starting epoch 650
2026-07-19 14:26:48,149 - Epoch 650 results:
2026-07-19 14:26:48,150 -   Train Loss:           0.204402
2026-07-19 14:26:48,151 -   Val/Test Loss:        0.202099
2026-07-19 14:26:48,152 -   Train Bal.Accuracy:   0.721423
2026-07-19 14:26:48,153 -   Val/Test Bal.Accuracy:0.724964
2026-07-19 14:26:48,154 -   Loss gap:             0.002303
2026-07-19 14:26:48,155 -   Accuracy gap:         -0.003541
2026-07-19 14:26:48,156 -   Epoch time:           1.57 sec
2026-07-19 14:26:48,156 - 
--- EPOCH 651/1000 ---
2026-07-19 14:26:48,157 - Starting epoch 651
2026-07-19 14:26:49,593 - Epoch 651 results:
2026-07-19 14:26:49,594 -   Train Loss:           0.204402
2026-07-19 14:26:49,594 -   Val/Test Loss:        0.202099
2026-07-19 14:26:49,595 -   Train Bal.Accuracy:   0.721435
2026-07-19 14:26:49,596 -   Val/Test Bal.Accuracy:0.724964
2026-07-19 14:26:49,597 -   Loss gap:             0.002303
2026-07-19 14:26:49,597 -   Accuracy gap:         -0.003529
2026-07-19 14:26:49,598 -   Epoch time:           1.44 sec
2026-07-19 14:26:49,599 - 
--- EPOCH 652/1000 ---
2026-07-19 14:26:49,600 - Starting epoch 652
2026-07-19 14:26:51,077 - Epoch 652 results:
2026-07-19 14:26:51,078 -   Train Loss:           0.204402
2026-07-19 14:26:51,079 -   Val/Test Loss:        0.202099
2026-07-19 14:26:51,080 -   Train Bal.Accuracy:   0.721435
2026-07-19 14:26:51,080 -   Val/Test Bal.Accuracy:0.724964
2026-07-19 14:26:51,082 -   Loss gap:             0.002303
2026-07-19 14:26:51,082 -   Accuracy gap:         -0.003529
2026-07-19 14:26:51,083 -   Epoch time:           1.48 sec
2026-07-19 14:26:51,084 - 
--- EPOCH 653/1000 ---
2026-07-19 14:26:51,085 - Starting epoch 653
2026-07-19 14:26:52,652 - Epoch 653 results:
2026-07-19 14:26:52,653 -   Train Loss:           0.204402
2026-07-19 14:26:52,654 -   Val/Test Loss:        0.202099
2026-07-19 14:26:52,655 -   Train Bal.Accuracy:   0.721447
2026-07-19 14:26:52,656 -   Val/Test Bal.Accuracy:0.724964
2026-07-19 14:26:52,657 -   Loss gap:             0.002303
2026-07-19 14:26:52,658 -   Accuracy gap:         -0.003516
2026-07-19 14:26:52,659 -   Epoch time:           1.57 sec
2026-07-19 14:26:52,660 - 
--- EPOCH 654/1000 ---
2026-07-19 14:26:52,661 - Starting epoch 654
2026-07-19 14:26:54,386 - Epoch 654 results:
2026-07-19 14:26:54,387 -   Train Loss:           0.204402
2026-07-19 14:26:54,388 -   Val/Test Loss:        0.202099
2026-07-19 14:26:54,388 -   Train Bal.Accuracy:   0.721459
2026-07-19 14:26:54,389 -   Val/Test Bal.Accuracy:0.724964
2026-07-19 14:26:54,390 -   Loss gap:             0.002303
2026-07-19 14:26:54,391 -   Accuracy gap:         -0.003504
2026-07-19 14:26:54,392 -   Epoch time:           1.73 sec
2026-07-19 14:26:54,393 - 
--- EPOCH 655/1000 ---
2026-07-19 14:26:54,393 - Starting epoch 655
2026-07-19 14:26:56,080 - Epoch 655 results:
2026-07-19 14:26:56,081 -   Train Loss:           0.204402
2026-07-19 14:26:56,082 -   Val/Test Loss:        0.202099
2026-07-19 14:26:56,083 -   Train Bal.Accuracy:   0.721472
2026-07-19 14:26:56,084 -   Val/Test Bal.Accuracy:0.724964
2026-07-19 14:26:56,085 -   Loss gap:             0.002303
2026-07-19 14:26:56,086 -   Accuracy gap:         -0.003492
2026-07-19 14:26:56,087 -   Epoch time:           1.69 sec
2026-07-19 14:26:56,087 - 
--- EPOCH 656/1000 ---
2026-07-19 14:26:56,088 - Starting epoch 656
2026-07-19 14:26:57,494 - Epoch 656 results:
2026-07-19 14:26:57,494 -   Train Loss:           0.204402
2026-07-19 14:26:57,495 -   Val/Test Loss:        0.202099
2026-07-19 14:26:57,496 -   Train Bal.Accuracy:   0.721472
2026-07-19 14:26:57,497 -   Val/Test Bal.Accuracy:0.724964
2026-07-19 14:26:57,498 -   Loss gap:             0.002303
2026-07-19 14:26:57,499 -   Accuracy gap:         -0.003492
2026-07-19 14:26:57,500 -   Epoch time:           1.41 sec
2026-07-19 14:26:57,501 - 
--- EPOCH 657/1000 ---
2026-07-19 14:26:57,502 - Starting epoch 657
2026-07-19 14:26:59,020 - Epoch 657 results:
2026-07-19 14:26:59,021 -   Train Loss:           0.204402
2026-07-19 14:26:59,022 -   Val/Test Loss:        0.202099
2026-07-19 14:26:59,023 -   Train Bal.Accuracy:   0.721472
2026-07-19 14:26:59,024 -   Val/Test Bal.Accuracy:0.724964
2026-07-19 14:26:59,025 -   Loss gap:             0.002303
2026-07-19 14:26:59,026 -   Accuracy gap:         -0.003492
2026-07-19 14:26:59,028 -   Epoch time:           1.52 sec
2026-07-19 14:26:59,029 - 
--- EPOCH 658/1000 ---
2026-07-19 14:26:59,030 - Starting epoch 658
2026-07-19 14:27:00,812 - Epoch 658 results:
2026-07-19 14:27:00,813 -   Train Loss:           0.204402
2026-07-19 14:27:00,814 -   Val/Test Loss:        0.202099
2026-07-19 14:27:00,815 -   Train Bal.Accuracy:   0.721472
2026-07-19 14:27:00,815 -   Val/Test Bal.Accuracy:0.724964
2026-07-19 14:27:00,816 -   Loss gap:             0.002303
2026-07-19 14:27:00,817 -   Accuracy gap:         -0.003492
2026-07-19 14:27:00,818 -   Epoch time:           1.78 sec
2026-07-19 14:27:00,819 - 
--- EPOCH 659/1000 ---
2026-07-19 14:27:00,820 - Starting epoch 659
2026-07-19 14:27:02,473 - Epoch 659 results:
2026-07-19 14:27:02,474 -   Train Loss:           0.204402
2026-07-19 14:27:02,476 -   Val/Test Loss:        0.202099
2026-07-19 14:27:02,477 -   Train Bal.Accuracy:   0.721463
2026-07-19 14:27:02,478 -   Val/Test Bal.Accuracy:0.724964
2026-07-19 14:27:02,479 -   Loss gap:             0.002303
2026-07-19 14:27:02,480 -   Accuracy gap:         -0.003501
2026-07-19 14:27:02,481 -   Epoch time:           1.65 sec
2026-07-19 14:27:02,482 - 
--- EPOCH 660/1000 ---
2026-07-19 14:27:02,483 - Starting epoch 660
2026-07-19 14:27:04,655 - Epoch 660 results:
2026-07-19 14:27:04,656 -   Train Loss:           0.204402
2026-07-19 14:27:04,657 -   Val/Test Loss:        0.202099
2026-07-19 14:27:04,658 -   Train Bal.Accuracy:   0.721464
2026-07-19 14:27:04,659 -   Val/Test Bal.Accuracy:0.724964
2026-07-19 14:27:04,660 -   Loss gap:             0.002303
2026-07-19 14:27:04,661 -   Accuracy gap:         -0.003500
2026-07-19 14:27:04,662 -   Epoch time:           2.17 sec
2026-07-19 14:27:04,663 - 
--- EPOCH 661/1000 ---
2026-07-19 14:27:04,663 - Starting epoch 661
2026-07-19 14:27:06,438 - Epoch 661 results:
2026-07-19 14:27:06,439 -   Train Loss:           0.204402
2026-07-19 14:27:06,440 -   Val/Test Loss:        0.202099
2026-07-19 14:27:06,441 -   Train Bal.Accuracy:   0.721464
2026-07-19 14:27:06,442 -   Val/Test Bal.Accuracy:0.724964
2026-07-19 14:27:06,443 -   Loss gap:             0.002303
2026-07-19 14:27:06,444 -   Accuracy gap:         -0.003500
2026-07-19 14:27:06,444 -   Epoch time:           1.78 sec
2026-07-19 14:27:06,445 - 
--- EPOCH 662/1000 ---
2026-07-19 14:27:06,446 - Starting epoch 662
2026-07-19 14:27:08,107 - Epoch 662 results:
2026-07-19 14:27:08,108 -   Train Loss:           0.204402
2026-07-19 14:27:08,109 -   Val/Test Loss:        0.202099
2026-07-19 14:27:08,111 -   Train Bal.Accuracy:   0.721464
2026-07-19 14:27:08,112 -   Val/Test Bal.Accuracy:0.724964
2026-07-19 14:27:08,113 -   Loss gap:             0.002303
2026-07-19 14:27:08,114 -   Accuracy gap:         -0.003500
2026-07-19 14:27:08,115 -   Epoch time:           1.66 sec
2026-07-19 14:27:08,116 - 
--- EPOCH 663/1000 ---
2026-07-19 14:27:08,118 - Starting epoch 663
2026-07-19 14:27:09,750 - Epoch 663 results:
2026-07-19 14:27:09,751 -   Train Loss:           0.204402
2026-07-19 14:27:09,752 -   Val/Test Loss:        0.202099
2026-07-19 14:27:09,753 -   Train Bal.Accuracy:   0.721464
2026-07-19 14:27:09,753 -   Val/Test Bal.Accuracy:0.724964
2026-07-19 14:27:09,754 -   Loss gap:             0.002303
2026-07-19 14:27:09,755 -   Accuracy gap:         -0.003500
2026-07-19 14:27:09,756 -   Epoch time:           1.63 sec
2026-07-19 14:27:09,757 - 
--- EPOCH 664/1000 ---
2026-07-19 14:27:09,758 - Starting epoch 664
2026-07-19 14:27:11,664 - Epoch 664 results:
2026-07-19 14:27:11,665 -   Train Loss:           0.204402
2026-07-19 14:27:11,666 -   Val/Test Loss:        0.202099
2026-07-19 14:27:11,667 -   Train Bal.Accuracy:   0.721464
2026-07-19 14:27:11,668 -   Val/Test Bal.Accuracy:0.724964
2026-07-19 14:27:11,670 -   Loss gap:             0.002303
2026-07-19 14:27:11,671 -   Accuracy gap:         -0.003500
2026-07-19 14:27:11,672 -   Epoch time:           1.91 sec
2026-07-19 14:27:11,673 - 
--- EPOCH 665/1000 ---
2026-07-19 14:27:11,674 - Starting epoch 665
2026-07-19 14:27:13,133 - Epoch 665 results:
2026-07-19 14:27:13,134 -   Train Loss:           0.204402
2026-07-19 14:27:13,135 -   Val/Test Loss:        0.202099
2026-07-19 14:27:13,136 -   Train Bal.Accuracy:   0.721464
2026-07-19 14:27:13,137 -   Val/Test Bal.Accuracy:0.724964
2026-07-19 14:27:13,138 -   Loss gap:             0.002303
2026-07-19 14:27:13,139 -   Accuracy gap:         -0.003500
2026-07-19 14:27:13,140 -   Epoch time:           1.46 sec
2026-07-19 14:27:13,140 - 
--- EPOCH 666/1000 ---
2026-07-19 14:27:13,141 - Starting epoch 666
2026-07-19 14:27:14,831 - Epoch 666 results:
2026-07-19 14:27:14,832 -   Train Loss:           0.204402
2026-07-19 14:27:14,833 -   Val/Test Loss:        0.202099
2026-07-19 14:27:14,834 -   Train Bal.Accuracy:   0.721464
2026-07-19 14:27:14,835 -   Val/Test Bal.Accuracy:0.724964
2026-07-19 14:27:14,836 -   Loss gap:             0.002303
2026-07-19 14:27:14,837 -   Accuracy gap:         -0.003500
2026-07-19 14:27:14,839 -   Epoch time:           1.69 sec
2026-07-19 14:27:14,839 - 
--- EPOCH 667/1000 ---
2026-07-19 14:27:14,840 - Starting epoch 667
2026-07-19 14:27:16,537 - Epoch 667 results:
2026-07-19 14:27:16,538 -   Train Loss:           0.204402
2026-07-19 14:27:16,540 -   Val/Test Loss:        0.202099
2026-07-19 14:27:16,541 -   Train Bal.Accuracy:   0.721464
2026-07-19 14:27:16,542 -   Val/Test Bal.Accuracy:0.724964
2026-07-19 14:27:16,544 -   Loss gap:             0.002303
2026-07-19 14:27:16,545 -   Accuracy gap:         -0.003500
2026-07-19 14:27:16,546 -   Epoch time:           1.70 sec
2026-07-19 14:27:16,547 - 
--- EPOCH 668/1000 ---
2026-07-19 14:27:16,549 - Starting epoch 668
2026-07-19 14:27:18,259 - Epoch 668 results:
2026-07-19 14:27:18,260 -   Train Loss:           0.204402
2026-07-19 14:27:18,261 -   Val/Test Loss:        0.202099
2026-07-19 14:27:18,262 -   Train Bal.Accuracy:   0.721464
2026-07-19 14:27:18,263 -   Val/Test Bal.Accuracy:0.724964
2026-07-19 14:27:18,264 -   Loss gap:             0.002303
2026-07-19 14:27:18,264 -   Accuracy gap:         -0.003500
2026-07-19 14:27:18,265 -   Epoch time:           1.71 sec
2026-07-19 14:27:18,266 - 
--- EPOCH 669/1000 ---
2026-07-19 14:27:18,267 - Starting epoch 669
2026-07-19 14:27:19,809 - Epoch 669 results:
2026-07-19 14:27:19,810 -   Train Loss:           0.204402
2026-07-19 14:27:19,811 -   Val/Test Loss:        0.202099
2026-07-19 14:27:19,812 -   Train Bal.Accuracy:   0.721464
2026-07-19 14:27:19,813 -   Val/Test Bal.Accuracy:0.724964
2026-07-19 14:27:19,815 -   Loss gap:             0.002303
2026-07-19 14:27:19,817 -   Accuracy gap:         -0.003500
2026-07-19 14:27:19,818 -   Epoch time:           1.54 sec
2026-07-19 14:27:19,820 - 
--- EPOCH 670/1000 ---
2026-07-19 14:27:19,821 - Starting epoch 670
2026-07-19 14:27:21,670 - Epoch 670 results:
2026-07-19 14:27:21,671 -   Train Loss:           0.204402
2026-07-19 14:27:21,672 -   Val/Test Loss:        0.202099
2026-07-19 14:27:21,673 -   Train Bal.Accuracy:   0.721464
2026-07-19 14:27:21,674 -   Val/Test Bal.Accuracy:0.724964
2026-07-19 14:27:21,674 -   Loss gap:             0.002303
2026-07-19 14:27:21,675 -   Accuracy gap:         -0.003500
2026-07-19 14:27:21,676 -   Epoch time:           1.85 sec
2026-07-19 14:27:21,677 - 
--- EPOCH 671/1000 ---
2026-07-19 14:27:21,678 - Starting epoch 671
2026-07-19 14:27:23,288 - Epoch 671 results:
2026-07-19 14:27:23,289 -   Train Loss:           0.204402
2026-07-19 14:27:23,290 -   Val/Test Loss:        0.202099
2026-07-19 14:27:23,292 -   Train Bal.Accuracy:   0.721464
2026-07-19 14:27:23,293 -   Val/Test Bal.Accuracy:0.724964
2026-07-19 14:27:23,294 -   Loss gap:             0.002303
2026-07-19 14:27:23,294 -   Accuracy gap:         -0.003500
2026-07-19 14:27:23,295 -   Epoch time:           1.61 sec
2026-07-19 14:27:23,296 - 
--- EPOCH 672/1000 ---
2026-07-19 14:27:23,297 - Starting epoch 672
2026-07-19 14:27:24,864 - Epoch 672 results:
2026-07-19 14:27:24,865 -   Train Loss:           0.204402
2026-07-19 14:27:24,866 -   Val/Test Loss:        0.202099
2026-07-19 14:27:24,868 -   Train Bal.Accuracy:   0.721464
2026-07-19 14:27:24,869 -   Val/Test Bal.Accuracy:0.724964
2026-07-19 14:27:24,870 -   Loss gap:             0.002303
2026-07-19 14:27:24,871 -   Accuracy gap:         -0.003500
2026-07-19 14:27:24,873 -   Epoch time:           1.57 sec
2026-07-19 14:27:24,874 - 
--- EPOCH 673/1000 ---
2026-07-19 14:27:24,875 - Starting epoch 673
2026-07-19 14:27:26,445 - Epoch 673 results:
2026-07-19 14:27:26,446 -   Train Loss:           0.204402
2026-07-19 14:27:26,447 -   Val/Test Loss:        0.202099
2026-07-19 14:27:26,448 -   Train Bal.Accuracy:   0.721464
2026-07-19 14:27:26,449 -   Val/Test Bal.Accuracy:0.724964
2026-07-19 14:27:26,450 -   Loss gap:             0.002303
2026-07-19 14:27:26,450 -   Accuracy gap:         -0.003500
2026-07-19 14:27:26,451 -   Epoch time:           1.57 sec
2026-07-19 14:27:26,452 - 
--- EPOCH 674/1000 ---
2026-07-19 14:27:26,453 - Starting epoch 674
2026-07-19 14:27:28,063 - Epoch 674 results:
2026-07-19 14:27:28,064 -   Train Loss:           0.204402
2026-07-19 14:27:28,064 -   Val/Test Loss:        0.202099
2026-07-19 14:27:28,065 -   Train Bal.Accuracy:   0.721464
2026-07-19 14:27:28,066 -   Val/Test Bal.Accuracy:0.724964
2026-07-19 14:27:28,067 -   Loss gap:             0.002303
2026-07-19 14:27:28,068 -   Accuracy gap:         -0.003500
2026-07-19 14:27:28,069 -   Epoch time:           1.61 sec
2026-07-19 14:27:28,069 - 
--- EPOCH 675/1000 ---
2026-07-19 14:27:28,070 - Starting epoch 675
2026-07-19 14:27:29,471 - Epoch 675 results:
2026-07-19 14:27:29,472 -   Train Loss:           0.204402
2026-07-19 14:27:29,473 -   Val/Test Loss:        0.202099
2026-07-19 14:27:29,474 -   Train Bal.Accuracy:   0.721465
2026-07-19 14:27:29,474 -   Val/Test Bal.Accuracy:0.724964
2026-07-19 14:27:29,475 -   Loss gap:             0.002303
2026-07-19 14:27:29,476 -   Accuracy gap:         -0.003499
2026-07-19 14:27:29,477 -   Epoch time:           1.40 sec
2026-07-19 14:27:29,478 - 
--- EPOCH 676/1000 ---
2026-07-19 14:27:29,478 - Starting epoch 676
2026-07-19 14:27:30,877 - Epoch 676 results:
2026-07-19 14:27:30,878 -   Train Loss:           0.204402
2026-07-19 14:27:30,879 -   Val/Test Loss:        0.202099
2026-07-19 14:27:30,880 -   Train Bal.Accuracy:   0.721465
2026-07-19 14:27:30,881 -   Val/Test Bal.Accuracy:0.724964
2026-07-19 14:27:30,882 -   Loss gap:             0.002303
2026-07-19 14:27:30,883 -   Accuracy gap:         -0.003499
2026-07-19 14:27:30,884 -   Epoch time:           1.40 sec
2026-07-19 14:27:30,884 - 
--- EPOCH 677/1000 ---
2026-07-19 14:27:30,886 - Starting epoch 677
2026-07-19 14:27:32,752 - Epoch 677 results:
2026-07-19 14:27:32,753 -   Train Loss:           0.204402
2026-07-19 14:27:32,754 -   Val/Test Loss:        0.202099
2026-07-19 14:27:32,756 -   Train Bal.Accuracy:   0.721465
2026-07-19 14:27:32,756 -   Val/Test Bal.Accuracy:0.724964
2026-07-19 14:27:32,757 -   Loss gap:             0.002303
2026-07-19 14:27:32,758 -   Accuracy gap:         -0.003499
2026-07-19 14:27:32,759 -   Epoch time:           1.87 sec
2026-07-19 14:27:32,760 - 
--- EPOCH 678/1000 ---
2026-07-19 14:27:32,761 - Starting epoch 678
2026-07-19 14:27:34,340 - Epoch 678 results:
2026-07-19 14:27:34,341 -   Train Loss:           0.204402
2026-07-19 14:27:34,343 -   Val/Test Loss:        0.202099
2026-07-19 14:27:34,344 -   Train Bal.Accuracy:   0.721465
2026-07-19 14:27:34,344 -   Val/Test Bal.Accuracy:0.724964
2026-07-19 14:27:34,345 -   Loss gap:             0.002303
2026-07-19 14:27:34,346 -   Accuracy gap:         -0.003499
2026-07-19 14:27:34,347 -   Epoch time:           1.58 sec
2026-07-19 14:27:34,348 - 
--- EPOCH 679/1000 ---
2026-07-19 14:27:34,349 - Starting epoch 679
2026-07-19 14:27:35,799 - Epoch 679 results:
2026-07-19 14:27:35,800 -   Train Loss:           0.204402
2026-07-19 14:27:35,801 -   Val/Test Loss:        0.202099
2026-07-19 14:27:35,803 -   Train Bal.Accuracy:   0.721465
2026-07-19 14:27:35,804 -   Val/Test Bal.Accuracy:0.724964
2026-07-19 14:27:35,804 -   Loss gap:             0.002303
2026-07-19 14:27:35,805 -   Accuracy gap:         -0.003499
2026-07-19 14:27:35,806 -   Epoch time:           1.45 sec
2026-07-19 14:27:35,807 - 
--- EPOCH 680/1000 ---
2026-07-19 14:27:35,808 - Starting epoch 680
2026-07-19 14:27:37,158 - Epoch 680 results:
2026-07-19 14:27:37,159 -   Train Loss:           0.204402
2026-07-19 14:27:37,160 -   Val/Test Loss:        0.202099
2026-07-19 14:27:37,161 -   Train Bal.Accuracy:   0.721465
2026-07-19 14:27:37,161 -   Val/Test Bal.Accuracy:0.724993
2026-07-19 14:27:37,163 -   Loss gap:             0.002303
2026-07-19 14:27:37,164 -   Accuracy gap:         -0.003528
2026-07-19 14:27:37,164 -   Epoch time:           1.35 sec
2026-07-19 14:27:37,165 - 
--- EPOCH 681/1000 ---
2026-07-19 14:27:37,167 - Starting epoch 681
2026-07-19 14:27:38,819 - Epoch 681 results:
2026-07-19 14:27:38,820 -   Train Loss:           0.204402
2026-07-19 14:27:38,821 -   Val/Test Loss:        0.202099
2026-07-19 14:27:38,822 -   Train Bal.Accuracy:   0.721465
2026-07-19 14:27:38,824 -   Val/Test Bal.Accuracy:0.724993
2026-07-19 14:27:38,825 -   Loss gap:             0.002303
2026-07-19 14:27:38,826 -   Accuracy gap:         -0.003528
2026-07-19 14:27:38,828 -   Epoch time:           1.65 sec
2026-07-19 14:27:38,829 - 
--- EPOCH 682/1000 ---
2026-07-19 14:27:38,830 - Starting epoch 682
2026-07-19 14:27:40,460 - Epoch 682 results:
2026-07-19 14:27:40,461 -   Train Loss:           0.204402
2026-07-19 14:27:40,462 -   Val/Test Loss:        0.202099
2026-07-19 14:27:40,463 -   Train Bal.Accuracy:   0.721465
2026-07-19 14:27:40,464 -   Val/Test Bal.Accuracy:0.724993
2026-07-19 14:27:40,467 -   Loss gap:             0.002303
2026-07-19 14:27:40,468 -   Accuracy gap:         -0.003528
2026-07-19 14:27:40,469 -   Epoch time:           1.63 sec
2026-07-19 14:27:40,470 - 
--- EPOCH 683/1000 ---
2026-07-19 14:27:40,471 - Starting epoch 683
2026-07-19 14:27:42,110 - Epoch 683 results:
2026-07-19 14:27:42,112 -   Train Loss:           0.204402
2026-07-19 14:27:42,112 -   Val/Test Loss:        0.202099
2026-07-19 14:27:42,113 -   Train Bal.Accuracy:   0.721465
2026-07-19 14:27:42,114 -   Val/Test Bal.Accuracy:0.724993
2026-07-19 14:27:42,115 -   Loss gap:             0.002303
2026-07-19 14:27:42,116 -   Accuracy gap:         -0.003528
2026-07-19 14:27:42,117 -   Epoch time:           1.64 sec
2026-07-19 14:27:42,118 - 
--- EPOCH 684/1000 ---
2026-07-19 14:27:42,119 - Starting epoch 684
2026-07-19 14:27:43,606 - Epoch 684 results:
2026-07-19 14:27:43,607 -   Train Loss:           0.204402
2026-07-19 14:27:43,608 -   Val/Test Loss:        0.202099
2026-07-19 14:27:43,609 -   Train Bal.Accuracy:   0.721465
2026-07-19 14:27:43,609 -   Val/Test Bal.Accuracy:0.724993
2026-07-19 14:27:43,610 -   Loss gap:             0.002303
2026-07-19 14:27:43,611 -   Accuracy gap:         -0.003528
2026-07-19 14:27:43,612 -   Epoch time:           1.49 sec
2026-07-19 14:27:43,613 - 
--- EPOCH 685/1000 ---
2026-07-19 14:27:43,613 - Starting epoch 685
2026-07-19 14:27:45,272 - Epoch 685 results:
2026-07-19 14:27:45,273 -   Train Loss:           0.204402
2026-07-19 14:27:45,274 -   Val/Test Loss:        0.202099
2026-07-19 14:27:45,275 -   Train Bal.Accuracy:   0.721465
2026-07-19 14:27:45,276 -   Val/Test Bal.Accuracy:0.724993
2026-07-19 14:27:45,277 -   Loss gap:             0.002303
2026-07-19 14:27:45,277 -   Accuracy gap:         -0.003528
2026-07-19 14:27:45,279 -   Epoch time:           1.66 sec
2026-07-19 14:27:45,279 - 
--- EPOCH 686/1000 ---
2026-07-19 14:27:45,280 - Starting epoch 686
2026-07-19 14:27:46,915 - Epoch 686 results:
2026-07-19 14:27:46,916 -   Train Loss:           0.204402
2026-07-19 14:27:46,917 -   Val/Test Loss:        0.202099
2026-07-19 14:27:46,918 -   Train Bal.Accuracy:   0.721465
2026-07-19 14:27:46,919 -   Val/Test Bal.Accuracy:0.724993
2026-07-19 14:27:46,920 -   Loss gap:             0.002303
2026-07-19 14:27:46,921 -   Accuracy gap:         -0.003528
2026-07-19 14:27:46,922 -   Epoch time:           1.64 sec
2026-07-19 14:27:46,923 - 
--- EPOCH 687/1000 ---
2026-07-19 14:27:46,924 - Starting epoch 687
2026-07-19 14:27:48,688 - Epoch 687 results:
2026-07-19 14:27:48,690 -   Train Loss:           0.204402
2026-07-19 14:27:48,691 -   Val/Test Loss:        0.202099
2026-07-19 14:27:48,692 -   Train Bal.Accuracy:   0.721465
2026-07-19 14:27:48,692 -   Val/Test Bal.Accuracy:0.724993
2026-07-19 14:27:48,693 -   Loss gap:             0.002303
2026-07-19 14:27:48,694 -   Accuracy gap:         -0.003528
2026-07-19 14:27:48,696 -   Epoch time:           1.77 sec
2026-07-19 14:27:48,697 - 
--- EPOCH 688/1000 ---
2026-07-19 14:27:48,698 - Starting epoch 688
2026-07-19 14:27:50,579 - Epoch 688 results:
2026-07-19 14:27:50,580 -   Train Loss:           0.204402
2026-07-19 14:27:50,581 -   Val/Test Loss:        0.202099
2026-07-19 14:27:50,582 -   Train Bal.Accuracy:   0.721465
2026-07-19 14:27:50,583 -   Val/Test Bal.Accuracy:0.724993
2026-07-19 14:27:50,584 -   Loss gap:             0.002303
2026-07-19 14:27:50,585 -   Accuracy gap:         -0.003528
2026-07-19 14:27:50,586 -   Epoch time:           1.88 sec
2026-07-19 14:27:50,587 - 
--- EPOCH 689/1000 ---
2026-07-19 14:27:50,588 - Starting epoch 689
2026-07-19 14:27:52,226 - Epoch 689 results:
2026-07-19 14:27:52,227 -   Train Loss:           0.204402
2026-07-19 14:27:52,228 -   Val/Test Loss:        0.202099
2026-07-19 14:27:52,229 -   Train Bal.Accuracy:   0.721465
2026-07-19 14:27:52,230 -   Val/Test Bal.Accuracy:0.724993
2026-07-19 14:27:52,232 -   Loss gap:             0.002303
2026-07-19 14:27:52,233 -   Accuracy gap:         -0.003528
2026-07-19 14:27:52,234 -   Epoch time:           1.64 sec
2026-07-19 14:27:52,235 - 
--- EPOCH 690/1000 ---
2026-07-19 14:27:52,236 - Starting epoch 690
2026-07-19 14:27:53,886 - Epoch 690 results:
2026-07-19 14:27:53,887 -   Train Loss:           0.204402
2026-07-19 14:27:53,888 -   Val/Test Loss:        0.202099
2026-07-19 14:27:53,889 -   Train Bal.Accuracy:   0.721465
2026-07-19 14:27:53,890 -   Val/Test Bal.Accuracy:0.724993
2026-07-19 14:27:53,891 -   Loss gap:             0.002303
2026-07-19 14:27:53,892 -   Accuracy gap:         -0.003528
2026-07-19 14:27:53,893 -   Epoch time:           1.65 sec
2026-07-19 14:27:53,894 - 
--- EPOCH 691/1000 ---
2026-07-19 14:27:53,895 - Starting epoch 691
2026-07-19 14:27:55,544 - Epoch 691 results:
2026-07-19 14:27:55,545 -   Train Loss:           0.204402
2026-07-19 14:27:55,546 -   Val/Test Loss:        0.202099
2026-07-19 14:27:55,547 -   Train Bal.Accuracy:   0.721465
2026-07-19 14:27:55,548 -   Val/Test Bal.Accuracy:0.724993
2026-07-19 14:27:55,549 -   Loss gap:             0.002303
2026-07-19 14:27:55,550 -   Accuracy gap:         -0.003528
2026-07-19 14:27:55,551 -   Epoch time:           1.65 sec
2026-07-19 14:27:55,551 - 
--- EPOCH 692/1000 ---
2026-07-19 14:27:55,553 - Starting epoch 692
2026-07-19 14:27:57,257 - Epoch 692 results:
2026-07-19 14:27:57,258 -   Train Loss:           0.204402
2026-07-19 14:27:57,259 -   Val/Test Loss:        0.202099
2026-07-19 14:27:57,261 -   Train Bal.Accuracy:   0.721465
2026-07-19 14:27:57,262 -   Val/Test Bal.Accuracy:0.724993
2026-07-19 14:27:57,263 -   Loss gap:             0.002303
2026-07-19 14:27:57,264 -   Accuracy gap:         -0.003528
2026-07-19 14:27:57,264 -   Epoch time:           1.71 sec
2026-07-19 14:27:57,265 - 
--- EPOCH 693/1000 ---
2026-07-19 14:27:57,266 - Starting epoch 693
2026-07-19 14:27:58,746 - Epoch 693 results:
2026-07-19 14:27:58,747 -   Train Loss:           0.204402
2026-07-19 14:27:58,748 -   Val/Test Loss:        0.202099
2026-07-19 14:27:58,749 -   Train Bal.Accuracy:   0.721465
2026-07-19 14:27:58,749 -   Val/Test Bal.Accuracy:0.724993
2026-07-19 14:27:58,750 -   Loss gap:             0.002303
2026-07-19 14:27:58,751 -   Accuracy gap:         -0.003528
2026-07-19 14:27:58,752 -   Epoch time:           1.48 sec
2026-07-19 14:27:58,753 - 
--- EPOCH 694/1000 ---
2026-07-19 14:27:58,754 - Starting epoch 694
2026-07-19 14:28:00,247 - Epoch 694 results:
2026-07-19 14:28:00,248 -   Train Loss:           0.204402
2026-07-19 14:28:00,249 -   Val/Test Loss:        0.202099
2026-07-19 14:28:00,250 -   Train Bal.Accuracy:   0.721465
2026-07-19 14:28:00,251 -   Val/Test Bal.Accuracy:0.724993
2026-07-19 14:28:00,252 -   Loss gap:             0.002303
2026-07-19 14:28:00,253 -   Accuracy gap:         -0.003528
2026-07-19 14:28:00,254 -   Epoch time:           1.49 sec
2026-07-19 14:28:00,255 - 
--- EPOCH 695/1000 ---
2026-07-19 14:28:00,256 - Starting epoch 695
2026-07-19 14:28:01,759 - Epoch 695 results:
2026-07-19 14:28:01,760 -   Train Loss:           0.204402
2026-07-19 14:28:01,761 -   Val/Test Loss:        0.202099
2026-07-19 14:28:01,762 -   Train Bal.Accuracy:   0.721465
2026-07-19 14:28:01,763 -   Val/Test Bal.Accuracy:0.724993
2026-07-19 14:28:01,763 -   Loss gap:             0.002303
2026-07-19 14:28:01,764 -   Accuracy gap:         -0.003528
2026-07-19 14:28:01,765 -   Epoch time:           1.50 sec
2026-07-19 14:28:01,766 - 
--- EPOCH 696/1000 ---
2026-07-19 14:28:01,767 - Starting epoch 696
2026-07-19 14:28:03,261 - Epoch 696 results:
2026-07-19 14:28:03,262 -   Train Loss:           0.204402
2026-07-19 14:28:03,263 -   Val/Test Loss:        0.202099
2026-07-19 14:28:03,264 -   Train Bal.Accuracy:   0.721465
2026-07-19 14:28:03,264 -   Val/Test Bal.Accuracy:0.724993
2026-07-19 14:28:03,265 -   Loss gap:             0.002303
2026-07-19 14:28:03,266 -   Accuracy gap:         -0.003528
2026-07-19 14:28:03,267 -   Epoch time:           1.49 sec
2026-07-19 14:28:03,268 - 
--- EPOCH 697/1000 ---
2026-07-19 14:28:03,269 - Starting epoch 697
2026-07-19 14:28:04,782 - Epoch 697 results:
2026-07-19 14:28:04,783 -   Train Loss:           0.204402
2026-07-19 14:28:04,784 -   Val/Test Loss:        0.202099
2026-07-19 14:28:04,786 -   Train Bal.Accuracy:   0.721465
2026-07-19 14:28:04,787 -   Val/Test Bal.Accuracy:0.724993
2026-07-19 14:28:04,788 -   Loss gap:             0.002303
2026-07-19 14:28:04,789 -   Accuracy gap:         -0.003528
2026-07-19 14:28:04,790 -   Epoch time:           1.51 sec
2026-07-19 14:28:04,791 - 
--- EPOCH 698/1000 ---
2026-07-19 14:28:04,791 - Starting epoch 698
2026-07-19 14:28:06,240 - Epoch 698 results:
2026-07-19 14:28:06,241 -   Train Loss:           0.204402
2026-07-19 14:28:06,242 -   Val/Test Loss:        0.202099
2026-07-19 14:28:06,243 -   Train Bal.Accuracy:   0.721465
2026-07-19 14:28:06,244 -   Val/Test Bal.Accuracy:0.724993
2026-07-19 14:28:06,245 -   Loss gap:             0.002303
2026-07-19 14:28:06,246 -   Accuracy gap:         -0.003528
2026-07-19 14:28:06,247 -   Epoch time:           1.45 sec
2026-07-19 14:28:06,247 - 
--- EPOCH 699/1000 ---
2026-07-19 14:28:06,248 - Starting epoch 699
2026-07-19 14:28:07,703 - Epoch 699 results:
2026-07-19 14:28:07,705 -   Train Loss:           0.204402
2026-07-19 14:28:07,705 -   Val/Test Loss:        0.202099
2026-07-19 14:28:07,706 -   Train Bal.Accuracy:   0.721465
2026-07-19 14:28:07,707 -   Val/Test Bal.Accuracy:0.725012
2026-07-19 14:28:07,708 -   Loss gap:             0.002303
2026-07-19 14:28:07,709 -   Accuracy gap:         -0.003548
2026-07-19 14:28:07,710 -   Epoch time:           1.46 sec
2026-07-19 14:28:07,711 - 
--- EPOCH 700/1000 ---
2026-07-19 14:28:07,712 - Starting epoch 700
2026-07-19 14:28:09,210 - Epoch 700 results:
2026-07-19 14:28:09,211 -   Train Loss:           0.204402
2026-07-19 14:28:09,212 -   Val/Test Loss:        0.202099
2026-07-19 14:28:09,213 -   Train Bal.Accuracy:   0.721465
2026-07-19 14:28:09,214 -   Val/Test Bal.Accuracy:0.725012
2026-07-19 14:28:09,215 -   Loss gap:             0.002303
2026-07-19 14:28:09,216 -   Accuracy gap:         -0.003548
2026-07-19 14:28:09,218 -   Epoch time:           1.50 sec
2026-07-19 14:28:09,219 - 
--- EPOCH 701/1000 ---
2026-07-19 14:28:09,220 - Starting epoch 701
2026-07-19 14:28:10,674 - Epoch 701 results:
2026-07-19 14:28:10,675 -   Train Loss:           0.204402
2026-07-19 14:28:10,676 -   Val/Test Loss:        0.202099
2026-07-19 14:28:10,676 -   Train Bal.Accuracy:   0.721465
2026-07-19 14:28:10,677 -   Val/Test Bal.Accuracy:0.725012
2026-07-19 14:28:10,678 -   Loss gap:             0.002303
2026-07-19 14:28:10,679 -   Accuracy gap:         -0.003548
2026-07-19 14:28:10,680 -   Epoch time:           1.46 sec
2026-07-19 14:28:10,681 - 
--- EPOCH 702/1000 ---
2026-07-19 14:28:10,681 - Starting epoch 702
2026-07-19 14:28:12,170 - Epoch 702 results:
2026-07-19 14:28:12,172 -   Train Loss:           0.204402
2026-07-19 14:28:12,172 -   Val/Test Loss:        0.202099
2026-07-19 14:28:12,173 -   Train Bal.Accuracy:   0.721465
2026-07-19 14:28:12,174 -   Val/Test Bal.Accuracy:0.725012
2026-07-19 14:28:12,175 -   Loss gap:             0.002303
2026-07-19 14:28:12,176 -   Accuracy gap:         -0.003548
2026-07-19 14:28:12,177 -   Epoch time:           1.49 sec
2026-07-19 14:28:12,178 - 
--- EPOCH 703/1000 ---
2026-07-19 14:28:12,179 - Starting epoch 703
2026-07-19 14:28:13,841 - Epoch 703 results:
2026-07-19 14:28:13,842 -   Train Loss:           0.204402
2026-07-19 14:28:13,843 -   Val/Test Loss:        0.202099
2026-07-19 14:28:13,844 -   Train Bal.Accuracy:   0.721465
2026-07-19 14:28:13,845 -   Val/Test Bal.Accuracy:0.725012
2026-07-19 14:28:13,846 -   Loss gap:             0.002303
2026-07-19 14:28:13,847 -   Accuracy gap:         -0.003548
2026-07-19 14:28:13,848 -   Epoch time:           1.66 sec
2026-07-19 14:28:13,848 - 
--- EPOCH 704/1000 ---
2026-07-19 14:28:13,849 - Starting epoch 704
2026-07-19 14:28:15,393 - Epoch 704 results:
2026-07-19 14:28:15,394 -   Train Loss:           0.204402
2026-07-19 14:28:15,395 -   Val/Test Loss:        0.202099
2026-07-19 14:28:15,396 -   Train Bal.Accuracy:   0.721465
2026-07-19 14:28:15,397 -   Val/Test Bal.Accuracy:0.725012
2026-07-19 14:28:15,397 -   Loss gap:             0.002303
2026-07-19 14:28:15,398 -   Accuracy gap:         -0.003548
2026-07-19 14:28:15,400 -   Epoch time:           1.54 sec
2026-07-19 14:28:15,401 - 
--- EPOCH 705/1000 ---
2026-07-19 14:28:15,402 - Starting epoch 705
2026-07-19 14:28:16,899 - Epoch 705 results:
2026-07-19 14:28:16,900 -   Train Loss:           0.204402
2026-07-19 14:28:16,901 -   Val/Test Loss:        0.202099
2026-07-19 14:28:16,902 -   Train Bal.Accuracy:   0.721465
2026-07-19 14:28:16,903 -   Val/Test Bal.Accuracy:0.725012
2026-07-19 14:28:16,904 -   Loss gap:             0.002303
2026-07-19 14:28:16,905 -   Accuracy gap:         -0.003548
2026-07-19 14:28:16,905 -   Epoch time:           1.50 sec
2026-07-19 14:28:16,906 - 
--- EPOCH 706/1000 ---
2026-07-19 14:28:16,907 - Starting epoch 706
2026-07-19 14:28:18,476 - Epoch 706 results:
2026-07-19 14:28:18,478 -   Train Loss:           0.204402
2026-07-19 14:28:18,478 -   Val/Test Loss:        0.202099
2026-07-19 14:28:18,480 -   Train Bal.Accuracy:   0.721464
2026-07-19 14:28:18,481 -   Val/Test Bal.Accuracy:0.725012
2026-07-19 14:28:18,482 -   Loss gap:             0.002303
2026-07-19 14:28:18,482 -   Accuracy gap:         -0.003548
2026-07-19 14:28:18,483 -   Epoch time:           1.57 sec
2026-07-19 14:28:18,484 - 
--- EPOCH 707/1000 ---
2026-07-19 14:28:18,486 - Starting epoch 707
2026-07-19 14:28:20,164 - Epoch 707 results:
2026-07-19 14:28:20,166 -   Train Loss:           0.204401
2026-07-19 14:28:20,167 -   Val/Test Loss:        0.202099
2026-07-19 14:28:20,168 -   Train Bal.Accuracy:   0.721476
2026-07-19 14:28:20,170 -   Val/Test Bal.Accuracy:0.725012
2026-07-19 14:28:20,172 -   Loss gap:             0.002303
2026-07-19 14:28:20,174 -   Accuracy gap:         -0.003536
2026-07-19 14:28:20,177 -   Epoch time:           1.68 sec
2026-07-19 14:28:20,178 - 
--- EPOCH 708/1000 ---
2026-07-19 14:28:20,180 - Starting epoch 708
2026-07-19 14:28:22,236 - Epoch 708 results:
2026-07-19 14:28:22,237 -   Train Loss:           0.204401
2026-07-19 14:28:22,238 -   Val/Test Loss:        0.202099
2026-07-19 14:28:22,239 -   Train Bal.Accuracy:   0.721476
2026-07-19 14:28:22,240 -   Val/Test Bal.Accuracy:0.725012
2026-07-19 14:28:22,241 -   Loss gap:             0.002303
2026-07-19 14:28:22,242 -   Accuracy gap:         -0.003536
2026-07-19 14:28:22,243 -   Epoch time:           2.06 sec
2026-07-19 14:28:22,244 - 
--- EPOCH 709/1000 ---
2026-07-19 14:28:22,245 - Starting epoch 709
2026-07-19 14:28:23,988 - Epoch 709 results:
2026-07-19 14:28:23,989 -   Train Loss:           0.204401
2026-07-19 14:28:23,990 -   Val/Test Loss:        0.202099
2026-07-19 14:28:23,991 -   Train Bal.Accuracy:   0.721476
2026-07-19 14:28:23,992 -   Val/Test Bal.Accuracy:0.725012
2026-07-19 14:28:23,993 -   Loss gap:             0.002303
2026-07-19 14:28:23,994 -   Accuracy gap:         -0.003536
2026-07-19 14:28:23,995 -   Epoch time:           1.74 sec
2026-07-19 14:28:23,995 - 
--- EPOCH 710/1000 ---
2026-07-19 14:28:23,996 - Starting epoch 710
2026-07-19 14:28:25,684 - Epoch 710 results:
2026-07-19 14:28:25,686 -   Train Loss:           0.204401
2026-07-19 14:28:25,687 -   Val/Test Loss:        0.202099
2026-07-19 14:28:25,688 -   Train Bal.Accuracy:   0.721476
2026-07-19 14:28:25,690 -   Val/Test Bal.Accuracy:0.725012
2026-07-19 14:28:25,691 -   Loss gap:             0.002303
2026-07-19 14:28:25,692 -   Accuracy gap:         -0.003536
2026-07-19 14:28:25,693 -   Epoch time:           1.69 sec
2026-07-19 14:28:25,693 - 
--- EPOCH 711/1000 ---
2026-07-19 14:28:25,694 - Starting epoch 711
2026-07-19 14:28:27,844 - Epoch 711 results:
2026-07-19 14:28:27,845 -   Train Loss:           0.204401
2026-07-19 14:28:27,846 -   Val/Test Loss:        0.202099
2026-07-19 14:28:27,847 -   Train Bal.Accuracy:   0.721476
2026-07-19 14:28:27,848 -   Val/Test Bal.Accuracy:0.725012
2026-07-19 14:28:27,849 -   Loss gap:             0.002303
2026-07-19 14:28:27,850 -   Accuracy gap:         -0.003536
2026-07-19 14:28:27,851 -   Epoch time:           2.15 sec
2026-07-19 14:28:27,852 - 
--- EPOCH 712/1000 ---
2026-07-19 14:28:27,853 - Starting epoch 712
2026-07-19 14:28:29,525 - Epoch 712 results:
2026-07-19 14:28:29,526 -   Train Loss:           0.204401
2026-07-19 14:28:29,527 -   Val/Test Loss:        0.202099
2026-07-19 14:28:29,528 -   Train Bal.Accuracy:   0.721476
2026-07-19 14:28:29,529 -   Val/Test Bal.Accuracy:0.725012
2026-07-19 14:28:29,529 -   Loss gap:             0.002303
2026-07-19 14:28:29,530 -   Accuracy gap:         -0.003536
2026-07-19 14:28:29,531 -   Epoch time:           1.67 sec
2026-07-19 14:28:29,532 - 
--- EPOCH 713/1000 ---
2026-07-19 14:28:29,533 - Starting epoch 713
2026-07-19 14:28:30,873 - Epoch 713 results:
2026-07-19 14:28:30,874 -   Train Loss:           0.204401
2026-07-19 14:28:30,875 -   Val/Test Loss:        0.202099
2026-07-19 14:28:30,875 -   Train Bal.Accuracy:   0.721476
2026-07-19 14:28:30,876 -   Val/Test Bal.Accuracy:0.725012
2026-07-19 14:28:30,877 -   Loss gap:             0.002303
2026-07-19 14:28:30,878 -   Accuracy gap:         -0.003536
2026-07-19 14:28:30,878 -   Epoch time:           1.34 sec
2026-07-19 14:28:30,879 - 
--- EPOCH 714/1000 ---
2026-07-19 14:28:30,880 - Starting epoch 714
2026-07-19 14:28:32,259 - Epoch 714 results:
2026-07-19 14:28:32,260 -   Train Loss:           0.204401
2026-07-19 14:28:32,261 -   Val/Test Loss:        0.202099
2026-07-19 14:28:32,261 -   Train Bal.Accuracy:   0.721468
2026-07-19 14:28:32,262 -   Val/Test Bal.Accuracy:0.725012
2026-07-19 14:28:32,263 -   Loss gap:             0.002303
2026-07-19 14:28:32,264 -   Accuracy gap:         -0.003545
2026-07-19 14:28:32,265 -   Epoch time:           1.38 sec
2026-07-19 14:28:32,266 - 
--- EPOCH 715/1000 ---
2026-07-19 14:28:32,267 - Starting epoch 715
2026-07-19 14:28:33,749 - Epoch 715 results:
2026-07-19 14:28:33,750 -   Train Loss:           0.204401
2026-07-19 14:28:33,751 -   Val/Test Loss:        0.202099
2026-07-19 14:28:33,752 -   Train Bal.Accuracy:   0.721468
2026-07-19 14:28:33,753 -   Val/Test Bal.Accuracy:0.725012
2026-07-19 14:28:33,754 -   Loss gap:             0.002303
2026-07-19 14:28:33,755 -   Accuracy gap:         -0.003544
2026-07-19 14:28:33,757 -   Epoch time:           1.48 sec
2026-07-19 14:28:33,758 - 
--- EPOCH 716/1000 ---
2026-07-19 14:28:33,759 - Starting epoch 716
2026-07-19 14:28:35,142 - Epoch 716 results:
2026-07-19 14:28:35,143 -   Train Loss:           0.204401
2026-07-19 14:28:35,144 -   Val/Test Loss:        0.202099
2026-07-19 14:28:35,145 -   Train Bal.Accuracy:   0.721468
2026-07-19 14:28:35,145 -   Val/Test Bal.Accuracy:0.725012
2026-07-19 14:28:35,146 -   Loss gap:             0.002303
2026-07-19 14:28:35,147 -   Accuracy gap:         -0.003544
2026-07-19 14:28:35,148 -   Epoch time:           1.38 sec
2026-07-19 14:28:35,150 - 
--- EPOCH 717/1000 ---
2026-07-19 14:28:35,151 - Starting epoch 717
2026-07-19 14:28:36,783 - Epoch 717 results:
2026-07-19 14:28:36,784 -   Train Loss:           0.204401
2026-07-19 14:28:36,785 -   Val/Test Loss:        0.202099
2026-07-19 14:28:36,786 -   Train Bal.Accuracy:   0.721468
2026-07-19 14:28:36,787 -   Val/Test Bal.Accuracy:0.725012
2026-07-19 14:28:36,789 -   Loss gap:             0.002303
2026-07-19 14:28:36,789 -   Accuracy gap:         -0.003544
2026-07-19 14:28:36,790 -   Epoch time:           1.63 sec
2026-07-19 14:28:36,791 - 
--- EPOCH 718/1000 ---
2026-07-19 14:28:36,792 - Starting epoch 718
2026-07-19 14:28:38,367 - Epoch 718 results:
2026-07-19 14:28:38,368 -   Train Loss:           0.204401
2026-07-19 14:28:38,369 -   Val/Test Loss:        0.202099
2026-07-19 14:28:38,370 -   Train Bal.Accuracy:   0.721468
2026-07-19 14:28:38,371 -   Val/Test Bal.Accuracy:0.725012
2026-07-19 14:28:38,372 -   Loss gap:             0.002303
2026-07-19 14:28:38,373 -   Accuracy gap:         -0.003544
2026-07-19 14:28:38,374 -   Epoch time:           1.58 sec
2026-07-19 14:28:38,375 - 
--- EPOCH 719/1000 ---
2026-07-19 14:28:38,377 - Starting epoch 719
2026-07-19 14:28:40,023 - Epoch 719 results:
2026-07-19 14:28:40,024 -   Train Loss:           0.204401
2026-07-19 14:28:40,025 -   Val/Test Loss:        0.202099
2026-07-19 14:28:40,026 -   Train Bal.Accuracy:   0.721481
2026-07-19 14:28:40,027 -   Val/Test Bal.Accuracy:0.725012
2026-07-19 14:28:40,028 -   Loss gap:             0.002303
2026-07-19 14:28:40,029 -   Accuracy gap:         -0.003532
2026-07-19 14:28:40,030 -   Epoch time:           1.65 sec
2026-07-19 14:28:40,030 - 
--- EPOCH 720/1000 ---
2026-07-19 14:28:40,031 - Starting epoch 720
2026-07-19 14:28:41,483 - Epoch 720 results:
2026-07-19 14:28:41,484 -   Train Loss:           0.204401
2026-07-19 14:28:41,485 -   Val/Test Loss:        0.202099
2026-07-19 14:28:41,487 -   Train Bal.Accuracy:   0.721481
2026-07-19 14:28:41,488 -   Val/Test Bal.Accuracy:0.725012
2026-07-19 14:28:41,488 -   Loss gap:             0.002303
2026-07-19 14:28:41,489 -   Accuracy gap:         -0.003532
2026-07-19 14:28:41,490 -   Epoch time:           1.45 sec
2026-07-19 14:28:41,491 - 
--- EPOCH 721/1000 ---
2026-07-19 14:28:41,492 - Starting epoch 721
2026-07-19 14:28:42,792 - Epoch 721 results:
2026-07-19 14:28:42,793 -   Train Loss:           0.204401
2026-07-19 14:28:42,793 -   Val/Test Loss:        0.202099
2026-07-19 14:28:42,795 -   Train Bal.Accuracy:   0.721481
2026-07-19 14:28:42,795 -   Val/Test Bal.Accuracy:0.725012
2026-07-19 14:28:42,796 -   Loss gap:             0.002303
2026-07-19 14:28:42,797 -   Accuracy gap:         -0.003532
2026-07-19 14:28:42,797 -   Epoch time:           1.30 sec
2026-07-19 14:28:42,798 - 
--- EPOCH 722/1000 ---
2026-07-19 14:28:42,799 - Starting epoch 722
2026-07-19 14:28:44,290 - Epoch 722 results:
2026-07-19 14:28:44,291 -   Train Loss:           0.204401
2026-07-19 14:28:44,292 -   Val/Test Loss:        0.202099
2026-07-19 14:28:44,293 -   Train Bal.Accuracy:   0.721481
2026-07-19 14:28:44,294 -   Val/Test Bal.Accuracy:0.725012
2026-07-19 14:28:44,295 -   Loss gap:             0.002303
2026-07-19 14:28:44,296 -   Accuracy gap:         -0.003532
2026-07-19 14:28:44,297 -   Epoch time:           1.49 sec
2026-07-19 14:28:44,298 - 
--- EPOCH 723/1000 ---
2026-07-19 14:28:44,299 - Starting epoch 723
2026-07-19 14:28:45,853 - Epoch 723 results:
2026-07-19 14:28:45,854 -   Train Loss:           0.204401
2026-07-19 14:28:45,855 -   Val/Test Loss:        0.202099
2026-07-19 14:28:45,857 -   Train Bal.Accuracy:   0.721481
2026-07-19 14:28:45,858 -   Val/Test Bal.Accuracy:0.725012
2026-07-19 14:28:45,859 -   Loss gap:             0.002303
2026-07-19 14:28:45,860 -   Accuracy gap:         -0.003532
2026-07-19 14:28:45,861 -   Epoch time:           1.55 sec
2026-07-19 14:28:45,862 - 
--- EPOCH 724/1000 ---
2026-07-19 14:28:45,863 - Starting epoch 724
2026-07-19 14:28:47,530 - Epoch 724 results:
2026-07-19 14:28:47,531 -   Train Loss:           0.204401
2026-07-19 14:28:47,532 -   Val/Test Loss:        0.202099
2026-07-19 14:28:47,533 -   Train Bal.Accuracy:   0.721481
2026-07-19 14:28:47,534 -   Val/Test Bal.Accuracy:0.725012
2026-07-19 14:28:47,535 -   Loss gap:             0.002303
2026-07-19 14:28:47,536 -   Accuracy gap:         -0.003532
2026-07-19 14:28:47,537 -   Epoch time:           1.67 sec
2026-07-19 14:28:47,537 - 
--- EPOCH 725/1000 ---
2026-07-19 14:28:47,538 - Starting epoch 725
2026-07-19 14:28:49,038 - Epoch 725 results:
2026-07-19 14:28:49,039 -   Train Loss:           0.204401
2026-07-19 14:28:49,040 -   Val/Test Loss:        0.202099
2026-07-19 14:28:49,041 -   Train Bal.Accuracy:   0.721481
2026-07-19 14:28:49,041 -   Val/Test Bal.Accuracy:0.725012
2026-07-19 14:28:49,042 -   Loss gap:             0.002303
2026-07-19 14:28:49,043 -   Accuracy gap:         -0.003532
2026-07-19 14:28:49,044 -   Epoch time:           1.50 sec
2026-07-19 14:28:49,044 - 
--- EPOCH 726/1000 ---
2026-07-19 14:28:49,045 - Starting epoch 726
2026-07-19 14:28:50,510 - Epoch 726 results:
2026-07-19 14:28:50,511 -   Train Loss:           0.204401
2026-07-19 14:28:50,512 -   Val/Test Loss:        0.202099
2026-07-19 14:28:50,513 -   Train Bal.Accuracy:   0.721481
2026-07-19 14:28:50,514 -   Val/Test Bal.Accuracy:0.724993
2026-07-19 14:28:50,514 -   Loss gap:             0.002303
2026-07-19 14:28:50,515 -   Accuracy gap:         -0.003512
2026-07-19 14:28:50,516 -   Epoch time:           1.47 sec
2026-07-19 14:28:50,517 - 
--- EPOCH 727/1000 ---
2026-07-19 14:28:50,518 - Starting epoch 727
2026-07-19 14:28:52,036 - Epoch 727 results:
2026-07-19 14:28:52,037 -   Train Loss:           0.204401
2026-07-19 14:28:52,038 -   Val/Test Loss:        0.202099
2026-07-19 14:28:52,039 -   Train Bal.Accuracy:   0.721481
2026-07-19 14:28:52,040 -   Val/Test Bal.Accuracy:0.724993
2026-07-19 14:28:52,040 -   Loss gap:             0.002303
2026-07-19 14:28:52,041 -   Accuracy gap:         -0.003512
2026-07-19 14:28:52,042 -   Epoch time:           1.52 sec
2026-07-19 14:28:52,043 - 
--- EPOCH 728/1000 ---
2026-07-19 14:28:52,044 - Starting epoch 728
2026-07-19 14:28:53,528 - Epoch 728 results:
2026-07-19 14:28:53,529 -   Train Loss:           0.204401
2026-07-19 14:28:53,530 -   Val/Test Loss:        0.202099
2026-07-19 14:28:53,531 -   Train Bal.Accuracy:   0.721481
2026-07-19 14:28:53,532 -   Val/Test Bal.Accuracy:0.724973
2026-07-19 14:28:53,533 -   Loss gap:             0.002303
2026-07-19 14:28:53,534 -   Accuracy gap:         -0.003493
2026-07-19 14:28:53,535 -   Epoch time:           1.49 sec
2026-07-19 14:28:53,536 - 
--- EPOCH 729/1000 ---
2026-07-19 14:28:53,538 - Starting epoch 729
2026-07-19 14:28:55,080 - Epoch 729 results:
2026-07-19 14:28:55,081 -   Train Loss:           0.204401
2026-07-19 14:28:55,082 -   Val/Test Loss:        0.202099
2026-07-19 14:28:55,082 -   Train Bal.Accuracy:   0.721493
2026-07-19 14:28:55,083 -   Val/Test Bal.Accuracy:0.724973
2026-07-19 14:28:55,084 -   Loss gap:             0.002303
2026-07-19 14:28:55,085 -   Accuracy gap:         -0.003480
2026-07-19 14:28:55,086 -   Epoch time:           1.54 sec
2026-07-19 14:28:55,087 - 
--- EPOCH 730/1000 ---
2026-07-19 14:28:55,089 - Starting epoch 730
2026-07-19 14:28:56,987 - Epoch 730 results:
2026-07-19 14:28:56,988 -   Train Loss:           0.204401
2026-07-19 14:28:56,990 -   Val/Test Loss:        0.202099
2026-07-19 14:28:56,991 -   Train Bal.Accuracy:   0.721493
2026-07-19 14:28:56,992 -   Val/Test Bal.Accuracy:0.724973
2026-07-19 14:28:56,993 -   Loss gap:             0.002303
2026-07-19 14:28:56,994 -   Accuracy gap:         -0.003480
2026-07-19 14:28:56,995 -   Epoch time:           1.90 sec
2026-07-19 14:28:56,996 - 
--- EPOCH 731/1000 ---
2026-07-19 14:28:56,997 - Starting epoch 731
2026-07-19 14:28:59,112 - Epoch 731 results:
2026-07-19 14:28:59,114 -   Train Loss:           0.204401
2026-07-19 14:28:59,116 -   Val/Test Loss:        0.202099
2026-07-19 14:28:59,117 -   Train Bal.Accuracy:   0.721493
2026-07-19 14:28:59,118 -   Val/Test Bal.Accuracy:0.724973
2026-07-19 14:28:59,119 -   Loss gap:             0.002303
2026-07-19 14:28:59,120 -   Accuracy gap:         -0.003480
2026-07-19 14:28:59,121 -   Epoch time:           2.12 sec
2026-07-19 14:28:59,122 - 
--- EPOCH 732/1000 ---
2026-07-19 14:28:59,124 - Starting epoch 732
2026-07-19 14:29:00,831 - Epoch 732 results:
2026-07-19 14:29:00,832 -   Train Loss:           0.204401
2026-07-19 14:29:00,833 -   Val/Test Loss:        0.202099
2026-07-19 14:29:00,834 -   Train Bal.Accuracy:   0.721493
2026-07-19 14:29:00,834 -   Val/Test Bal.Accuracy:0.724973
2026-07-19 14:29:00,835 -   Loss gap:             0.002303
2026-07-19 14:29:00,836 -   Accuracy gap:         -0.003480
2026-07-19 14:29:00,839 -   Epoch time:           1.71 sec
2026-07-19 14:29:00,839 - 
--- EPOCH 733/1000 ---
2026-07-19 14:29:00,840 - Starting epoch 733
2026-07-19 14:29:02,697 - Epoch 733 results:
2026-07-19 14:29:02,699 -   Train Loss:           0.204401
2026-07-19 14:29:02,700 -   Val/Test Loss:        0.202099
2026-07-19 14:29:02,702 -   Train Bal.Accuracy:   0.721493
2026-07-19 14:29:02,704 -   Val/Test Bal.Accuracy:0.724973
2026-07-19 14:29:02,705 -   Loss gap:             0.002303
2026-07-19 14:29:02,706 -   Accuracy gap:         -0.003480
2026-07-19 14:29:02,707 -   Epoch time:           1.86 sec
2026-07-19 14:29:02,708 - 
--- EPOCH 734/1000 ---
2026-07-19 14:29:02,710 - Starting epoch 734
2026-07-19 14:29:04,561 - Epoch 734 results:
2026-07-19 14:29:04,562 -   Train Loss:           0.204401
2026-07-19 14:29:04,563 -   Val/Test Loss:        0.202099
2026-07-19 14:29:04,565 -   Train Bal.Accuracy:   0.721493
2026-07-19 14:29:04,566 -   Val/Test Bal.Accuracy:0.724973
2026-07-19 14:29:04,568 -   Loss gap:             0.002303
2026-07-19 14:29:04,570 -   Accuracy gap:         -0.003480
2026-07-19 14:29:04,571 -   Epoch time:           1.85 sec
2026-07-19 14:29:04,573 - 
--- EPOCH 735/1000 ---
2026-07-19 14:29:04,574 - Starting epoch 735
2026-07-19 14:29:06,260 - Epoch 735 results:
2026-07-19 14:29:06,261 -   Train Loss:           0.204401
2026-07-19 14:29:06,262 -   Val/Test Loss:        0.202099
2026-07-19 14:29:06,263 -   Train Bal.Accuracy:   0.721493
2026-07-19 14:29:06,264 -   Val/Test Bal.Accuracy:0.724973
2026-07-19 14:29:06,265 -   Loss gap:             0.002303
2026-07-19 14:29:06,266 -   Accuracy gap:         -0.003480
2026-07-19 14:29:06,266 -   Epoch time:           1.69 sec
2026-07-19 14:29:06,267 - 
--- EPOCH 736/1000 ---
2026-07-19 14:29:06,268 - Starting epoch 736
2026-07-19 14:29:08,045 - Epoch 736 results:
2026-07-19 14:29:08,046 -   Train Loss:           0.204401
2026-07-19 14:29:08,046 -   Val/Test Loss:        0.202099
2026-07-19 14:29:08,047 -   Train Bal.Accuracy:   0.721493
2026-07-19 14:29:08,048 -   Val/Test Bal.Accuracy:0.724973
2026-07-19 14:29:08,049 -   Loss gap:             0.002303
2026-07-19 14:29:08,049 -   Accuracy gap:         -0.003480
2026-07-19 14:29:08,050 -   Epoch time:           1.78 sec
2026-07-19 14:29:08,051 - 
--- EPOCH 737/1000 ---
2026-07-19 14:29:08,052 - Starting epoch 737
2026-07-19 14:29:09,665 - Epoch 737 results:
2026-07-19 14:29:09,666 -   Train Loss:           0.204401
2026-07-19 14:29:09,667 -   Val/Test Loss:        0.202099
2026-07-19 14:29:09,668 -   Train Bal.Accuracy:   0.721493
2026-07-19 14:29:09,669 -   Val/Test Bal.Accuracy:0.724973
2026-07-19 14:29:09,670 -   Loss gap:             0.002303
2026-07-19 14:29:09,671 -   Accuracy gap:         -0.003480
2026-07-19 14:29:09,672 -   Epoch time:           1.61 sec
2026-07-19 14:29:09,673 - 
--- EPOCH 738/1000 ---
2026-07-19 14:29:09,674 - Starting epoch 738
2026-07-19 14:29:11,199 - Epoch 738 results:
2026-07-19 14:29:11,200 -   Train Loss:           0.204401
2026-07-19 14:29:11,201 -   Val/Test Loss:        0.202099
2026-07-19 14:29:11,202 -   Train Bal.Accuracy:   0.721493
2026-07-19 14:29:11,203 -   Val/Test Bal.Accuracy:0.724973
2026-07-19 14:29:11,204 -   Loss gap:             0.002303
2026-07-19 14:29:11,205 -   Accuracy gap:         -0.003480
2026-07-19 14:29:11,206 -   Epoch time:           1.53 sec
2026-07-19 14:29:11,207 - 
--- EPOCH 739/1000 ---
2026-07-19 14:29:11,208 - Starting epoch 739
2026-07-19 14:29:12,606 - Epoch 739 results:
2026-07-19 14:29:12,607 -   Train Loss:           0.204401
2026-07-19 14:29:12,608 -   Val/Test Loss:        0.202099
2026-07-19 14:29:12,609 -   Train Bal.Accuracy:   0.721484
2026-07-19 14:29:12,609 -   Val/Test Bal.Accuracy:0.724973
2026-07-19 14:29:12,610 -   Loss gap:             0.002303
2026-07-19 14:29:12,611 -   Accuracy gap:         -0.003489
2026-07-19 14:29:12,612 -   Epoch time:           1.40 sec
2026-07-19 14:29:12,613 - 
--- EPOCH 740/1000 ---
2026-07-19 14:29:12,613 - Starting epoch 740
2026-07-19 14:29:13,969 - Epoch 740 results:
2026-07-19 14:29:13,970 -   Train Loss:           0.204401
2026-07-19 14:29:13,971 -   Val/Test Loss:        0.202099
2026-07-19 14:29:13,973 -   Train Bal.Accuracy:   0.721484
2026-07-19 14:29:13,974 -   Val/Test Bal.Accuracy:0.724973
2026-07-19 14:29:13,975 -   Loss gap:             0.002303
2026-07-19 14:29:13,976 -   Accuracy gap:         -0.003489
2026-07-19 14:29:13,976 -   Epoch time:           1.36 sec
2026-07-19 14:29:13,977 - 
--- EPOCH 741/1000 ---
2026-07-19 14:29:13,978 - Starting epoch 741
2026-07-19 14:29:15,433 - Epoch 741 results:
2026-07-19 14:29:15,434 -   Train Loss:           0.204401
2026-07-19 14:29:15,435 -   Val/Test Loss:        0.202099
2026-07-19 14:29:15,436 -   Train Bal.Accuracy:   0.721484
2026-07-19 14:29:15,437 -   Val/Test Bal.Accuracy:0.724973
2026-07-19 14:29:15,438 -   Loss gap:             0.002303
2026-07-19 14:29:15,439 -   Accuracy gap:         -0.003489
2026-07-19 14:29:15,441 -   Epoch time:           1.46 sec
2026-07-19 14:29:15,442 - 
--- EPOCH 742/1000 ---
2026-07-19 14:29:15,443 - Starting epoch 742
2026-07-19 14:29:16,855 - Epoch 742 results:
2026-07-19 14:29:16,857 -   Train Loss:           0.204401
2026-07-19 14:29:16,858 -   Val/Test Loss:        0.202099
2026-07-19 14:29:16,859 -   Train Bal.Accuracy:   0.721484
2026-07-19 14:29:16,859 -   Val/Test Bal.Accuracy:0.724973
2026-07-19 14:29:16,860 -   Loss gap:             0.002303
2026-07-19 14:29:16,861 -   Accuracy gap:         -0.003489
2026-07-19 14:29:16,861 -   Epoch time:           1.41 sec
2026-07-19 14:29:16,862 - 
--- EPOCH 743/1000 ---
2026-07-19 14:29:16,863 - Starting epoch 743
2026-07-19 14:29:18,282 - Epoch 743 results:
2026-07-19 14:29:18,283 -   Train Loss:           0.204401
2026-07-19 14:29:18,284 -   Val/Test Loss:        0.202099
2026-07-19 14:29:18,285 -   Train Bal.Accuracy:   0.721484
2026-07-19 14:29:18,286 -   Val/Test Bal.Accuracy:0.724973
2026-07-19 14:29:18,287 -   Loss gap:             0.002303
2026-07-19 14:29:18,288 -   Accuracy gap:         -0.003489
2026-07-19 14:29:18,289 -   Epoch time:           1.42 sec
2026-07-19 14:29:18,290 - 
--- EPOCH 744/1000 ---
2026-07-19 14:29:18,292 - Starting epoch 744
2026-07-19 14:29:19,695 - Epoch 744 results:
2026-07-19 14:29:19,696 -   Train Loss:           0.204401
2026-07-19 14:29:19,696 -   Val/Test Loss:        0.202099
2026-07-19 14:29:19,697 -   Train Bal.Accuracy:   0.721496
2026-07-19 14:29:19,698 -   Val/Test Bal.Accuracy:0.724973
2026-07-19 14:29:19,699 -   Loss gap:             0.002303
2026-07-19 14:29:19,699 -   Accuracy gap:         -0.003477
2026-07-19 14:29:19,700 -   Epoch time:           1.40 sec
2026-07-19 14:29:19,701 - 
--- EPOCH 745/1000 ---
2026-07-19 14:29:19,702 - Starting epoch 745
2026-07-19 14:29:21,255 - Epoch 745 results:
2026-07-19 14:29:21,256 -   Train Loss:           0.204401
2026-07-19 14:29:21,257 -   Val/Test Loss:        0.202099
2026-07-19 14:29:21,259 -   Train Bal.Accuracy:   0.721496
2026-07-19 14:29:21,261 -   Val/Test Bal.Accuracy:0.724973
2026-07-19 14:29:21,262 -   Loss gap:             0.002303
2026-07-19 14:29:21,263 -   Accuracy gap:         -0.003478
2026-07-19 14:29:21,265 -   Epoch time:           1.55 sec
2026-07-19 14:29:21,267 - 
--- EPOCH 746/1000 ---
2026-07-19 14:29:21,268 - Starting epoch 746
2026-07-19 14:29:23,304 - Epoch 746 results:
2026-07-19 14:29:23,305 -   Train Loss:           0.204401
2026-07-19 14:29:23,307 -   Val/Test Loss:        0.202099
2026-07-19 14:29:23,308 -   Train Bal.Accuracy:   0.721496
2026-07-19 14:29:23,310 -   Val/Test Bal.Accuracy:0.724973
2026-07-19 14:29:23,311 -   Loss gap:             0.002303
2026-07-19 14:29:23,312 -   Accuracy gap:         -0.003478
2026-07-19 14:29:23,313 -   Epoch time:           2.04 sec
2026-07-19 14:29:23,314 - 
--- EPOCH 747/1000 ---
2026-07-19 14:29:23,316 - Starting epoch 747
2026-07-19 14:29:25,360 - Epoch 747 results:
2026-07-19 14:29:25,361 -   Train Loss:           0.204401
2026-07-19 14:29:25,362 -   Val/Test Loss:        0.202099
2026-07-19 14:29:25,363 -   Train Bal.Accuracy:   0.721496
2026-07-19 14:29:25,364 -   Val/Test Bal.Accuracy:0.724973
2026-07-19 14:29:25,366 -   Loss gap:             0.002303
2026-07-19 14:29:25,368 -   Accuracy gap:         -0.003478
2026-07-19 14:29:25,370 -   Epoch time:           2.05 sec
2026-07-19 14:29:25,373 - 
--- EPOCH 748/1000 ---
2026-07-19 14:29:25,374 - Starting epoch 748
2026-07-19 14:29:26,895 - Epoch 748 results:
2026-07-19 14:29:26,896 -   Train Loss:           0.204401
2026-07-19 14:29:26,897 -   Val/Test Loss:        0.202099
2026-07-19 14:29:26,898 -   Train Bal.Accuracy:   0.721496
2026-07-19 14:29:26,899 -   Val/Test Bal.Accuracy:0.724973
2026-07-19 14:29:26,900 -   Loss gap:             0.002303
2026-07-19 14:29:26,901 -   Accuracy gap:         -0.003478
2026-07-19 14:29:26,902 -   Epoch time:           1.52 sec
2026-07-19 14:29:26,904 - 
--- EPOCH 749/1000 ---
2026-07-19 14:29:26,905 - Starting epoch 749
2026-07-19 14:29:28,453 - Epoch 749 results:
2026-07-19 14:29:28,454 -   Train Loss:           0.204401
2026-07-19 14:29:28,455 -   Val/Test Loss:        0.202099
2026-07-19 14:29:28,456 -   Train Bal.Accuracy:   0.721496
2026-07-19 14:29:28,457 -   Val/Test Bal.Accuracy:0.724973
2026-07-19 14:29:28,458 -   Loss gap:             0.002303
2026-07-19 14:29:28,459 -   Accuracy gap:         -0.003478
2026-07-19 14:29:28,459 -   Epoch time:           1.55 sec
2026-07-19 14:29:28,460 - 
--- EPOCH 750/1000 ---
2026-07-19 14:29:28,461 - Starting epoch 750
2026-07-19 14:29:29,932 - Epoch 750 results:
2026-07-19 14:29:29,933 -   Train Loss:           0.204401
2026-07-19 14:29:29,933 -   Val/Test Loss:        0.202099
2026-07-19 14:29:29,934 -   Train Bal.Accuracy:   0.721496
2026-07-19 14:29:29,935 -   Val/Test Bal.Accuracy:0.724973
2026-07-19 14:29:29,936 -   Loss gap:             0.002303
2026-07-19 14:29:29,937 -   Accuracy gap:         -0.003478
2026-07-19 14:29:29,937 -   Epoch time:           1.47 sec
2026-07-19 14:29:29,938 - 
--- EPOCH 751/1000 ---
2026-07-19 14:29:29,939 - Starting epoch 751
2026-07-19 14:29:31,434 - Epoch 751 results:
2026-07-19 14:29:31,435 -   Train Loss:           0.204401
2026-07-19 14:29:31,436 -   Val/Test Loss:        0.202099
2026-07-19 14:29:31,437 -   Train Bal.Accuracy:   0.721496
2026-07-19 14:29:31,437 -   Val/Test Bal.Accuracy:0.724973
2026-07-19 14:29:31,438 -   Loss gap:             0.002303
2026-07-19 14:29:31,439 -   Accuracy gap:         -0.003478
2026-07-19 14:29:31,440 -   Epoch time:           1.50 sec
2026-07-19 14:29:31,442 - 
--- EPOCH 752/1000 ---
2026-07-19 14:29:31,443 - Starting epoch 752
2026-07-19 14:29:32,958 - Epoch 752 results:
2026-07-19 14:29:32,959 -   Train Loss:           0.204401
2026-07-19 14:29:32,960 -   Val/Test Loss:        0.202099
2026-07-19 14:29:32,961 -   Train Bal.Accuracy:   0.721496
2026-07-19 14:29:32,962 -   Val/Test Bal.Accuracy:0.725002
2026-07-19 14:29:32,963 -   Loss gap:             0.002303
2026-07-19 14:29:32,963 -   Accuracy gap:         -0.003507
2026-07-19 14:29:32,964 -   Epoch time:           1.52 sec
2026-07-19 14:29:32,965 - 
--- EPOCH 753/1000 ---
2026-07-19 14:29:32,966 - Starting epoch 753
2026-07-19 14:29:34,787 - Epoch 753 results:
2026-07-19 14:29:34,788 -   Train Loss:           0.204401
2026-07-19 14:29:34,789 -   Val/Test Loss:        0.202099
2026-07-19 14:29:34,791 -   Train Bal.Accuracy:   0.721508
2026-07-19 14:29:34,792 -   Val/Test Bal.Accuracy:0.725002
2026-07-19 14:29:34,794 -   Loss gap:             0.002303
2026-07-19 14:29:34,796 -   Accuracy gap:         -0.003494
2026-07-19 14:29:34,799 -   Epoch time:           1.82 sec
2026-07-19 14:29:34,801 - 
--- EPOCH 754/1000 ---
2026-07-19 14:29:34,803 - Starting epoch 754
2026-07-19 14:29:36,534 - Epoch 754 results:
2026-07-19 14:29:36,535 -   Train Loss:           0.204401
2026-07-19 14:29:36,536 -   Val/Test Loss:        0.202099
2026-07-19 14:29:36,537 -   Train Bal.Accuracy:   0.721508
2026-07-19 14:29:36,538 -   Val/Test Bal.Accuracy:0.725002
2026-07-19 14:29:36,539 -   Loss gap:             0.002303
2026-07-19 14:29:36,540 -   Accuracy gap:         -0.003494
2026-07-19 14:29:36,541 -   Epoch time:           1.73 sec
2026-07-19 14:29:36,542 - 
--- EPOCH 755/1000 ---
2026-07-19 14:29:36,542 - Starting epoch 755
2026-07-19 14:29:37,892 - Epoch 755 results:
2026-07-19 14:29:37,893 -   Train Loss:           0.204401
2026-07-19 14:29:37,894 -   Val/Test Loss:        0.202099
2026-07-19 14:29:37,894 -   Train Bal.Accuracy:   0.721508
2026-07-19 14:29:37,895 -   Val/Test Bal.Accuracy:0.725002
2026-07-19 14:29:37,896 -   Loss gap:             0.002303
2026-07-19 14:29:37,897 -   Accuracy gap:         -0.003494
2026-07-19 14:29:37,897 -   Epoch time:           1.35 sec
2026-07-19 14:29:37,898 - 
--- EPOCH 756/1000 ---
2026-07-19 14:29:37,899 - Starting epoch 756
2026-07-19 14:29:39,392 - Epoch 756 results:
2026-07-19 14:29:39,393 -   Train Loss:           0.204401
2026-07-19 14:29:39,394 -   Val/Test Loss:        0.202099
2026-07-19 14:29:39,395 -   Train Bal.Accuracy:   0.721508
2026-07-19 14:29:39,396 -   Val/Test Bal.Accuracy:0.725002
2026-07-19 14:29:39,397 -   Loss gap:             0.002303
2026-07-19 14:29:39,398 -   Accuracy gap:         -0.003494
2026-07-19 14:29:39,399 -   Epoch time:           1.49 sec
2026-07-19 14:29:39,401 - 
--- EPOCH 757/1000 ---
2026-07-19 14:29:39,402 - Starting epoch 757
2026-07-19 14:29:41,197 - Epoch 757 results:
2026-07-19 14:29:41,198 -   Train Loss:           0.204401
2026-07-19 14:29:41,199 -   Val/Test Loss:        0.202099
2026-07-19 14:29:41,201 -   Train Bal.Accuracy:   0.721508
2026-07-19 14:29:41,202 -   Val/Test Bal.Accuracy:0.724983
2026-07-19 14:29:41,203 -   Loss gap:             0.002303
2026-07-19 14:29:41,203 -   Accuracy gap:         -0.003475
2026-07-19 14:29:41,205 -   Epoch time:           1.80 sec
2026-07-19 14:29:41,206 - 
--- EPOCH 758/1000 ---
2026-07-19 14:29:41,207 - Starting epoch 758
2026-07-19 14:29:42,727 - Epoch 758 results:
2026-07-19 14:29:42,728 -   Train Loss:           0.204401
2026-07-19 14:29:42,729 -   Val/Test Loss:        0.202099
2026-07-19 14:29:42,730 -   Train Bal.Accuracy:   0.721508
2026-07-19 14:29:42,731 -   Val/Test Bal.Accuracy:0.724983
2026-07-19 14:29:42,732 -   Loss gap:             0.002303
2026-07-19 14:29:42,732 -   Accuracy gap:         -0.003475
2026-07-19 14:29:42,734 -   Epoch time:           1.52 sec
2026-07-19 14:29:42,734 - 
--- EPOCH 759/1000 ---
2026-07-19 14:29:42,736 - Starting epoch 759
2026-07-19 14:29:44,218 - Epoch 759 results:
2026-07-19 14:29:44,219 -   Train Loss:           0.204401
2026-07-19 14:29:44,219 -   Val/Test Loss:        0.202099
2026-07-19 14:29:44,220 -   Train Bal.Accuracy:   0.721508
2026-07-19 14:29:44,221 -   Val/Test Bal.Accuracy:0.724983
2026-07-19 14:29:44,222 -   Loss gap:             0.002303
2026-07-19 14:29:44,223 -   Accuracy gap:         -0.003475
2026-07-19 14:29:44,224 -   Epoch time:           1.48 sec
2026-07-19 14:29:44,225 - 
--- EPOCH 760/1000 ---
2026-07-19 14:29:44,226 - Starting epoch 760
2026-07-19 14:29:45,784 - Epoch 760 results:
2026-07-19 14:29:45,786 -   Train Loss:           0.204401
2026-07-19 14:29:45,786 -   Val/Test Loss:        0.202099
2026-07-19 14:29:45,787 -   Train Bal.Accuracy:   0.721508
2026-07-19 14:29:45,788 -   Val/Test Bal.Accuracy:0.724983
2026-07-19 14:29:45,789 -   Loss gap:             0.002303
2026-07-19 14:29:45,790 -   Accuracy gap:         -0.003475
2026-07-19 14:29:45,791 -   Epoch time:           1.56 sec
2026-07-19 14:29:45,792 - 
--- EPOCH 761/1000 ---
2026-07-19 14:29:45,793 - Starting epoch 761
2026-07-19 14:29:47,157 - Epoch 761 results:
2026-07-19 14:29:47,158 -   Train Loss:           0.204401
2026-07-19 14:29:47,159 -   Val/Test Loss:        0.202099
2026-07-19 14:29:47,160 -   Train Bal.Accuracy:   0.721508
2026-07-19 14:29:47,161 -   Val/Test Bal.Accuracy:0.725012
2026-07-19 14:29:47,162 -   Loss gap:             0.002303
2026-07-19 14:29:47,163 -   Accuracy gap:         -0.003504
2026-07-19 14:29:47,164 -   Epoch time:           1.37 sec
2026-07-19 14:29:47,165 - 
--- EPOCH 762/1000 ---
2026-07-19 14:29:47,166 - Starting epoch 762
2026-07-19 14:29:48,673 - Epoch 762 results:
2026-07-19 14:29:48,674 -   Train Loss:           0.204401
2026-07-19 14:29:48,676 -   Val/Test Loss:        0.202099
2026-07-19 14:29:48,677 -   Train Bal.Accuracy:   0.721508
2026-07-19 14:29:48,678 -   Val/Test Bal.Accuracy:0.725012
2026-07-19 14:29:48,679 -   Loss gap:             0.002303
2026-07-19 14:29:48,680 -   Accuracy gap:         -0.003504
2026-07-19 14:29:48,681 -   Epoch time:           1.51 sec
2026-07-19 14:29:48,682 - 
--- EPOCH 763/1000 ---
2026-07-19 14:29:48,683 - Starting epoch 763
2026-07-19 14:29:50,149 - Epoch 763 results:
2026-07-19 14:29:50,150 -   Train Loss:           0.204401
2026-07-19 14:29:50,151 -   Val/Test Loss:        0.202099
2026-07-19 14:29:50,152 -   Train Bal.Accuracy:   0.721508
2026-07-19 14:29:50,153 -   Val/Test Bal.Accuracy:0.725012
2026-07-19 14:29:50,154 -   Loss gap:             0.002303
2026-07-19 14:29:50,155 -   Accuracy gap:         -0.003504
2026-07-19 14:29:50,156 -   Epoch time:           1.47 sec
2026-07-19 14:29:50,157 - 
--- EPOCH 764/1000 ---
2026-07-19 14:29:50,158 - Starting epoch 764
2026-07-19 14:29:51,767 - Epoch 764 results:
2026-07-19 14:29:51,768 -   Train Loss:           0.204401
2026-07-19 14:29:51,769 -   Val/Test Loss:        0.202099
2026-07-19 14:29:51,770 -   Train Bal.Accuracy:   0.721508
2026-07-19 14:29:51,771 -   Val/Test Bal.Accuracy:0.725012
2026-07-19 14:29:51,772 -   Loss gap:             0.002303
2026-07-19 14:29:51,773 -   Accuracy gap:         -0.003504
2026-07-19 14:29:51,774 -   Epoch time:           1.61 sec
2026-07-19 14:29:51,775 - 
--- EPOCH 765/1000 ---
2026-07-19 14:29:51,775 - Starting epoch 765
2026-07-19 14:29:53,520 - Epoch 765 results:
2026-07-19 14:29:53,522 -   Train Loss:           0.204401
2026-07-19 14:29:53,523 -   Val/Test Loss:        0.202099
2026-07-19 14:29:53,524 -   Train Bal.Accuracy:   0.721508
2026-07-19 14:29:53,525 -   Val/Test Bal.Accuracy:0.725012
2026-07-19 14:29:53,526 -   Loss gap:             0.002303
2026-07-19 14:29:53,527 -   Accuracy gap:         -0.003504
2026-07-19 14:29:53,529 -   Epoch time:           1.75 sec
2026-07-19 14:29:53,530 - 
--- EPOCH 766/1000 ---
2026-07-19 14:29:53,533 - Starting epoch 766
2026-07-19 14:29:55,107 - Epoch 766 results:
2026-07-19 14:29:55,108 -   Train Loss:           0.204401
2026-07-19 14:29:55,109 -   Val/Test Loss:        0.202099
2026-07-19 14:29:55,110 -   Train Bal.Accuracy:   0.721508
2026-07-19 14:29:55,111 -   Val/Test Bal.Accuracy:0.725012
2026-07-19 14:29:55,112 -   Loss gap:             0.002303
2026-07-19 14:29:55,113 -   Accuracy gap:         -0.003504
2026-07-19 14:29:55,114 -   Epoch time:           1.58 sec
2026-07-19 14:29:55,115 - 
--- EPOCH 767/1000 ---
2026-07-19 14:29:55,116 - Starting epoch 767
2026-07-19 14:29:56,941 - Epoch 767 results:
2026-07-19 14:29:56,942 -   Train Loss:           0.204401
2026-07-19 14:29:56,943 -   Val/Test Loss:        0.202099
2026-07-19 14:29:56,944 -   Train Bal.Accuracy:   0.721508
2026-07-19 14:29:56,945 -   Val/Test Bal.Accuracy:0.725012
2026-07-19 14:29:56,946 -   Loss gap:             0.002303
2026-07-19 14:29:56,947 -   Accuracy gap:         -0.003504
2026-07-19 14:29:56,948 -   Epoch time:           1.83 sec
2026-07-19 14:29:56,948 - 
--- EPOCH 768/1000 ---
2026-07-19 14:29:56,949 - Starting epoch 768
2026-07-19 14:29:58,615 - Epoch 768 results:
2026-07-19 14:29:58,616 -   Train Loss:           0.204401
2026-07-19 14:29:58,617 -   Val/Test Loss:        0.202099
2026-07-19 14:29:58,617 -   Train Bal.Accuracy:   0.721508
2026-07-19 14:29:58,618 -   Val/Test Bal.Accuracy:0.725012
2026-07-19 14:29:58,619 -   Loss gap:             0.002303
2026-07-19 14:29:58,620 -   Accuracy gap:         -0.003504
2026-07-19 14:29:58,621 -   Epoch time:           1.67 sec
2026-07-19 14:29:58,622 - 
--- EPOCH 769/1000 ---
2026-07-19 14:29:58,622 - Starting epoch 769
2026-07-19 14:30:00,076 - Epoch 769 results:
2026-07-19 14:30:00,077 -   Train Loss:           0.204401
2026-07-19 14:30:00,078 -   Val/Test Loss:        0.202099
2026-07-19 14:30:00,079 -   Train Bal.Accuracy:   0.721508
2026-07-19 14:30:00,080 -   Val/Test Bal.Accuracy:0.725012
2026-07-19 14:30:00,081 -   Loss gap:             0.002303
2026-07-19 14:30:00,081 -   Accuracy gap:         -0.003504
2026-07-19 14:30:00,082 -   Epoch time:           1.45 sec
2026-07-19 14:30:00,083 - 
--- EPOCH 770/1000 ---
2026-07-19 14:30:00,084 - Starting epoch 770
2026-07-19 14:30:01,622 - Epoch 770 results:
2026-07-19 14:30:01,623 -   Train Loss:           0.204401
2026-07-19 14:30:01,624 -   Val/Test Loss:        0.202099
2026-07-19 14:30:01,625 -   Train Bal.Accuracy:   0.721508
2026-07-19 14:30:01,626 -   Val/Test Bal.Accuracy:0.725012
2026-07-19 14:30:01,627 -   Loss gap:             0.002303
2026-07-19 14:30:01,628 -   Accuracy gap:         -0.003504
2026-07-19 14:30:01,628 -   Epoch time:           1.54 sec
2026-07-19 14:30:01,629 - 
--- EPOCH 771/1000 ---
2026-07-19 14:30:01,630 - Starting epoch 771
2026-07-19 14:30:03,129 - Epoch 771 results:
2026-07-19 14:30:03,130 -   Train Loss:           0.204401
2026-07-19 14:30:03,131 -   Val/Test Loss:        0.202099
2026-07-19 14:30:03,131 -   Train Bal.Accuracy:   0.721508
2026-07-19 14:30:03,133 -   Val/Test Bal.Accuracy:0.725012
2026-07-19 14:30:03,133 -   Loss gap:             0.002303
2026-07-19 14:30:03,134 -   Accuracy gap:         -0.003504
2026-07-19 14:30:03,135 -   Epoch time:           1.50 sec
2026-07-19 14:30:03,136 - 
--- EPOCH 772/1000 ---
2026-07-19 14:30:03,138 - Starting epoch 772
2026-07-19 14:30:04,535 - Epoch 772 results:
2026-07-19 14:30:04,536 -   Train Loss:           0.204401
2026-07-19 14:30:04,537 -   Val/Test Loss:        0.202099
2026-07-19 14:30:04,538 -   Train Bal.Accuracy:   0.721508
2026-07-19 14:30:04,539 -   Val/Test Bal.Accuracy:0.725012
2026-07-19 14:30:04,540 -   Loss gap:             0.002303
2026-07-19 14:30:04,541 -   Accuracy gap:         -0.003504
2026-07-19 14:30:04,542 -   Epoch time:           1.40 sec
2026-07-19 14:30:04,543 - 
--- EPOCH 773/1000 ---
2026-07-19 14:30:04,544 - Starting epoch 773
2026-07-19 14:30:05,947 - Epoch 773 results:
2026-07-19 14:30:05,948 -   Train Loss:           0.204401
2026-07-19 14:30:05,949 -   Val/Test Loss:        0.202099
2026-07-19 14:30:05,949 -   Train Bal.Accuracy:   0.721508
2026-07-19 14:30:05,950 -   Val/Test Bal.Accuracy:0.725012
2026-07-19 14:30:05,951 -   Loss gap:             0.002303
2026-07-19 14:30:05,952 -   Accuracy gap:         -0.003504
2026-07-19 14:30:05,953 -   Epoch time:           1.40 sec
2026-07-19 14:30:05,954 - 
--- EPOCH 774/1000 ---
2026-07-19 14:30:05,955 - Starting epoch 774
2026-07-19 14:30:07,496 - Epoch 774 results:
2026-07-19 14:30:07,497 -   Train Loss:           0.204401
2026-07-19 14:30:07,498 -   Val/Test Loss:        0.202099
2026-07-19 14:30:07,499 -   Train Bal.Accuracy:   0.721508
2026-07-19 14:30:07,500 -   Val/Test Bal.Accuracy:0.725012
2026-07-19 14:30:07,501 -   Loss gap:             0.002303
2026-07-19 14:30:07,502 -   Accuracy gap:         -0.003504
2026-07-19 14:30:07,503 -   Epoch time:           1.54 sec
2026-07-19 14:30:07,504 - 
--- EPOCH 775/1000 ---
2026-07-19 14:30:07,505 - Starting epoch 775
2026-07-19 14:30:08,858 - Epoch 775 results:
2026-07-19 14:30:08,859 -   Train Loss:           0.204401
2026-07-19 14:30:08,860 -   Val/Test Loss:        0.202099
2026-07-19 14:30:08,860 -   Train Bal.Accuracy:   0.721499
2026-07-19 14:30:08,861 -   Val/Test Bal.Accuracy:0.725012
2026-07-19 14:30:08,862 -   Loss gap:             0.002303
2026-07-19 14:30:08,863 -   Accuracy gap:         -0.003512
2026-07-19 14:30:08,863 -   Epoch time:           1.35 sec
2026-07-19 14:30:08,864 - 
--- EPOCH 776/1000 ---
2026-07-19 14:30:08,865 - Starting epoch 776
2026-07-19 14:30:10,241 - Epoch 776 results:
2026-07-19 14:30:10,242 -   Train Loss:           0.204401
2026-07-19 14:30:10,243 -   Val/Test Loss:        0.202099
2026-07-19 14:30:10,243 -   Train Bal.Accuracy:   0.721499
2026-07-19 14:30:10,244 -   Val/Test Bal.Accuracy:0.725012
2026-07-19 14:30:10,245 -   Loss gap:             0.002303
2026-07-19 14:30:10,246 -   Accuracy gap:         -0.003512
2026-07-19 14:30:10,247 -   Epoch time:           1.38 sec
2026-07-19 14:30:10,248 - 
--- EPOCH 777/1000 ---
2026-07-19 14:30:10,248 - Starting epoch 777
2026-07-19 14:30:11,662 - Epoch 777 results:
2026-07-19 14:30:11,663 -   Train Loss:           0.204401
2026-07-19 14:30:11,664 -   Val/Test Loss:        0.202099
2026-07-19 14:30:11,665 -   Train Bal.Accuracy:   0.721499
2026-07-19 14:30:11,665 -   Val/Test Bal.Accuracy:0.725012
2026-07-19 14:30:11,667 -   Loss gap:             0.002303
2026-07-19 14:30:11,667 -   Accuracy gap:         -0.003512
2026-07-19 14:30:11,668 -   Epoch time:           1.41 sec
2026-07-19 14:30:11,669 - 
--- EPOCH 778/1000 ---
2026-07-19 14:30:11,670 - Starting epoch 778
2026-07-19 14:30:13,253 - Epoch 778 results:
2026-07-19 14:30:13,254 -   Train Loss:           0.204401
2026-07-19 14:30:13,255 -   Val/Test Loss:        0.202099
2026-07-19 14:30:13,256 -   Train Bal.Accuracy:   0.721499
2026-07-19 14:30:13,257 -   Val/Test Bal.Accuracy:0.725041
2026-07-19 14:30:13,257 -   Loss gap:             0.002303
2026-07-19 14:30:13,258 -   Accuracy gap:         -0.003541
2026-07-19 14:30:13,259 -   Epoch time:           1.58 sec
2026-07-19 14:30:13,260 - 
--- EPOCH 779/1000 ---
2026-07-19 14:30:13,260 - Starting epoch 779
2026-07-19 14:30:14,801 - Epoch 779 results:
2026-07-19 14:30:14,802 -   Train Loss:           0.204401
2026-07-19 14:30:14,803 -   Val/Test Loss:        0.202099
2026-07-19 14:30:14,804 -   Train Bal.Accuracy:   0.721499
2026-07-19 14:30:14,805 -   Val/Test Bal.Accuracy:0.725041
2026-07-19 14:30:14,806 -   Loss gap:             0.002303
2026-07-19 14:30:14,807 -   Accuracy gap:         -0.003541
2026-07-19 14:30:14,808 -   Epoch time:           1.54 sec
2026-07-19 14:30:14,809 - 
--- EPOCH 780/1000 ---
2026-07-19 14:30:14,809 - Starting epoch 780
2026-07-19 14:30:16,231 - Epoch 780 results:
2026-07-19 14:30:16,232 -   Train Loss:           0.204401
2026-07-19 14:30:16,233 -   Val/Test Loss:        0.202099
2026-07-19 14:30:16,233 -   Train Bal.Accuracy:   0.721499
2026-07-19 14:30:16,234 -   Val/Test Bal.Accuracy:0.725041
2026-07-19 14:30:16,235 -   Loss gap:             0.002303
2026-07-19 14:30:16,236 -   Accuracy gap:         -0.003541
2026-07-19 14:30:16,237 -   Epoch time:           1.42 sec
2026-07-19 14:30:16,237 - 
--- EPOCH 781/1000 ---
2026-07-19 14:30:16,239 - Starting epoch 781
2026-07-19 14:30:17,752 - Epoch 781 results:
2026-07-19 14:30:17,753 -   Train Loss:           0.204401
2026-07-19 14:30:17,754 -   Val/Test Loss:        0.202099
2026-07-19 14:30:17,755 -   Train Bal.Accuracy:   0.721499
2026-07-19 14:30:17,756 -   Val/Test Bal.Accuracy:0.725041
2026-07-19 14:30:17,757 -   Loss gap:             0.002303
2026-07-19 14:30:17,758 -   Accuracy gap:         -0.003541
2026-07-19 14:30:17,759 -   Epoch time:           1.51 sec
2026-07-19 14:30:17,760 - 
--- EPOCH 782/1000 ---
2026-07-19 14:30:17,760 - Starting epoch 782
2026-07-19 14:30:19,427 - Epoch 782 results:
2026-07-19 14:30:19,428 -   Train Loss:           0.204401
2026-07-19 14:30:19,429 -   Val/Test Loss:        0.202099
2026-07-19 14:30:19,430 -   Train Bal.Accuracy:   0.721499
2026-07-19 14:30:19,431 -   Val/Test Bal.Accuracy:0.725041
2026-07-19 14:30:19,432 -   Loss gap:             0.002303
2026-07-19 14:30:19,433 -   Accuracy gap:         -0.003541
2026-07-19 14:30:19,434 -   Epoch time:           1.67 sec
2026-07-19 14:30:19,435 - 
--- EPOCH 783/1000 ---
2026-07-19 14:30:19,436 - Starting epoch 783
2026-07-19 14:30:21,289 - Epoch 783 results:
2026-07-19 14:30:21,290 -   Train Loss:           0.204401
2026-07-19 14:30:21,292 -   Val/Test Loss:        0.202099
2026-07-19 14:30:21,293 -   Train Bal.Accuracy:   0.721499
2026-07-19 14:30:21,294 -   Val/Test Bal.Accuracy:0.725041
2026-07-19 14:30:21,295 -   Loss gap:             0.002303
2026-07-19 14:30:21,296 -   Accuracy gap:         -0.003541
2026-07-19 14:30:21,297 -   Epoch time:           1.85 sec
2026-07-19 14:30:21,298 - 
--- EPOCH 784/1000 ---
2026-07-19 14:30:21,299 - Starting epoch 784
2026-07-19 14:30:23,188 - Epoch 784 results:
2026-07-19 14:30:23,189 -   Train Loss:           0.204401
2026-07-19 14:30:23,190 -   Val/Test Loss:        0.202099
2026-07-19 14:30:23,191 -   Train Bal.Accuracy:   0.721499
2026-07-19 14:30:23,192 -   Val/Test Bal.Accuracy:0.725041
2026-07-19 14:30:23,193 -   Loss gap:             0.002303
2026-07-19 14:30:23,194 -   Accuracy gap:         -0.003541
2026-07-19 14:30:23,195 -   Epoch time:           1.89 sec
2026-07-19 14:30:23,196 - 
--- EPOCH 785/1000 ---
2026-07-19 14:30:23,197 - Starting epoch 785
2026-07-19 14:30:24,916 - Epoch 785 results:
2026-07-19 14:30:24,917 -   Train Loss:           0.204401
2026-07-19 14:30:24,918 -   Val/Test Loss:        0.202099
2026-07-19 14:30:24,919 -   Train Bal.Accuracy:   0.721499
2026-07-19 14:30:24,920 -   Val/Test Bal.Accuracy:0.725041
2026-07-19 14:30:24,921 -   Loss gap:             0.002303
2026-07-19 14:30:24,922 -   Accuracy gap:         -0.003541
2026-07-19 14:30:24,923 -   Epoch time:           1.72 sec
2026-07-19 14:30:24,924 - 
--- EPOCH 786/1000 ---
2026-07-19 14:30:24,925 - Starting epoch 786
2026-07-19 14:30:26,498 - Epoch 786 results:
2026-07-19 14:30:26,499 -   Train Loss:           0.204401
2026-07-19 14:30:26,500 -   Val/Test Loss:        0.202099
2026-07-19 14:30:26,501 -   Train Bal.Accuracy:   0.721499
2026-07-19 14:30:26,502 -   Val/Test Bal.Accuracy:0.725041
2026-07-19 14:30:26,503 -   Loss gap:             0.002303
2026-07-19 14:30:26,504 -   Accuracy gap:         -0.003541
2026-07-19 14:30:26,505 -   Epoch time:           1.57 sec
2026-07-19 14:30:26,506 - 
--- EPOCH 787/1000 ---
2026-07-19 14:30:26,507 - Starting epoch 787
2026-07-19 14:30:28,011 - Epoch 787 results:
2026-07-19 14:30:28,012 -   Train Loss:           0.204401
2026-07-19 14:30:28,013 -   Val/Test Loss:        0.202099
2026-07-19 14:30:28,014 -   Train Bal.Accuracy:   0.721499
2026-07-19 14:30:28,016 -   Val/Test Bal.Accuracy:0.725041
2026-07-19 14:30:28,017 -   Loss gap:             0.002303
2026-07-19 14:30:28,018 -   Accuracy gap:         -0.003541
2026-07-19 14:30:28,019 -   Epoch time:           1.51 sec
2026-07-19 14:30:28,020 - 
--- EPOCH 788/1000 ---
2026-07-19 14:30:28,023 - Starting epoch 788
2026-07-19 14:30:29,524 - Epoch 788 results:
2026-07-19 14:30:29,525 -   Train Loss:           0.204401
2026-07-19 14:30:29,526 -   Val/Test Loss:        0.202099
2026-07-19 14:30:29,526 -   Train Bal.Accuracy:   0.721499
2026-07-19 14:30:29,527 -   Val/Test Bal.Accuracy:0.725041
2026-07-19 14:30:29,528 -   Loss gap:             0.002303
2026-07-19 14:30:29,529 -   Accuracy gap:         -0.003541
2026-07-19 14:30:29,530 -   Epoch time:           1.50 sec
2026-07-19 14:30:29,531 - 
--- EPOCH 789/1000 ---
2026-07-19 14:30:29,531 - Starting epoch 789
2026-07-19 14:30:31,112 - Epoch 789 results:
2026-07-19 14:30:31,113 -   Train Loss:           0.204401
2026-07-19 14:30:31,114 -   Val/Test Loss:        0.202099
2026-07-19 14:30:31,114 -   Train Bal.Accuracy:   0.721499
2026-07-19 14:30:31,115 -   Val/Test Bal.Accuracy:0.725041
2026-07-19 14:30:31,116 -   Loss gap:             0.002303
2026-07-19 14:30:31,117 -   Accuracy gap:         -0.003541
2026-07-19 14:30:31,118 -   Epoch time:           1.58 sec
2026-07-19 14:30:31,119 - 
--- EPOCH 790/1000 ---
2026-07-19 14:30:31,120 - Starting epoch 790
2026-07-19 14:30:32,665 - Epoch 790 results:
2026-07-19 14:30:32,666 -   Train Loss:           0.204401
2026-07-19 14:30:32,667 -   Val/Test Loss:        0.202099
2026-07-19 14:30:32,668 -   Train Bal.Accuracy:   0.721499
2026-07-19 14:30:32,669 -   Val/Test Bal.Accuracy:0.725041
2026-07-19 14:30:32,670 -   Loss gap:             0.002303
2026-07-19 14:30:32,671 -   Accuracy gap:         -0.003541
2026-07-19 14:30:32,672 -   Epoch time:           1.55 sec
2026-07-19 14:30:32,673 - 
--- EPOCH 791/1000 ---
2026-07-19 14:30:32,674 - Starting epoch 791
2026-07-19 14:30:34,184 - Epoch 791 results:
2026-07-19 14:30:34,185 -   Train Loss:           0.204401
2026-07-19 14:30:34,186 -   Val/Test Loss:        0.202099
2026-07-19 14:30:34,187 -   Train Bal.Accuracy:   0.721499
2026-07-19 14:30:34,188 -   Val/Test Bal.Accuracy:0.725041
2026-07-19 14:30:34,189 -   Loss gap:             0.002303
2026-07-19 14:30:34,190 -   Accuracy gap:         -0.003541
2026-07-19 14:30:34,191 -   Epoch time:           1.51 sec
2026-07-19 14:30:34,192 - 
--- EPOCH 792/1000 ---
2026-07-19 14:30:34,193 - Starting epoch 792
2026-07-19 14:30:35,697 - Epoch 792 results:
2026-07-19 14:30:35,698 -   Train Loss:           0.204401
2026-07-19 14:30:35,699 -   Val/Test Loss:        0.202099
2026-07-19 14:30:35,700 -   Train Bal.Accuracy:   0.721499
2026-07-19 14:30:35,700 -   Val/Test Bal.Accuracy:0.725041
2026-07-19 14:30:35,701 -   Loss gap:             0.002302
2026-07-19 14:30:35,702 -   Accuracy gap:         -0.003541
2026-07-19 14:30:35,703 -   Epoch time:           1.51 sec
2026-07-19 14:30:35,704 - 
--- EPOCH 793/1000 ---
2026-07-19 14:30:35,706 - Starting epoch 793
2026-07-19 14:30:37,214 - Epoch 793 results:
2026-07-19 14:30:37,215 -   Train Loss:           0.204401
2026-07-19 14:30:37,216 -   Val/Test Loss:        0.202099
2026-07-19 14:30:37,217 -   Train Bal.Accuracy:   0.721499
2026-07-19 14:30:37,218 -   Val/Test Bal.Accuracy:0.725041
2026-07-19 14:30:37,219 -   Loss gap:             0.002302
2026-07-19 14:30:37,220 -   Accuracy gap:         -0.003541
2026-07-19 14:30:37,221 -   Epoch time:           1.51 sec
2026-07-19 14:30:37,222 - 
--- EPOCH 794/1000 ---
2026-07-19 14:30:37,223 - Starting epoch 794
2026-07-19 14:30:38,721 - Epoch 794 results:
2026-07-19 14:30:38,723 -   Train Loss:           0.204401
2026-07-19 14:30:38,725 -   Val/Test Loss:        0.202099
2026-07-19 14:30:38,726 -   Train Bal.Accuracy:   0.721499
2026-07-19 14:30:38,727 -   Val/Test Bal.Accuracy:0.725041
2026-07-19 14:30:38,729 -   Loss gap:             0.002302
2026-07-19 14:30:38,730 -   Accuracy gap:         -0.003541
2026-07-19 14:30:38,730 -   Epoch time:           1.50 sec
2026-07-19 14:30:38,731 - 
--- EPOCH 795/1000 ---
2026-07-19 14:30:38,732 - Starting epoch 795
2026-07-19 14:30:40,372 - Epoch 795 results:
2026-07-19 14:30:40,373 -   Train Loss:           0.204401
2026-07-19 14:30:40,374 -   Val/Test Loss:        0.202099
2026-07-19 14:30:40,375 -   Train Bal.Accuracy:   0.721499
2026-07-19 14:30:40,376 -   Val/Test Bal.Accuracy:0.725070
2026-07-19 14:30:40,377 -   Loss gap:             0.002302
2026-07-19 14:30:40,378 -   Accuracy gap:         -0.003570
2026-07-19 14:30:40,379 -   Epoch time:           1.64 sec
2026-07-19 14:30:40,380 - 
--- EPOCH 796/1000 ---
2026-07-19 14:30:40,381 - Starting epoch 796
2026-07-19 14:30:41,971 - Epoch 796 results:
2026-07-19 14:30:41,972 -   Train Loss:           0.204401
2026-07-19 14:30:41,973 -   Val/Test Loss:        0.202099
2026-07-19 14:30:41,974 -   Train Bal.Accuracy:   0.721499
2026-07-19 14:30:41,975 -   Val/Test Bal.Accuracy:0.725070
2026-07-19 14:30:41,977 -   Loss gap:             0.002302
2026-07-19 14:30:41,978 -   Accuracy gap:         -0.003570
2026-07-19 14:30:41,979 -   Epoch time:           1.59 sec
2026-07-19 14:30:41,980 - 
--- EPOCH 797/1000 ---
2026-07-19 14:30:41,980 - Starting epoch 797
2026-07-19 14:30:43,557 - Epoch 797 results:
2026-07-19 14:30:43,558 -   Train Loss:           0.204401
2026-07-19 14:30:43,559 -   Val/Test Loss:        0.202099
2026-07-19 14:30:43,560 -   Train Bal.Accuracy:   0.721511
2026-07-19 14:30:43,561 -   Val/Test Bal.Accuracy:0.725070
2026-07-19 14:30:43,562 -   Loss gap:             0.002302
2026-07-19 14:30:43,562 -   Accuracy gap:         -0.003558
2026-07-19 14:30:43,563 -   Epoch time:           1.58 sec
2026-07-19 14:30:43,564 - 
--- EPOCH 798/1000 ---
2026-07-19 14:30:43,565 - Starting epoch 798
2026-07-19 14:30:45,126 - Epoch 798 results:
2026-07-19 14:30:45,127 -   Train Loss:           0.204401
2026-07-19 14:30:45,128 -   Val/Test Loss:        0.202099
2026-07-19 14:30:45,129 -   Train Bal.Accuracy:   0.721511
2026-07-19 14:30:45,131 -   Val/Test Bal.Accuracy:0.725070
2026-07-19 14:30:45,132 -   Loss gap:             0.002302
2026-07-19 14:30:45,133 -   Accuracy gap:         -0.003558
2026-07-19 14:30:45,134 -   Epoch time:           1.56 sec
2026-07-19 14:30:45,135 - 
--- EPOCH 799/1000 ---
2026-07-19 14:30:45,136 - Starting epoch 799
2026-07-19 14:30:46,828 - Epoch 799 results:
2026-07-19 14:30:46,829 -   Train Loss:           0.204401
2026-07-19 14:30:46,830 -   Val/Test Loss:        0.202099
2026-07-19 14:30:46,832 -   Train Bal.Accuracy:   0.721511
2026-07-19 14:30:46,833 -   Val/Test Bal.Accuracy:0.725070
2026-07-19 14:30:46,834 -   Loss gap:             0.002302
2026-07-19 14:30:46,835 -   Accuracy gap:         -0.003558
2026-07-19 14:30:46,837 -   Epoch time:           1.69 sec
2026-07-19 14:30:46,838 - 
--- EPOCH 800/1000 ---
2026-07-19 14:30:46,839 - Starting epoch 800
2026-07-19 14:30:48,668 - Epoch 800 results:
2026-07-19 14:30:48,668 -   Train Loss:           0.204401
2026-07-19 14:30:48,669 -   Val/Test Loss:        0.202099
2026-07-19 14:30:48,671 -   Train Bal.Accuracy:   0.721511
2026-07-19 14:30:48,671 -   Val/Test Bal.Accuracy:0.725070
2026-07-19 14:30:48,673 -   Loss gap:             0.002302
2026-07-19 14:30:48,673 -   Accuracy gap:         -0.003558
2026-07-19 14:30:48,674 -   Epoch time:           1.83 sec
2026-07-19 14:30:48,675 - 
--- EPOCH 801/1000 ---
2026-07-19 14:30:48,676 - Starting epoch 801
2026-07-19 14:30:50,487 - Epoch 801 results:
2026-07-19 14:30:50,488 -   Train Loss:           0.204401
2026-07-19 14:30:50,489 -   Val/Test Loss:        0.202099
2026-07-19 14:30:50,490 -   Train Bal.Accuracy:   0.721511
2026-07-19 14:30:50,491 -   Val/Test Bal.Accuracy:0.725070
2026-07-19 14:30:50,492 -   Loss gap:             0.002302
2026-07-19 14:30:50,493 -   Accuracy gap:         -0.003558
2026-07-19 14:30:50,494 -   Epoch time:           1.81 sec
2026-07-19 14:30:50,495 - 
--- EPOCH 802/1000 ---
2026-07-19 14:30:50,496 - Starting epoch 802
2026-07-19 14:30:52,253 - Epoch 802 results:
2026-07-19 14:30:52,254 -   Train Loss:           0.204401
2026-07-19 14:30:52,256 -   Val/Test Loss:        0.202099
2026-07-19 14:30:52,257 -   Train Bal.Accuracy:   0.721511
2026-07-19 14:30:52,258 -   Val/Test Bal.Accuracy:0.725041
2026-07-19 14:30:52,259 -   Loss gap:             0.002302
2026-07-19 14:30:52,259 -   Accuracy gap:         -0.003529
2026-07-19 14:30:52,260 -   Epoch time:           1.76 sec
2026-07-19 14:30:52,261 - 
--- EPOCH 803/1000 ---
2026-07-19 14:30:52,262 - Starting epoch 803
2026-07-19 14:30:54,054 - Epoch 803 results:
2026-07-19 14:30:54,056 -   Train Loss:           0.204401
2026-07-19 14:30:54,057 -   Val/Test Loss:        0.202099
2026-07-19 14:30:54,058 -   Train Bal.Accuracy:   0.721511
2026-07-19 14:30:54,059 -   Val/Test Bal.Accuracy:0.725041
2026-07-19 14:30:54,060 -   Loss gap:             0.002302
2026-07-19 14:30:54,060 -   Accuracy gap:         -0.003529
2026-07-19 14:30:54,061 -   Epoch time:           1.79 sec
2026-07-19 14:30:54,062 - 
--- EPOCH 804/1000 ---
2026-07-19 14:30:54,063 - Starting epoch 804
2026-07-19 14:30:55,795 - Epoch 804 results:
2026-07-19 14:30:55,796 -   Train Loss:           0.204401
2026-07-19 14:30:55,797 -   Val/Test Loss:        0.202099
2026-07-19 14:30:55,798 -   Train Bal.Accuracy:   0.721511
2026-07-19 14:30:55,799 -   Val/Test Bal.Accuracy:0.725041
2026-07-19 14:30:55,799 -   Loss gap:             0.002302
2026-07-19 14:30:55,800 -   Accuracy gap:         -0.003529
2026-07-19 14:30:55,801 -   Epoch time:           1.73 sec
2026-07-19 14:30:55,802 - 
--- EPOCH 805/1000 ---
2026-07-19 14:30:55,803 - Starting epoch 805
2026-07-19 14:30:57,299 - Epoch 805 results:
2026-07-19 14:30:57,300 -   Train Loss:           0.204401
2026-07-19 14:30:57,300 -   Val/Test Loss:        0.202099
2026-07-19 14:30:57,301 -   Train Bal.Accuracy:   0.721511
2026-07-19 14:30:57,302 -   Val/Test Bal.Accuracy:0.725041
2026-07-19 14:30:57,303 -   Loss gap:             0.002302
2026-07-19 14:30:57,304 -   Accuracy gap:         -0.003529
2026-07-19 14:30:57,305 -   Epoch time:           1.50 sec
2026-07-19 14:30:57,306 - 
--- EPOCH 806/1000 ---
2026-07-19 14:30:57,307 - Starting epoch 806
2026-07-19 14:30:58,843 - Epoch 806 results:
2026-07-19 14:30:58,844 -   Train Loss:           0.204401
2026-07-19 14:30:58,845 -   Val/Test Loss:        0.202099
2026-07-19 14:30:58,846 -   Train Bal.Accuracy:   0.721503
2026-07-19 14:30:58,847 -   Val/Test Bal.Accuracy:0.725041
2026-07-19 14:30:58,848 -   Loss gap:             0.002302
2026-07-19 14:30:58,849 -   Accuracy gap:         -0.003538
2026-07-19 14:30:58,850 -   Epoch time:           1.54 sec
2026-07-19 14:30:58,851 - 
--- EPOCH 807/1000 ---
2026-07-19 14:30:58,852 - Starting epoch 807
2026-07-19 14:31:00,406 - Epoch 807 results:
2026-07-19 14:31:00,407 -   Train Loss:           0.204401
2026-07-19 14:31:00,408 -   Val/Test Loss:        0.202099
2026-07-19 14:31:00,409 -   Train Bal.Accuracy:   0.721502
2026-07-19 14:31:00,409 -   Val/Test Bal.Accuracy:0.725041
2026-07-19 14:31:00,410 -   Loss gap:             0.002302
2026-07-19 14:31:00,411 -   Accuracy gap:         -0.003538
2026-07-19 14:31:00,412 -   Epoch time:           1.56 sec
2026-07-19 14:31:00,413 - 
--- EPOCH 808/1000 ---
2026-07-19 14:31:00,414 - Starting epoch 808
2026-07-19 14:31:02,195 - Epoch 808 results:
2026-07-19 14:31:02,196 -   Train Loss:           0.204401
2026-07-19 14:31:02,197 -   Val/Test Loss:        0.202099
2026-07-19 14:31:02,198 -   Train Bal.Accuracy:   0.721502
2026-07-19 14:31:02,198 -   Val/Test Bal.Accuracy:0.725041
2026-07-19 14:31:02,199 -   Loss gap:             0.002302
2026-07-19 14:31:02,200 -   Accuracy gap:         -0.003538
2026-07-19 14:31:02,201 -   Epoch time:           1.78 sec
2026-07-19 14:31:02,202 - 
--- EPOCH 809/1000 ---
2026-07-19 14:31:02,202 - Starting epoch 809
2026-07-19 14:31:03,750 - Epoch 809 results:
2026-07-19 14:31:03,751 -   Train Loss:           0.204401
2026-07-19 14:31:03,752 -   Val/Test Loss:        0.202099
2026-07-19 14:31:03,753 -   Train Bal.Accuracy:   0.721494
2026-07-19 14:31:03,754 -   Val/Test Bal.Accuracy:0.725041
2026-07-19 14:31:03,755 -   Loss gap:             0.002302
2026-07-19 14:31:03,756 -   Accuracy gap:         -0.003547
2026-07-19 14:31:03,758 -   Epoch time:           1.55 sec
2026-07-19 14:31:03,759 - 
--- EPOCH 810/1000 ---
2026-07-19 14:31:03,760 - Starting epoch 810
2026-07-19 14:31:05,325 - Epoch 810 results:
2026-07-19 14:31:05,327 -   Train Loss:           0.204401
2026-07-19 14:31:05,328 -   Val/Test Loss:        0.202099
2026-07-19 14:31:05,329 -   Train Bal.Accuracy:   0.721494
2026-07-19 14:31:05,331 -   Val/Test Bal.Accuracy:0.725041
2026-07-19 14:31:05,332 -   Loss gap:             0.002302
2026-07-19 14:31:05,333 -   Accuracy gap:         -0.003547
2026-07-19 14:31:05,334 -   Epoch time:           1.57 sec
2026-07-19 14:31:05,335 - 
--- EPOCH 811/1000 ---
2026-07-19 14:31:05,337 - Starting epoch 811
2026-07-19 14:31:07,036 - Epoch 811 results:
2026-07-19 14:31:07,037 -   Train Loss:           0.204401
2026-07-19 14:31:07,039 -   Val/Test Loss:        0.202099
2026-07-19 14:31:07,040 -   Train Bal.Accuracy:   0.721494
2026-07-19 14:31:07,041 -   Val/Test Bal.Accuracy:0.725041
2026-07-19 14:31:07,042 -   Loss gap:             0.002302
2026-07-19 14:31:07,044 -   Accuracy gap:         -0.003547
2026-07-19 14:31:07,045 -   Epoch time:           1.70 sec
2026-07-19 14:31:07,047 - 
--- EPOCH 812/1000 ---
2026-07-19 14:31:07,048 - Starting epoch 812
2026-07-19 14:31:08,745 - Epoch 812 results:
2026-07-19 14:31:08,746 -   Train Loss:           0.204401
2026-07-19 14:31:08,747 -   Val/Test Loss:        0.202099
2026-07-19 14:31:08,748 -   Train Bal.Accuracy:   0.721494
2026-07-19 14:31:08,749 -   Val/Test Bal.Accuracy:0.725041
2026-07-19 14:31:08,750 -   Loss gap:             0.002302
2026-07-19 14:31:08,751 -   Accuracy gap:         -0.003547
2026-07-19 14:31:08,753 -   Epoch time:           1.70 sec
2026-07-19 14:31:08,754 - 
--- EPOCH 813/1000 ---
2026-07-19 14:31:08,755 - Starting epoch 813
2026-07-19 14:31:10,467 - Epoch 813 results:
2026-07-19 14:31:10,468 -   Train Loss:           0.204401
2026-07-19 14:31:10,469 -   Val/Test Loss:        0.202099
2026-07-19 14:31:10,470 -   Train Bal.Accuracy:   0.721494
2026-07-19 14:31:10,470 -   Val/Test Bal.Accuracy:0.725041
2026-07-19 14:31:10,471 -   Loss gap:             0.002302
2026-07-19 14:31:10,472 -   Accuracy gap:         -0.003547
2026-07-19 14:31:10,473 -   Epoch time:           1.71 sec
2026-07-19 14:31:10,474 - 
--- EPOCH 814/1000 ---
2026-07-19 14:31:10,475 - Starting epoch 814
2026-07-19 14:31:12,084 - Epoch 814 results:
2026-07-19 14:31:12,085 -   Train Loss:           0.204401
2026-07-19 14:31:12,085 -   Val/Test Loss:        0.202099
2026-07-19 14:31:12,087 -   Train Bal.Accuracy:   0.721494
2026-07-19 14:31:12,088 -   Val/Test Bal.Accuracy:0.725041
2026-07-19 14:31:12,089 -   Loss gap:             0.002302
2026-07-19 14:31:12,090 -   Accuracy gap:         -0.003547
2026-07-19 14:31:12,091 -   Epoch time:           1.61 sec
2026-07-19 14:31:12,093 - 
--- EPOCH 815/1000 ---
2026-07-19 14:31:12,095 - Starting epoch 815
2026-07-19 14:31:13,916 - Epoch 815 results:
2026-07-19 14:31:13,917 -   Train Loss:           0.204401
2026-07-19 14:31:13,918 -   Val/Test Loss:        0.202099
2026-07-19 14:31:13,919 -   Train Bal.Accuracy:   0.721494
2026-07-19 14:31:13,920 -   Val/Test Bal.Accuracy:0.725041
2026-07-19 14:31:13,922 -   Loss gap:             0.002302
2026-07-19 14:31:13,923 -   Accuracy gap:         -0.003547
2026-07-19 14:31:13,923 -   Epoch time:           1.82 sec
2026-07-19 14:31:13,925 - 
--- EPOCH 816/1000 ---
2026-07-19 14:31:13,926 - Starting epoch 816
2026-07-19 14:31:15,404 - Epoch 816 results:
2026-07-19 14:31:15,405 -   Train Loss:           0.204401
2026-07-19 14:31:15,406 -   Val/Test Loss:        0.202099
2026-07-19 14:31:15,407 -   Train Bal.Accuracy:   0.721494
2026-07-19 14:31:15,408 -   Val/Test Bal.Accuracy:0.725041
2026-07-19 14:31:15,409 -   Loss gap:             0.002302
2026-07-19 14:31:15,409 -   Accuracy gap:         -0.003547
2026-07-19 14:31:15,411 -   Epoch time:           1.48 sec
2026-07-19 14:31:15,411 - 
--- EPOCH 817/1000 ---
2026-07-19 14:31:15,413 - Starting epoch 817
2026-07-19 14:31:16,899 - Epoch 817 results:
2026-07-19 14:31:16,901 -   Train Loss:           0.204401
2026-07-19 14:31:16,902 -   Val/Test Loss:        0.202099
2026-07-19 14:31:16,903 -   Train Bal.Accuracy:   0.721495
2026-07-19 14:31:16,905 -   Val/Test Bal.Accuracy:0.725041
2026-07-19 14:31:16,906 -   Loss gap:             0.002302
2026-07-19 14:31:16,907 -   Accuracy gap:         -0.003546
2026-07-19 14:31:16,908 -   Epoch time:           1.49 sec
2026-07-19 14:31:16,910 - 
--- EPOCH 818/1000 ---
2026-07-19 14:31:16,912 - Starting epoch 818
2026-07-19 14:31:18,550 - Epoch 818 results:
2026-07-19 14:31:18,552 -   Train Loss:           0.204401
2026-07-19 14:31:18,554 -   Val/Test Loss:        0.202099
2026-07-19 14:31:18,556 -   Train Bal.Accuracy:   0.721495
2026-07-19 14:31:18,557 -   Val/Test Bal.Accuracy:0.725041
2026-07-19 14:31:18,559 -   Loss gap:             0.002302
2026-07-19 14:31:18,561 -   Accuracy gap:         -0.003546
2026-07-19 14:31:18,562 -   Epoch time:           1.64 sec
2026-07-19 14:31:18,564 - 
--- EPOCH 819/1000 ---
2026-07-19 14:31:18,565 - Starting epoch 819
2026-07-19 14:31:20,047 - Epoch 819 results:
2026-07-19 14:31:20,048 -   Train Loss:           0.204401
2026-07-19 14:31:20,049 -   Val/Test Loss:        0.202099
2026-07-19 14:31:20,050 -   Train Bal.Accuracy:   0.721495
2026-07-19 14:31:20,051 -   Val/Test Bal.Accuracy:0.725041
2026-07-19 14:31:20,052 -   Loss gap:             0.002302
2026-07-19 14:31:20,053 -   Accuracy gap:         -0.003546
2026-07-19 14:31:20,054 -   Epoch time:           1.48 sec
2026-07-19 14:31:20,055 - 
--- EPOCH 820/1000 ---
2026-07-19 14:31:20,055 - Starting epoch 820
2026-07-19 14:31:21,491 - Epoch 820 results:
2026-07-19 14:31:21,492 -   Train Loss:           0.204401
2026-07-19 14:31:21,493 -   Val/Test Loss:        0.202099
2026-07-19 14:31:21,494 -   Train Bal.Accuracy:   0.721495
2026-07-19 14:31:21,495 -   Val/Test Bal.Accuracy:0.725041
2026-07-19 14:31:21,496 -   Loss gap:             0.002302
2026-07-19 14:31:21,498 -   Accuracy gap:         -0.003546
2026-07-19 14:31:21,499 -   Epoch time:           1.44 sec
2026-07-19 14:31:21,500 - 
--- EPOCH 821/1000 ---
2026-07-19 14:31:21,502 - Starting epoch 821
2026-07-19 14:31:23,364 - Epoch 821 results:
2026-07-19 14:31:23,365 -   Train Loss:           0.204401
2026-07-19 14:31:23,366 -   Val/Test Loss:        0.202099
2026-07-19 14:31:23,367 -   Train Bal.Accuracy:   0.721495
2026-07-19 14:31:23,368 -   Val/Test Bal.Accuracy:0.725041
2026-07-19 14:31:23,369 -   Loss gap:             0.002302
2026-07-19 14:31:23,370 -   Accuracy gap:         -0.003546
2026-07-19 14:31:23,371 -   Epoch time:           1.86 sec
2026-07-19 14:31:23,372 - 
--- EPOCH 822/1000 ---
2026-07-19 14:31:23,373 - Starting epoch 822
2026-07-19 14:31:25,191 - Epoch 822 results:
2026-07-19 14:31:25,192 -   Train Loss:           0.204401
2026-07-19 14:31:25,193 -   Val/Test Loss:        0.202099
2026-07-19 14:31:25,194 -   Train Bal.Accuracy:   0.721507
2026-07-19 14:31:25,195 -   Val/Test Bal.Accuracy:0.725041
2026-07-19 14:31:25,196 -   Loss gap:             0.002302
2026-07-19 14:31:25,197 -   Accuracy gap:         -0.003534
2026-07-19 14:31:25,198 -   Epoch time:           1.82 sec
2026-07-19 14:31:25,199 - 
--- EPOCH 823/1000 ---
2026-07-19 14:31:25,200 - Starting epoch 823
2026-07-19 14:31:27,015 - Epoch 823 results:
2026-07-19 14:31:27,016 -   Train Loss:           0.204401
2026-07-19 14:31:27,017 -   Val/Test Loss:        0.202099
2026-07-19 14:31:27,019 -   Train Bal.Accuracy:   0.721507
2026-07-19 14:31:27,020 -   Val/Test Bal.Accuracy:0.725041
2026-07-19 14:31:27,021 -   Loss gap:             0.002302
2026-07-19 14:31:27,022 -   Accuracy gap:         -0.003534
2026-07-19 14:31:27,023 -   Epoch time:           1.82 sec
2026-07-19 14:31:27,024 - 
--- EPOCH 824/1000 ---
2026-07-19 14:31:27,025 - Starting epoch 824
2026-07-19 14:31:28,836 - Epoch 824 results:
2026-07-19 14:31:28,837 -   Train Loss:           0.204401
2026-07-19 14:31:28,838 -   Val/Test Loss:        0.202099
2026-07-19 14:31:28,839 -   Train Bal.Accuracy:   0.721507
2026-07-19 14:31:28,840 -   Val/Test Bal.Accuracy:0.725041
2026-07-19 14:31:28,841 -   Loss gap:             0.002302
2026-07-19 14:31:28,842 -   Accuracy gap:         -0.003534
2026-07-19 14:31:28,843 -   Epoch time:           1.81 sec
2026-07-19 14:31:28,844 - 
--- EPOCH 825/1000 ---
2026-07-19 14:31:28,845 - Starting epoch 825
2026-07-19 14:31:30,269 - Epoch 825 results:
2026-07-19 14:31:30,270 -   Train Loss:           0.204401
2026-07-19 14:31:30,270 -   Val/Test Loss:        0.202099
2026-07-19 14:31:30,271 -   Train Bal.Accuracy:   0.721507
2026-07-19 14:31:30,272 -   Val/Test Bal.Accuracy:0.725041
2026-07-19 14:31:30,273 -   Loss gap:             0.002302
2026-07-19 14:31:30,274 -   Accuracy gap:         -0.003534
2026-07-19 14:31:30,275 -   Epoch time:           1.42 sec
2026-07-19 14:31:30,276 - 
--- EPOCH 826/1000 ---
2026-07-19 14:31:30,276 - Starting epoch 826
2026-07-19 14:31:31,678 - Epoch 826 results:
2026-07-19 14:31:31,679 -   Train Loss:           0.204401
2026-07-19 14:31:31,680 -   Val/Test Loss:        0.202099
2026-07-19 14:31:31,681 -   Train Bal.Accuracy:   0.721507
2026-07-19 14:31:31,682 -   Val/Test Bal.Accuracy:0.725041
2026-07-19 14:31:31,683 -   Loss gap:             0.002302
2026-07-19 14:31:31,684 -   Accuracy gap:         -0.003534
2026-07-19 14:31:31,684 -   Epoch time:           1.40 sec
2026-07-19 14:31:31,685 - 
--- EPOCH 827/1000 ---
2026-07-19 14:31:31,686 - Starting epoch 827
2026-07-19 14:31:33,107 - Epoch 827 results:
2026-07-19 14:31:33,108 -   Train Loss:           0.204401
2026-07-19 14:31:33,110 -   Val/Test Loss:        0.202099
2026-07-19 14:31:33,111 -   Train Bal.Accuracy:   0.721507
2026-07-19 14:31:33,112 -   Val/Test Bal.Accuracy:0.725041
2026-07-19 14:31:33,113 -   Loss gap:             0.002302
2026-07-19 14:31:33,114 -   Accuracy gap:         -0.003534
2026-07-19 14:31:33,115 -   Epoch time:           1.42 sec
2026-07-19 14:31:33,115 - 
--- EPOCH 828/1000 ---
2026-07-19 14:31:33,116 - Starting epoch 828
2026-07-19 14:31:34,668 - Epoch 828 results:
2026-07-19 14:31:34,669 -   Train Loss:           0.204401
2026-07-19 14:31:34,670 -   Val/Test Loss:        0.202099
2026-07-19 14:31:34,670 -   Train Bal.Accuracy:   0.721519
2026-07-19 14:31:34,671 -   Val/Test Bal.Accuracy:0.725041
2026-07-19 14:31:34,672 -   Loss gap:             0.002302
2026-07-19 14:31:34,673 -   Accuracy gap:         -0.003522
2026-07-19 14:31:34,674 -   Epoch time:           1.55 sec
2026-07-19 14:31:34,675 - 
--- EPOCH 829/1000 ---
2026-07-19 14:31:34,676 - Starting epoch 829
2026-07-19 14:31:36,129 - Epoch 829 results:
2026-07-19 14:31:36,129 -   Train Loss:           0.204401
2026-07-19 14:31:36,130 -   Val/Test Loss:        0.202099
2026-07-19 14:31:36,131 -   Train Bal.Accuracy:   0.721519
2026-07-19 14:31:36,132 -   Val/Test Bal.Accuracy:0.725041
2026-07-19 14:31:36,133 -   Loss gap:             0.002302
2026-07-19 14:31:36,133 -   Accuracy gap:         -0.003522
2026-07-19 14:31:36,134 -   Epoch time:           1.45 sec
2026-07-19 14:31:36,135 - 
--- EPOCH 830/1000 ---
2026-07-19 14:31:36,136 - Starting epoch 830
2026-07-19 14:31:37,572 - Epoch 830 results:
2026-07-19 14:31:37,573 -   Train Loss:           0.204401
2026-07-19 14:31:37,574 -   Val/Test Loss:        0.202099
2026-07-19 14:31:37,575 -   Train Bal.Accuracy:   0.721519
2026-07-19 14:31:37,576 -   Val/Test Bal.Accuracy:0.725041
2026-07-19 14:31:37,577 -   Loss gap:             0.002302
2026-07-19 14:31:37,578 -   Accuracy gap:         -0.003522
2026-07-19 14:31:37,579 -   Epoch time:           1.44 sec
2026-07-19 14:31:37,579 - 
--- EPOCH 831/1000 ---
2026-07-19 14:31:37,580 - Starting epoch 831
2026-07-19 14:31:39,188 - Epoch 831 results:
2026-07-19 14:31:39,189 -   Train Loss:           0.204401
2026-07-19 14:31:39,190 -   Val/Test Loss:        0.202099
2026-07-19 14:31:39,190 -   Train Bal.Accuracy:   0.721519
2026-07-19 14:31:39,191 -   Val/Test Bal.Accuracy:0.725041
2026-07-19 14:31:39,192 -   Loss gap:             0.002302
2026-07-19 14:31:39,193 -   Accuracy gap:         -0.003522
2026-07-19 14:31:39,194 -   Epoch time:           1.61 sec
2026-07-19 14:31:39,195 - 
--- EPOCH 832/1000 ---
2026-07-19 14:31:39,196 - Starting epoch 832
2026-07-19 14:31:40,591 - Epoch 832 results:
2026-07-19 14:31:40,592 -   Train Loss:           0.204401
2026-07-19 14:31:40,593 -   Val/Test Loss:        0.202099
2026-07-19 14:31:40,594 -   Train Bal.Accuracy:   0.721519
2026-07-19 14:31:40,595 -   Val/Test Bal.Accuracy:0.725041
2026-07-19 14:31:40,596 -   Loss gap:             0.002302
2026-07-19 14:31:40,597 -   Accuracy gap:         -0.003522
2026-07-19 14:31:40,597 -   Epoch time:           1.40 sec
2026-07-19 14:31:40,598 - 
--- EPOCH 833/1000 ---
2026-07-19 14:31:40,599 - Starting epoch 833
2026-07-19 14:31:42,090 - Epoch 833 results:
2026-07-19 14:31:42,091 -   Train Loss:           0.204401
2026-07-19 14:31:42,092 -   Val/Test Loss:        0.202099
2026-07-19 14:31:42,093 -   Train Bal.Accuracy:   0.721519
2026-07-19 14:31:42,094 -   Val/Test Bal.Accuracy:0.725041
2026-07-19 14:31:42,095 -   Loss gap:             0.002302
2026-07-19 14:31:42,096 -   Accuracy gap:         -0.003522
2026-07-19 14:31:42,097 -   Epoch time:           1.49 sec
2026-07-19 14:31:42,098 - 
--- EPOCH 834/1000 ---
2026-07-19 14:31:42,100 - Starting epoch 834
2026-07-19 14:31:43,789 - Epoch 834 results:
2026-07-19 14:31:43,791 -   Train Loss:           0.204401
2026-07-19 14:31:43,792 -   Val/Test Loss:        0.202099
2026-07-19 14:31:43,793 -   Train Bal.Accuracy:   0.721519
2026-07-19 14:31:43,794 -   Val/Test Bal.Accuracy:0.725041
2026-07-19 14:31:43,796 -   Loss gap:             0.002302
2026-07-19 14:31:43,797 -   Accuracy gap:         -0.003522
2026-07-19 14:31:43,798 -   Epoch time:           1.69 sec
2026-07-19 14:31:43,799 - 
--- EPOCH 835/1000 ---
2026-07-19 14:31:43,800 - Starting epoch 835
2026-07-19 14:31:45,373 - Epoch 835 results:
2026-07-19 14:31:45,374 -   Train Loss:           0.204401
2026-07-19 14:31:45,376 -   Val/Test Loss:        0.202099
2026-07-19 14:31:45,377 -   Train Bal.Accuracy:   0.721519
2026-07-19 14:31:45,378 -   Val/Test Bal.Accuracy:0.725041
2026-07-19 14:31:45,378 -   Loss gap:             0.002302
2026-07-19 14:31:45,379 -   Accuracy gap:         -0.003522
2026-07-19 14:31:45,380 -   Epoch time:           1.57 sec
2026-07-19 14:31:45,381 - 
--- EPOCH 836/1000 ---
2026-07-19 14:31:45,381 - Starting epoch 836
2026-07-19 14:31:47,299 - Epoch 836 results:
2026-07-19 14:31:47,300 -   Train Loss:           0.204401
2026-07-19 14:31:47,301 -   Val/Test Loss:        0.202099
2026-07-19 14:31:47,302 -   Train Bal.Accuracy:   0.721519
2026-07-19 14:31:47,302 -   Val/Test Bal.Accuracy:0.725041
2026-07-19 14:31:47,303 -   Loss gap:             0.002302
2026-07-19 14:31:47,304 -   Accuracy gap:         -0.003522
2026-07-19 14:31:47,305 -   Epoch time:           1.92 sec
2026-07-19 14:31:47,306 - 
--- EPOCH 837/1000 ---
2026-07-19 14:31:47,307 - Starting epoch 837
2026-07-19 14:31:49,117 - Epoch 837 results:
2026-07-19 14:31:49,118 -   Train Loss:           0.204401
2026-07-19 14:31:49,119 -   Val/Test Loss:        0.202099
2026-07-19 14:31:49,120 -   Train Bal.Accuracy:   0.721510
2026-07-19 14:31:49,121 -   Val/Test Bal.Accuracy:0.725041
2026-07-19 14:31:49,123 -   Loss gap:             0.002302
2026-07-19 14:31:49,124 -   Accuracy gap:         -0.003530
2026-07-19 14:31:49,125 -   Epoch time:           1.81 sec
2026-07-19 14:31:49,126 - 
--- EPOCH 838/1000 ---
2026-07-19 14:31:49,127 - Starting epoch 838
2026-07-19 14:31:50,554 - Epoch 838 results:
2026-07-19 14:31:50,555 -   Train Loss:           0.204401
2026-07-19 14:31:50,556 -   Val/Test Loss:        0.202099
2026-07-19 14:31:50,557 -   Train Bal.Accuracy:   0.721510
2026-07-19 14:31:50,558 -   Val/Test Bal.Accuracy:0.725041
2026-07-19 14:31:50,560 -   Loss gap:             0.002302
2026-07-19 14:31:50,561 -   Accuracy gap:         -0.003530
2026-07-19 14:31:50,562 -   Epoch time:           1.43 sec
2026-07-19 14:31:50,562 - 
--- EPOCH 839/1000 ---
2026-07-19 14:31:50,563 - Starting epoch 839
2026-07-19 14:31:52,098 - Epoch 839 results:
2026-07-19 14:31:52,099 -   Train Loss:           0.204401
2026-07-19 14:31:52,099 -   Val/Test Loss:        0.202099
2026-07-19 14:31:52,100 -   Train Bal.Accuracy:   0.721510
2026-07-19 14:31:52,101 -   Val/Test Bal.Accuracy:0.725041
2026-07-19 14:31:52,102 -   Loss gap:             0.002302
2026-07-19 14:31:52,103 -   Accuracy gap:         -0.003530
2026-07-19 14:31:52,103 -   Epoch time:           1.54 sec
2026-07-19 14:31:52,104 - 
--- EPOCH 840/1000 ---
2026-07-19 14:31:52,105 - Starting epoch 840
2026-07-19 14:31:53,530 - Epoch 840 results:
2026-07-19 14:31:53,531 -   Train Loss:           0.204401
2026-07-19 14:31:53,532 -   Val/Test Loss:        0.202099
2026-07-19 14:31:53,533 -   Train Bal.Accuracy:   0.721510
2026-07-19 14:31:53,534 -   Val/Test Bal.Accuracy:0.725041
2026-07-19 14:31:53,535 -   Loss gap:             0.002302
2026-07-19 14:31:53,536 -   Accuracy gap:         -0.003530
2026-07-19 14:31:53,537 -   Epoch time:           1.43 sec
2026-07-19 14:31:53,538 - 
--- EPOCH 841/1000 ---
2026-07-19 14:31:53,539 - Starting epoch 841
2026-07-19 14:31:55,121 - Epoch 841 results:
2026-07-19 14:31:55,123 -   Train Loss:           0.204401
2026-07-19 14:31:55,124 -   Val/Test Loss:        0.202099
2026-07-19 14:31:55,125 -   Train Bal.Accuracy:   0.721510
2026-07-19 14:31:55,127 -   Val/Test Bal.Accuracy:0.725041
2026-07-19 14:31:55,128 -   Loss gap:             0.002302
2026-07-19 14:31:55,129 -   Accuracy gap:         -0.003530
2026-07-19 14:31:55,130 -   Epoch time:           1.58 sec
2026-07-19 14:31:55,131 - 
--- EPOCH 842/1000 ---
2026-07-19 14:31:55,132 - Starting epoch 842
2026-07-19 14:31:56,544 - Epoch 842 results:
2026-07-19 14:31:56,545 -   Train Loss:           0.204401
2026-07-19 14:31:56,546 -   Val/Test Loss:        0.202099
2026-07-19 14:31:56,547 -   Train Bal.Accuracy:   0.721510
2026-07-19 14:31:56,548 -   Val/Test Bal.Accuracy:0.725041
2026-07-19 14:31:56,548 -   Loss gap:             0.002302
2026-07-19 14:31:56,549 -   Accuracy gap:         -0.003530
2026-07-19 14:31:56,550 -   Epoch time:           1.41 sec
2026-07-19 14:31:56,551 - 
--- EPOCH 843/1000 ---
2026-07-19 14:31:56,551 - Starting epoch 843
2026-07-19 14:31:58,086 - Epoch 843 results:
2026-07-19 14:31:58,087 -   Train Loss:           0.204401
2026-07-19 14:31:58,088 -   Val/Test Loss:        0.202099
2026-07-19 14:31:58,088 -   Train Bal.Accuracy:   0.721510
2026-07-19 14:31:58,089 -   Val/Test Bal.Accuracy:0.725041
2026-07-19 14:31:58,090 -   Loss gap:             0.002302
2026-07-19 14:31:58,091 -   Accuracy gap:         -0.003530
2026-07-19 14:31:58,092 -   Epoch time:           1.54 sec
2026-07-19 14:31:58,093 - 
--- EPOCH 844/1000 ---
2026-07-19 14:31:58,095 - Starting epoch 844
2026-07-19 14:31:59,719 - Epoch 844 results:
2026-07-19 14:31:59,720 -   Train Loss:           0.204401
2026-07-19 14:31:59,721 -   Val/Test Loss:        0.202099
2026-07-19 14:31:59,722 -   Train Bal.Accuracy:   0.721510
2026-07-19 14:31:59,723 -   Val/Test Bal.Accuracy:0.725041
2026-07-19 14:31:59,724 -   Loss gap:             0.002302
2026-07-19 14:31:59,725 -   Accuracy gap:         -0.003530
2026-07-19 14:31:59,726 -   Epoch time:           1.63 sec
2026-07-19 14:31:59,727 - 
--- EPOCH 845/1000 ---
2026-07-19 14:31:59,728 - Starting epoch 845
2026-07-19 14:32:01,146 - Epoch 845 results:
2026-07-19 14:32:01,147 -   Train Loss:           0.204401
2026-07-19 14:32:01,148 -   Val/Test Loss:        0.202099
2026-07-19 14:32:01,148 -   Train Bal.Accuracy:   0.721510
2026-07-19 14:32:01,149 -   Val/Test Bal.Accuracy:0.725041
2026-07-19 14:32:01,150 -   Loss gap:             0.002302
2026-07-19 14:32:01,150 -   Accuracy gap:         -0.003530
2026-07-19 14:32:01,151 -   Epoch time:           1.42 sec
2026-07-19 14:32:01,152 - 
--- EPOCH 846/1000 ---
2026-07-19 14:32:01,153 - Starting epoch 846
2026-07-19 14:32:02,973 - Epoch 846 results:
2026-07-19 14:32:02,974 -   Train Loss:           0.204401
2026-07-19 14:32:02,975 -   Val/Test Loss:        0.202099
2026-07-19 14:32:02,976 -   Train Bal.Accuracy:   0.721510
2026-07-19 14:32:02,978 -   Val/Test Bal.Accuracy:0.725041
2026-07-19 14:32:02,979 -   Loss gap:             0.002302
2026-07-19 14:32:02,980 -   Accuracy gap:         -0.003530
2026-07-19 14:32:02,980 -   Epoch time:           1.82 sec
2026-07-19 14:32:02,981 - 
--- EPOCH 847/1000 ---
2026-07-19 14:32:02,983 - Starting epoch 847
2026-07-19 14:32:04,744 - Epoch 847 results:
2026-07-19 14:32:04,746 -   Train Loss:           0.204401
2026-07-19 14:32:04,747 -   Val/Test Loss:        0.202099
2026-07-19 14:32:04,748 -   Train Bal.Accuracy:   0.721510
2026-07-19 14:32:04,750 -   Val/Test Bal.Accuracy:0.725041
2026-07-19 14:32:04,751 -   Loss gap:             0.002302
2026-07-19 14:32:04,752 -   Accuracy gap:         -0.003530
2026-07-19 14:32:04,753 -   Epoch time:           1.76 sec
2026-07-19 14:32:04,755 - 
--- EPOCH 848/1000 ---
2026-07-19 14:32:04,756 - Starting epoch 848
2026-07-19 14:32:06,577 - Epoch 848 results:
2026-07-19 14:32:06,578 -   Train Loss:           0.204401
2026-07-19 14:32:06,579 -   Val/Test Loss:        0.202099
2026-07-19 14:32:06,581 -   Train Bal.Accuracy:   0.721510
2026-07-19 14:32:06,582 -   Val/Test Bal.Accuracy:0.725041
2026-07-19 14:32:06,583 -   Loss gap:             0.002302
2026-07-19 14:32:06,583 -   Accuracy gap:         -0.003530
2026-07-19 14:32:06,584 -   Epoch time:           1.82 sec
2026-07-19 14:32:06,585 - 
--- EPOCH 849/1000 ---
2026-07-19 14:32:06,587 - Starting epoch 849
2026-07-19 14:32:08,175 - Epoch 849 results:
2026-07-19 14:32:08,176 -   Train Loss:           0.204401
2026-07-19 14:32:08,177 -   Val/Test Loss:        0.202099
2026-07-19 14:32:08,178 -   Train Bal.Accuracy:   0.721510
2026-07-19 14:32:08,179 -   Val/Test Bal.Accuracy:0.725041
2026-07-19 14:32:08,180 -   Loss gap:             0.002302
2026-07-19 14:32:08,181 -   Accuracy gap:         -0.003530
2026-07-19 14:32:08,182 -   Epoch time:           1.59 sec
2026-07-19 14:32:08,183 - 
--- EPOCH 850/1000 ---
2026-07-19 14:32:08,183 - Starting epoch 850
2026-07-19 14:32:09,649 - Epoch 850 results:
2026-07-19 14:32:09,650 -   Train Loss:           0.204401
2026-07-19 14:32:09,651 -   Val/Test Loss:        0.202099
2026-07-19 14:32:09,651 -   Train Bal.Accuracy:   0.721510
2026-07-19 14:32:09,652 -   Val/Test Bal.Accuracy:0.725041
2026-07-19 14:32:09,653 -   Loss gap:             0.002302
2026-07-19 14:32:09,654 -   Accuracy gap:         -0.003530
2026-07-19 14:32:09,655 -   Epoch time:           1.47 sec
2026-07-19 14:32:09,656 - 
--- EPOCH 851/1000 ---
2026-07-19 14:32:09,656 - Starting epoch 851
2026-07-19 14:32:11,210 - Epoch 851 results:
2026-07-19 14:32:11,211 -   Train Loss:           0.204401
2026-07-19 14:32:11,212 -   Val/Test Loss:        0.202099
2026-07-19 14:32:11,213 -   Train Bal.Accuracy:   0.721510
2026-07-19 14:32:11,214 -   Val/Test Bal.Accuracy:0.725041
2026-07-19 14:32:11,215 -   Loss gap:             0.002302
2026-07-19 14:32:11,216 -   Accuracy gap:         -0.003530
2026-07-19 14:32:11,216 -   Epoch time:           1.55 sec
2026-07-19 14:32:11,217 - 
--- EPOCH 852/1000 ---
2026-07-19 14:32:11,217 - Starting epoch 852
2026-07-19 14:32:12,677 - Epoch 852 results:
2026-07-19 14:32:12,678 -   Train Loss:           0.204401
2026-07-19 14:32:12,679 -   Val/Test Loss:        0.202099
2026-07-19 14:32:12,680 -   Train Bal.Accuracy:   0.721510
2026-07-19 14:32:12,681 -   Val/Test Bal.Accuracy:0.725041
2026-07-19 14:32:12,681 -   Loss gap:             0.002302
2026-07-19 14:32:12,682 -   Accuracy gap:         -0.003530
2026-07-19 14:32:12,683 -   Epoch time:           1.46 sec
2026-07-19 14:32:12,684 - 
--- EPOCH 853/1000 ---
2026-07-19 14:32:12,684 - Starting epoch 853
2026-07-19 14:32:14,139 - Epoch 853 results:
2026-07-19 14:32:14,140 -   Train Loss:           0.204401
2026-07-19 14:32:14,141 -   Val/Test Loss:        0.202099
2026-07-19 14:32:14,142 -   Train Bal.Accuracy:   0.721510
2026-07-19 14:32:14,143 -   Val/Test Bal.Accuracy:0.725041
2026-07-19 14:32:14,144 -   Loss gap:             0.002302
2026-07-19 14:32:14,145 -   Accuracy gap:         -0.003530
2026-07-19 14:32:14,146 -   Epoch time:           1.46 sec
2026-07-19 14:32:14,146 - 
--- EPOCH 854/1000 ---
2026-07-19 14:32:14,147 - Starting epoch 854
2026-07-19 14:32:15,617 - Epoch 854 results:
2026-07-19 14:32:15,618 -   Train Loss:           0.204401
2026-07-19 14:32:15,619 -   Val/Test Loss:        0.202099
2026-07-19 14:32:15,620 -   Train Bal.Accuracy:   0.721510
2026-07-19 14:32:15,621 -   Val/Test Bal.Accuracy:0.725041
2026-07-19 14:32:15,622 -   Loss gap:             0.002302
2026-07-19 14:32:15,622 -   Accuracy gap:         -0.003530
2026-07-19 14:32:15,623 -   Epoch time:           1.47 sec
2026-07-19 14:32:15,624 - 
--- EPOCH 855/1000 ---
2026-07-19 14:32:15,625 - Starting epoch 855
2026-07-19 14:32:17,019 - Epoch 855 results:
2026-07-19 14:32:17,020 -   Train Loss:           0.204401
2026-07-19 14:32:17,021 -   Val/Test Loss:        0.202099
2026-07-19 14:32:17,022 -   Train Bal.Accuracy:   0.721510
2026-07-19 14:32:17,023 -   Val/Test Bal.Accuracy:0.725041
2026-07-19 14:32:17,025 -   Loss gap:             0.002302
2026-07-19 14:32:17,027 -   Accuracy gap:         -0.003530
2026-07-19 14:32:17,028 -   Epoch time:           1.39 sec
2026-07-19 14:32:17,030 - 
--- EPOCH 856/1000 ---
2026-07-19 14:32:17,031 - Starting epoch 856
2026-07-19 14:32:18,568 - Epoch 856 results:
2026-07-19 14:32:18,569 -   Train Loss:           0.204401
2026-07-19 14:32:18,570 -   Val/Test Loss:        0.202099
2026-07-19 14:32:18,571 -   Train Bal.Accuracy:   0.721522
2026-07-19 14:32:18,572 -   Val/Test Bal.Accuracy:0.725041
2026-07-19 14:32:18,573 -   Loss gap:             0.002302
2026-07-19 14:32:18,574 -   Accuracy gap:         -0.003518
2026-07-19 14:32:18,575 -   Epoch time:           1.54 sec
2026-07-19 14:32:18,576 - 
--- EPOCH 857/1000 ---
2026-07-19 14:32:18,577 - Starting epoch 857
2026-07-19 14:32:20,109 - Epoch 857 results:
2026-07-19 14:32:20,110 -   Train Loss:           0.204401
2026-07-19 14:32:20,111 -   Val/Test Loss:        0.202099
2026-07-19 14:32:20,111 -   Train Bal.Accuracy:   0.721522
2026-07-19 14:32:20,112 -   Val/Test Bal.Accuracy:0.725041
2026-07-19 14:32:20,113 -   Loss gap:             0.002302
2026-07-19 14:32:20,114 -   Accuracy gap:         -0.003518
2026-07-19 14:32:20,115 -   Epoch time:           1.53 sec
2026-07-19 14:32:20,116 - 
--- EPOCH 858/1000 ---
2026-07-19 14:32:20,117 - Starting epoch 858
2026-07-19 14:32:21,648 - Epoch 858 results:
2026-07-19 14:32:21,650 -   Train Loss:           0.204401
2026-07-19 14:32:21,651 -   Val/Test Loss:        0.202099
2026-07-19 14:32:21,652 -   Train Bal.Accuracy:   0.721522
2026-07-19 14:32:21,653 -   Val/Test Bal.Accuracy:0.725041
2026-07-19 14:32:21,653 -   Loss gap:             0.002302
2026-07-19 14:32:21,654 -   Accuracy gap:         -0.003518
2026-07-19 14:32:21,655 -   Epoch time:           1.53 sec
2026-07-19 14:32:21,656 - 
--- EPOCH 859/1000 ---
2026-07-19 14:32:21,658 - Starting epoch 859
2026-07-19 14:32:23,238 - Epoch 859 results:
2026-07-19 14:32:23,239 -   Train Loss:           0.204401
2026-07-19 14:32:23,240 -   Val/Test Loss:        0.202099
2026-07-19 14:32:23,241 -   Train Bal.Accuracy:   0.721522
2026-07-19 14:32:23,242 -   Val/Test Bal.Accuracy:0.725041
2026-07-19 14:32:23,243 -   Loss gap:             0.002302
2026-07-19 14:32:23,245 -   Accuracy gap:         -0.003518
2026-07-19 14:32:23,246 -   Epoch time:           1.58 sec
2026-07-19 14:32:23,247 - 
--- EPOCH 860/1000 ---
2026-07-19 14:32:23,248 - Starting epoch 860
2026-07-19 14:32:24,903 - Epoch 860 results:
2026-07-19 14:32:24,904 -   Train Loss:           0.204401
2026-07-19 14:32:24,905 -   Val/Test Loss:        0.202099
2026-07-19 14:32:24,906 -   Train Bal.Accuracy:   0.721522
2026-07-19 14:32:24,907 -   Val/Test Bal.Accuracy:0.725041
2026-07-19 14:32:24,909 -   Loss gap:             0.002302
2026-07-19 14:32:24,910 -   Accuracy gap:         -0.003519
2026-07-19 14:32:24,911 -   Epoch time:           1.66 sec
2026-07-19 14:32:24,912 - 
--- EPOCH 861/1000 ---
2026-07-19 14:32:24,913 - Starting epoch 861
2026-07-19 14:32:26,341 - Epoch 861 results:
2026-07-19 14:32:26,342 -   Train Loss:           0.204401
2026-07-19 14:32:26,343 -   Val/Test Loss:        0.202099
2026-07-19 14:32:26,344 -   Train Bal.Accuracy:   0.721522
2026-07-19 14:32:26,345 -   Val/Test Bal.Accuracy:0.725041
2026-07-19 14:32:26,346 -   Loss gap:             0.002302
2026-07-19 14:32:26,347 -   Accuracy gap:         -0.003519
2026-07-19 14:32:26,348 -   Epoch time:           1.43 sec
2026-07-19 14:32:26,349 - 
--- EPOCH 862/1000 ---
2026-07-19 14:32:26,350 - Starting epoch 862
2026-07-19 14:32:27,893 - Epoch 862 results:
2026-07-19 14:32:27,894 -   Train Loss:           0.204401
2026-07-19 14:32:27,895 -   Val/Test Loss:        0.202099
2026-07-19 14:32:27,896 -   Train Bal.Accuracy:   0.721522
2026-07-19 14:32:27,897 -   Val/Test Bal.Accuracy:0.725041
2026-07-19 14:32:27,898 -   Loss gap:             0.002302
2026-07-19 14:32:27,898 -   Accuracy gap:         -0.003519
2026-07-19 14:32:27,900 -   Epoch time:           1.54 sec
2026-07-19 14:32:27,900 - 
--- EPOCH 863/1000 ---
2026-07-19 14:32:27,901 - Starting epoch 863
2026-07-19 14:32:29,469 - Epoch 863 results:
2026-07-19 14:32:29,470 -   Train Loss:           0.204401
2026-07-19 14:32:29,471 -   Val/Test Loss:        0.202099
2026-07-19 14:32:29,472 -   Train Bal.Accuracy:   0.721522
2026-07-19 14:32:29,473 -   Val/Test Bal.Accuracy:0.725021
2026-07-19 14:32:29,474 -   Loss gap:             0.002302
2026-07-19 14:32:29,475 -   Accuracy gap:         -0.003499
2026-07-19 14:32:29,476 -   Epoch time:           1.57 sec
2026-07-19 14:32:29,477 - 
--- EPOCH 864/1000 ---
2026-07-19 14:32:29,478 - Starting epoch 864
2026-07-19 14:32:30,923 - Epoch 864 results:
2026-07-19 14:32:30,924 -   Train Loss:           0.204401
2026-07-19 14:32:30,925 -   Val/Test Loss:        0.202099
2026-07-19 14:32:30,926 -   Train Bal.Accuracy:   0.721522
2026-07-19 14:32:30,927 -   Val/Test Bal.Accuracy:0.725021
2026-07-19 14:32:30,928 -   Loss gap:             0.002302
2026-07-19 14:32:30,929 -   Accuracy gap:         -0.003499
2026-07-19 14:32:30,930 -   Epoch time:           1.45 sec
2026-07-19 14:32:30,931 - 
--- EPOCH 865/1000 ---
2026-07-19 14:32:30,932 - Starting epoch 865
2026-07-19 14:32:32,426 - Epoch 865 results:
2026-07-19 14:32:32,427 -   Train Loss:           0.204401
2026-07-19 14:32:32,428 -   Val/Test Loss:        0.202099
2026-07-19 14:32:32,429 -   Train Bal.Accuracy:   0.721522
2026-07-19 14:32:32,430 -   Val/Test Bal.Accuracy:0.725021
2026-07-19 14:32:32,431 -   Loss gap:             0.002302
2026-07-19 14:32:32,432 -   Accuracy gap:         -0.003499
2026-07-19 14:32:32,433 -   Epoch time:           1.49 sec
2026-07-19 14:32:32,434 - 
--- EPOCH 866/1000 ---
2026-07-19 14:32:32,435 - Starting epoch 866
2026-07-19 14:32:33,895 - Epoch 866 results:
2026-07-19 14:32:33,896 -   Train Loss:           0.204401
2026-07-19 14:32:33,897 -   Val/Test Loss:        0.202099
2026-07-19 14:32:33,898 -   Train Bal.Accuracy:   0.721522
2026-07-19 14:32:33,899 -   Val/Test Bal.Accuracy:0.725021
2026-07-19 14:32:33,900 -   Loss gap:             0.002302
2026-07-19 14:32:33,901 -   Accuracy gap:         -0.003499
2026-07-19 14:32:33,901 -   Epoch time:           1.46 sec
2026-07-19 14:32:33,902 - 
--- EPOCH 867/1000 ---
2026-07-19 14:32:33,903 - Starting epoch 867
2026-07-19 14:32:35,284 - Epoch 867 results:
2026-07-19 14:32:35,285 -   Train Loss:           0.204401
2026-07-19 14:32:35,286 -   Val/Test Loss:        0.202099
2026-07-19 14:32:35,287 -   Train Bal.Accuracy:   0.721522
2026-07-19 14:32:35,287 -   Val/Test Bal.Accuracy:0.725021
2026-07-19 14:32:35,288 -   Loss gap:             0.002302
2026-07-19 14:32:35,289 -   Accuracy gap:         -0.003499
2026-07-19 14:32:35,290 -   Epoch time:           1.38 sec
2026-07-19 14:32:35,291 - 
--- EPOCH 868/1000 ---
2026-07-19 14:32:35,292 - Starting epoch 868
2026-07-19 14:32:36,683 - Epoch 868 results:
2026-07-19 14:32:36,684 -   Train Loss:           0.204401
2026-07-19 14:32:36,685 -   Val/Test Loss:        0.202099
2026-07-19 14:32:36,686 -   Train Bal.Accuracy:   0.721522
2026-07-19 14:32:36,687 -   Val/Test Bal.Accuracy:0.725021
2026-07-19 14:32:36,688 -   Loss gap:             0.002302
2026-07-19 14:32:36,688 -   Accuracy gap:         -0.003499
2026-07-19 14:32:36,689 -   Epoch time:           1.39 sec
2026-07-19 14:32:36,690 - 
--- EPOCH 869/1000 ---
2026-07-19 14:32:36,691 - Starting epoch 869
2026-07-19 14:32:38,140 - Epoch 869 results:
2026-07-19 14:32:38,141 -   Train Loss:           0.204401
2026-07-19 14:32:38,142 -   Val/Test Loss:        0.202099
2026-07-19 14:32:38,143 -   Train Bal.Accuracy:   0.721522
2026-07-19 14:32:38,144 -   Val/Test Bal.Accuracy:0.725021
2026-07-19 14:32:38,145 -   Loss gap:             0.002302
2026-07-19 14:32:38,146 -   Accuracy gap:         -0.003499
2026-07-19 14:32:38,147 -   Epoch time:           1.45 sec
2026-07-19 14:32:38,148 - 
--- EPOCH 870/1000 ---
2026-07-19 14:32:38,149 - Starting epoch 870
2026-07-19 14:32:39,608 - Epoch 870 results:
2026-07-19 14:32:39,609 -   Train Loss:           0.204401
2026-07-19 14:32:39,610 -   Val/Test Loss:        0.202099
2026-07-19 14:32:39,611 -   Train Bal.Accuracy:   0.721522
2026-07-19 14:32:39,612 -   Val/Test Bal.Accuracy:0.725021
2026-07-19 14:32:39,613 -   Loss gap:             0.002302
2026-07-19 14:32:39,614 -   Accuracy gap:         -0.003499
2026-07-19 14:32:39,614 -   Epoch time:           1.46 sec
2026-07-19 14:32:39,615 - 
--- EPOCH 871/1000 ---
2026-07-19 14:32:39,616 - Starting epoch 871
2026-07-19 14:32:41,060 - Epoch 871 results:
2026-07-19 14:32:41,061 -   Train Loss:           0.204401
2026-07-19 14:32:41,062 -   Val/Test Loss:        0.202099
2026-07-19 14:32:41,063 -   Train Bal.Accuracy:   0.721522
2026-07-19 14:32:41,064 -   Val/Test Bal.Accuracy:0.725021
2026-07-19 14:32:41,065 -   Loss gap:             0.002302
2026-07-19 14:32:41,066 -   Accuracy gap:         -0.003499
2026-07-19 14:32:41,066 -   Epoch time:           1.44 sec
2026-07-19 14:32:41,067 - 
--- EPOCH 872/1000 ---
2026-07-19 14:32:41,068 - Starting epoch 872
2026-07-19 14:32:42,452 - Epoch 872 results:
2026-07-19 14:32:42,453 -   Train Loss:           0.204401
2026-07-19 14:32:42,454 -   Val/Test Loss:        0.202099
2026-07-19 14:32:42,455 -   Train Bal.Accuracy:   0.721522
2026-07-19 14:32:42,456 -   Val/Test Bal.Accuracy:0.725021
2026-07-19 14:32:42,456 -   Loss gap:             0.002302
2026-07-19 14:32:42,457 -   Accuracy gap:         -0.003499
2026-07-19 14:32:42,458 -   Epoch time:           1.39 sec
2026-07-19 14:32:42,459 - 
--- EPOCH 873/1000 ---
2026-07-19 14:32:42,460 - Starting epoch 873
2026-07-19 14:32:43,977 - Epoch 873 results:
2026-07-19 14:32:43,978 -   Train Loss:           0.204401
2026-07-19 14:32:43,979 -   Val/Test Loss:        0.202099
2026-07-19 14:32:43,980 -   Train Bal.Accuracy:   0.721522
2026-07-19 14:32:43,980 -   Val/Test Bal.Accuracy:0.725021
2026-07-19 14:32:43,982 -   Loss gap:             0.002302
2026-07-19 14:32:43,983 -   Accuracy gap:         -0.003499
2026-07-19 14:32:43,984 -   Epoch time:           1.52 sec
2026-07-19 14:32:43,984 - 
--- EPOCH 874/1000 ---
2026-07-19 14:32:43,986 - Starting epoch 874
2026-07-19 14:32:45,597 - Epoch 874 results:
2026-07-19 14:32:45,598 -   Train Loss:           0.204401
2026-07-19 14:32:45,598 -   Val/Test Loss:        0.202099
2026-07-19 14:32:45,599 -   Train Bal.Accuracy:   0.721522
2026-07-19 14:32:45,600 -   Val/Test Bal.Accuracy:0.725048
2026-07-19 14:32:45,601 -   Loss gap:             0.002302
2026-07-19 14:32:45,602 -   Accuracy gap:         -0.003527
2026-07-19 14:32:45,604 -   Epoch time:           1.61 sec
2026-07-19 14:32:45,604 - 
--- EPOCH 875/1000 ---
2026-07-19 14:32:45,605 - Starting epoch 875
2026-07-19 14:32:47,071 - Epoch 875 results:
2026-07-19 14:32:47,072 -   Train Loss:           0.204401
2026-07-19 14:32:47,073 -   Val/Test Loss:        0.202099
2026-07-19 14:32:47,074 -   Train Bal.Accuracy:   0.721522
2026-07-19 14:32:47,075 -   Val/Test Bal.Accuracy:0.725048
2026-07-19 14:32:47,076 -   Loss gap:             0.002302
2026-07-19 14:32:47,077 -   Accuracy gap:         -0.003527
2026-07-19 14:32:47,078 -   Epoch time:           1.47 sec
2026-07-19 14:32:47,079 - 
--- EPOCH 876/1000 ---
2026-07-19 14:32:47,080 - Starting epoch 876
2026-07-19 14:32:48,523 - Epoch 876 results:
2026-07-19 14:32:48,524 -   Train Loss:           0.204401
2026-07-19 14:32:48,525 -   Val/Test Loss:        0.202099
2026-07-19 14:32:48,526 -   Train Bal.Accuracy:   0.721522
2026-07-19 14:32:48,527 -   Val/Test Bal.Accuracy:0.725048
2026-07-19 14:32:48,528 -   Loss gap:             0.002302
2026-07-19 14:32:48,529 -   Accuracy gap:         -0.003527
2026-07-19 14:32:48,530 -   Epoch time:           1.44 sec
2026-07-19 14:32:48,531 - 
--- EPOCH 877/1000 ---
2026-07-19 14:32:48,532 - Starting epoch 877
2026-07-19 14:32:50,382 - Epoch 877 results:
2026-07-19 14:32:50,383 -   Train Loss:           0.204401
2026-07-19 14:32:50,384 -   Val/Test Loss:        0.202099
2026-07-19 14:32:50,384 -   Train Bal.Accuracy:   0.721534
2026-07-19 14:32:50,385 -   Val/Test Bal.Accuracy:0.725048
2026-07-19 14:32:50,386 -   Loss gap:             0.002302
2026-07-19 14:32:50,387 -   Accuracy gap:         -0.003514
2026-07-19 14:32:50,388 -   Epoch time:           1.85 sec
2026-07-19 14:32:50,389 - 
--- EPOCH 878/1000 ---
2026-07-19 14:32:50,390 - Starting epoch 878
2026-07-19 14:32:52,185 - Epoch 878 results:
2026-07-19 14:32:52,186 -   Train Loss:           0.204401
2026-07-19 14:32:52,186 -   Val/Test Loss:        0.202099
2026-07-19 14:32:52,187 -   Train Bal.Accuracy:   0.721534
2026-07-19 14:32:52,188 -   Val/Test Bal.Accuracy:0.725048
2026-07-19 14:32:52,190 -   Loss gap:             0.002302
2026-07-19 14:32:52,191 -   Accuracy gap:         -0.003514
2026-07-19 14:32:52,192 -   Epoch time:           1.80 sec
2026-07-19 14:32:52,192 - 
--- EPOCH 879/1000 ---
2026-07-19 14:32:52,194 - Starting epoch 879
2026-07-19 14:32:53,591 - Epoch 879 results:
2026-07-19 14:32:53,592 -   Train Loss:           0.204401
2026-07-19 14:32:53,593 -   Val/Test Loss:        0.202099
2026-07-19 14:32:53,594 -   Train Bal.Accuracy:   0.721534
2026-07-19 14:32:53,595 -   Val/Test Bal.Accuracy:0.725048
2026-07-19 14:32:53,596 -   Loss gap:             0.002302
2026-07-19 14:32:53,597 -   Accuracy gap:         -0.003514
2026-07-19 14:32:53,598 -   Epoch time:           1.40 sec
2026-07-19 14:32:53,599 - 
--- EPOCH 880/1000 ---
2026-07-19 14:32:53,600 - Starting epoch 880
2026-07-19 14:32:55,020 - Epoch 880 results:
2026-07-19 14:32:55,021 -   Train Loss:           0.204401
2026-07-19 14:32:55,022 -   Val/Test Loss:        0.202099
2026-07-19 14:32:55,023 -   Train Bal.Accuracy:   0.721534
2026-07-19 14:32:55,023 -   Val/Test Bal.Accuracy:0.725048
2026-07-19 14:32:55,025 -   Loss gap:             0.002302
2026-07-19 14:32:55,026 -   Accuracy gap:         -0.003514
2026-07-19 14:32:55,027 -   Epoch time:           1.42 sec
2026-07-19 14:32:55,029 - 
--- EPOCH 881/1000 ---
2026-07-19 14:32:55,030 - Starting epoch 881
2026-07-19 14:32:56,544 - Epoch 881 results:
2026-07-19 14:32:56,545 -   Train Loss:           0.204401
2026-07-19 14:32:56,546 -   Val/Test Loss:        0.202099
2026-07-19 14:32:56,547 -   Train Bal.Accuracy:   0.721534
2026-07-19 14:32:56,548 -   Val/Test Bal.Accuracy:0.725048
2026-07-19 14:32:56,548 -   Loss gap:             0.002302
2026-07-19 14:32:56,549 -   Accuracy gap:         -0.003514
2026-07-19 14:32:56,550 -   Epoch time:           1.52 sec
2026-07-19 14:32:56,551 - 
--- EPOCH 882/1000 ---
2026-07-19 14:32:56,552 - Starting epoch 882
2026-07-19 14:32:58,126 - Epoch 882 results:
2026-07-19 14:32:58,128 -   Train Loss:           0.204401
2026-07-19 14:32:58,129 -   Val/Test Loss:        0.202099
2026-07-19 14:32:58,130 -   Train Bal.Accuracy:   0.721534
2026-07-19 14:32:58,131 -   Val/Test Bal.Accuracy:0.725048
2026-07-19 14:32:58,132 -   Loss gap:             0.002302
2026-07-19 14:32:58,133 -   Accuracy gap:         -0.003514
2026-07-19 14:32:58,134 -   Epoch time:           1.58 sec
2026-07-19 14:32:58,135 - 
--- EPOCH 883/1000 ---
2026-07-19 14:32:58,136 - Starting epoch 883
2026-07-19 14:32:59,725 - Epoch 883 results:
2026-07-19 14:32:59,727 -   Train Loss:           0.204401
2026-07-19 14:32:59,728 -   Val/Test Loss:        0.202099
2026-07-19 14:32:59,729 -   Train Bal.Accuracy:   0.721534
2026-07-19 14:32:59,730 -   Val/Test Bal.Accuracy:0.725048
2026-07-19 14:32:59,731 -   Loss gap:             0.002302
2026-07-19 14:32:59,732 -   Accuracy gap:         -0.003514
2026-07-19 14:32:59,732 -   Epoch time:           1.59 sec
2026-07-19 14:32:59,734 - 
--- EPOCH 884/1000 ---
2026-07-19 14:32:59,734 - Starting epoch 884
2026-07-19 14:33:01,247 - Epoch 884 results:
2026-07-19 14:33:01,248 -   Train Loss:           0.204401
2026-07-19 14:33:01,249 -   Val/Test Loss:        0.202099
2026-07-19 14:33:01,250 -   Train Bal.Accuracy:   0.721534
2026-07-19 14:33:01,251 -   Val/Test Bal.Accuracy:0.725048
2026-07-19 14:33:01,252 -   Loss gap:             0.002302
2026-07-19 14:33:01,252 -   Accuracy gap:         -0.003514
2026-07-19 14:33:01,253 -   Epoch time:           1.51 sec
2026-07-19 14:33:01,254 - 
--- EPOCH 885/1000 ---
2026-07-19 14:33:01,255 - Starting epoch 885
2026-07-19 14:33:02,873 - Epoch 885 results:
2026-07-19 14:33:02,874 -   Train Loss:           0.204401
2026-07-19 14:33:02,875 -   Val/Test Loss:        0.202099
2026-07-19 14:33:02,877 -   Train Bal.Accuracy:   0.721525
2026-07-19 14:33:02,878 -   Val/Test Bal.Accuracy:0.725048
2026-07-19 14:33:02,879 -   Loss gap:             0.002302
2026-07-19 14:33:02,880 -   Accuracy gap:         -0.003523
2026-07-19 14:33:02,881 -   Epoch time:           1.62 sec
2026-07-19 14:33:02,882 - 
--- EPOCH 886/1000 ---
2026-07-19 14:33:02,883 - Starting epoch 886
2026-07-19 14:33:04,326 - Epoch 886 results:
2026-07-19 14:33:04,327 -   Train Loss:           0.204401
2026-07-19 14:33:04,328 -   Val/Test Loss:        0.202099
2026-07-19 14:33:04,329 -   Train Bal.Accuracy:   0.721525
2026-07-19 14:33:04,330 -   Val/Test Bal.Accuracy:0.725048
2026-07-19 14:33:04,331 -   Loss gap:             0.002302
2026-07-19 14:33:04,332 -   Accuracy gap:         -0.003523
2026-07-19 14:33:04,332 -   Epoch time:           1.44 sec
2026-07-19 14:33:04,333 - 
--- EPOCH 887/1000 ---
2026-07-19 14:33:04,334 - Starting epoch 887
2026-07-19 14:33:05,689 - Epoch 887 results:
2026-07-19 14:33:05,691 -   Train Loss:           0.204401
2026-07-19 14:33:05,691 -   Val/Test Loss:        0.202099
2026-07-19 14:33:05,692 -   Train Bal.Accuracy:   0.721525
2026-07-19 14:33:05,693 -   Val/Test Bal.Accuracy:0.725048
2026-07-19 14:33:05,694 -   Loss gap:             0.002302
2026-07-19 14:33:05,695 -   Accuracy gap:         -0.003523
2026-07-19 14:33:05,696 -   Epoch time:           1.36 sec
2026-07-19 14:33:05,697 - 
--- EPOCH 888/1000 ---
2026-07-19 14:33:05,699 - Starting epoch 888
2026-07-19 14:33:07,102 - Epoch 888 results:
2026-07-19 14:33:07,103 -   Train Loss:           0.204401
2026-07-19 14:33:07,103 -   Val/Test Loss:        0.202099
2026-07-19 14:33:07,104 -   Train Bal.Accuracy:   0.721525
2026-07-19 14:33:07,105 -   Val/Test Bal.Accuracy:0.725048
2026-07-19 14:33:07,105 -   Loss gap:             0.002302
2026-07-19 14:33:07,106 -   Accuracy gap:         -0.003523
2026-07-19 14:33:07,107 -   Epoch time:           1.40 sec
2026-07-19 14:33:07,108 - 
--- EPOCH 889/1000 ---
2026-07-19 14:33:07,109 - Starting epoch 889
2026-07-19 14:33:08,591 - Epoch 889 results:
2026-07-19 14:33:08,592 -   Train Loss:           0.204401
2026-07-19 14:33:08,593 -   Val/Test Loss:        0.202099
2026-07-19 14:33:08,594 -   Train Bal.Accuracy:   0.721538
2026-07-19 14:33:08,595 -   Val/Test Bal.Accuracy:0.725048
2026-07-19 14:33:08,596 -   Loss gap:             0.002302
2026-07-19 14:33:08,597 -   Accuracy gap:         -0.003511
2026-07-19 14:33:08,598 -   Epoch time:           1.48 sec
2026-07-19 14:33:08,598 - 
--- EPOCH 890/1000 ---
2026-07-19 14:33:08,599 - Starting epoch 890
2026-07-19 14:33:09,981 - Epoch 890 results:
2026-07-19 14:33:09,982 -   Train Loss:           0.204401
2026-07-19 14:33:09,983 -   Val/Test Loss:        0.202099
2026-07-19 14:33:09,984 -   Train Bal.Accuracy:   0.721538
2026-07-19 14:33:09,984 -   Val/Test Bal.Accuracy:0.725048
2026-07-19 14:33:09,985 -   Loss gap:             0.002302
2026-07-19 14:33:09,986 -   Accuracy gap:         -0.003511
2026-07-19 14:33:09,987 -   Epoch time:           1.38 sec
2026-07-19 14:33:09,988 - 
--- EPOCH 891/1000 ---
2026-07-19 14:33:09,989 - Starting epoch 891
2026-07-19 14:33:11,394 - Epoch 891 results:
2026-07-19 14:33:11,395 -   Train Loss:           0.204401
2026-07-19 14:33:11,396 -   Val/Test Loss:        0.202099
2026-07-19 14:33:11,398 -   Train Bal.Accuracy:   0.721538
2026-07-19 14:33:11,398 -   Val/Test Bal.Accuracy:0.725048
2026-07-19 14:33:11,399 -   Loss gap:             0.002302
2026-07-19 14:33:11,400 -   Accuracy gap:         -0.003511
2026-07-19 14:33:11,401 -   Epoch time:           1.41 sec
2026-07-19 14:33:11,402 - 
--- EPOCH 892/1000 ---
2026-07-19 14:33:11,403 - Starting epoch 892
2026-07-19 14:33:12,876 - Epoch 892 results:
2026-07-19 14:33:12,877 -   Train Loss:           0.204401
2026-07-19 14:33:12,878 -   Val/Test Loss:        0.202099
2026-07-19 14:33:12,879 -   Train Bal.Accuracy:   0.721538
2026-07-19 14:33:12,880 -   Val/Test Bal.Accuracy:0.725048
2026-07-19 14:33:12,881 -   Loss gap:             0.002302
2026-07-19 14:33:12,881 -   Accuracy gap:         -0.003511
2026-07-19 14:33:12,882 -   Epoch time:           1.47 sec
2026-07-19 14:33:12,884 - 
--- EPOCH 893/1000 ---
2026-07-19 14:33:12,885 - Starting epoch 893
2026-07-19 14:33:14,281 - Epoch 893 results:
2026-07-19 14:33:14,282 -   Train Loss:           0.204401
2026-07-19 14:33:14,283 -   Val/Test Loss:        0.202099
2026-07-19 14:33:14,283 -   Train Bal.Accuracy:   0.721538
2026-07-19 14:33:14,284 -   Val/Test Bal.Accuracy:0.725048
2026-07-19 14:33:14,285 -   Loss gap:             0.002302
2026-07-19 14:33:14,286 -   Accuracy gap:         -0.003511
2026-07-19 14:33:14,287 -   Epoch time:           1.40 sec
2026-07-19 14:33:14,287 - 
--- EPOCH 894/1000 ---
2026-07-19 14:33:14,288 - Starting epoch 894
2026-07-19 14:33:15,668 - Epoch 894 results:
2026-07-19 14:33:15,669 -   Train Loss:           0.204401
2026-07-19 14:33:15,670 -   Val/Test Loss:        0.202099
2026-07-19 14:33:15,671 -   Train Bal.Accuracy:   0.721538
2026-07-19 14:33:15,672 -   Val/Test Bal.Accuracy:0.725048
2026-07-19 14:33:15,673 -   Loss gap:             0.002302
2026-07-19 14:33:15,674 -   Accuracy gap:         -0.003511
2026-07-19 14:33:15,675 -   Epoch time:           1.38 sec
2026-07-19 14:33:15,676 - 
--- EPOCH 895/1000 ---
2026-07-19 14:33:15,677 - Starting epoch 895
2026-07-19 14:33:17,059 - Epoch 895 results:
2026-07-19 14:33:17,060 -   Train Loss:           0.204401
2026-07-19 14:33:17,062 -   Val/Test Loss:        0.202099
2026-07-19 14:33:17,062 -   Train Bal.Accuracy:   0.721538
2026-07-19 14:33:17,063 -   Val/Test Bal.Accuracy:0.725048
2026-07-19 14:33:17,064 -   Loss gap:             0.002302
2026-07-19 14:33:17,065 -   Accuracy gap:         -0.003511
2026-07-19 14:33:17,066 -   Epoch time:           1.38 sec
2026-07-19 14:33:17,066 - 
--- EPOCH 896/1000 ---
2026-07-19 14:33:17,067 - Starting epoch 896
2026-07-19 14:33:18,550 - Epoch 896 results:
2026-07-19 14:33:18,551 -   Train Loss:           0.204401
2026-07-19 14:33:18,551 -   Val/Test Loss:        0.202099
2026-07-19 14:33:18,552 -   Train Bal.Accuracy:   0.721538
2026-07-19 14:33:18,553 -   Val/Test Bal.Accuracy:0.725048
2026-07-19 14:33:18,554 -   Loss gap:             0.002302
2026-07-19 14:33:18,555 -   Accuracy gap:         -0.003511
2026-07-19 14:33:18,556 -   Epoch time:           1.48 sec
2026-07-19 14:33:18,557 - 
--- EPOCH 897/1000 ---
2026-07-19 14:33:18,558 - Starting epoch 897
2026-07-19 14:33:19,959 - Epoch 897 results:
2026-07-19 14:33:19,960 -   Train Loss:           0.204401
2026-07-19 14:33:19,961 -   Val/Test Loss:        0.202099
2026-07-19 14:33:19,962 -   Train Bal.Accuracy:   0.721538
2026-07-19 14:33:19,963 -   Val/Test Bal.Accuracy:0.725048
2026-07-19 14:33:19,964 -   Loss gap:             0.002302
2026-07-19 14:33:19,965 -   Accuracy gap:         -0.003511
2026-07-19 14:33:19,965 -   Epoch time:           1.40 sec
2026-07-19 14:33:19,966 - 
--- EPOCH 898/1000 ---
2026-07-19 14:33:19,967 - Starting epoch 898
2026-07-19 14:33:21,412 - Epoch 898 results:
2026-07-19 14:33:21,413 -   Train Loss:           0.204401
2026-07-19 14:33:21,413 -   Val/Test Loss:        0.202099
2026-07-19 14:33:21,414 -   Train Bal.Accuracy:   0.721538
2026-07-19 14:33:21,415 -   Val/Test Bal.Accuracy:0.725048
2026-07-19 14:33:21,417 -   Loss gap:             0.002302
2026-07-19 14:33:21,417 -   Accuracy gap:         -0.003511
2026-07-19 14:33:21,418 -   Epoch time:           1.45 sec
2026-07-19 14:33:21,419 - 
--- EPOCH 899/1000 ---
2026-07-19 14:33:21,420 - Starting epoch 899
2026-07-19 14:33:22,791 - Epoch 899 results:
2026-07-19 14:33:22,793 -   Train Loss:           0.204401
2026-07-19 14:33:22,793 -   Val/Test Loss:        0.202099
2026-07-19 14:33:22,794 -   Train Bal.Accuracy:   0.721538
2026-07-19 14:33:22,795 -   Val/Test Bal.Accuracy:0.725048
2026-07-19 14:33:22,796 -   Loss gap:             0.002302
2026-07-19 14:33:22,797 -   Accuracy gap:         -0.003511
2026-07-19 14:33:22,797 -   Epoch time:           1.37 sec
2026-07-19 14:33:22,798 - 
--- EPOCH 900/1000 ---
2026-07-19 14:33:22,799 - Starting epoch 900
2026-07-19 14:33:24,245 - Epoch 900 results:
2026-07-19 14:33:24,246 -   Train Loss:           0.204401
2026-07-19 14:33:24,247 -   Val/Test Loss:        0.202099
2026-07-19 14:33:24,248 -   Train Bal.Accuracy:   0.721538
2026-07-19 14:33:24,249 -   Val/Test Bal.Accuracy:0.725048
2026-07-19 14:33:24,249 -   Loss gap:             0.002302
2026-07-19 14:33:24,250 -   Accuracy gap:         -0.003511
2026-07-19 14:33:24,251 -   Epoch time:           1.45 sec
2026-07-19 14:33:24,251 - 
--- EPOCH 901/1000 ---
2026-07-19 14:33:24,252 - Starting epoch 901
2026-07-19 14:33:25,643 - Epoch 901 results:
2026-07-19 14:33:25,644 -   Train Loss:           0.204401
2026-07-19 14:33:25,645 -   Val/Test Loss:        0.202099
2026-07-19 14:33:25,646 -   Train Bal.Accuracy:   0.721538
2026-07-19 14:33:25,647 -   Val/Test Bal.Accuracy:0.725048
2026-07-19 14:33:25,648 -   Loss gap:             0.002302
2026-07-19 14:33:25,648 -   Accuracy gap:         -0.003511
2026-07-19 14:33:25,649 -   Epoch time:           1.39 sec
2026-07-19 14:33:25,650 - 
--- EPOCH 902/1000 ---
2026-07-19 14:33:25,651 - Starting epoch 902
2026-07-19 14:33:27,049 - Epoch 902 results:
2026-07-19 14:33:27,050 -   Train Loss:           0.204401
2026-07-19 14:33:27,051 -   Val/Test Loss:        0.202099
2026-07-19 14:33:27,051 -   Train Bal.Accuracy:   0.721538
2026-07-19 14:33:27,052 -   Val/Test Bal.Accuracy:0.725048
2026-07-19 14:33:27,053 -   Loss gap:             0.002302
2026-07-19 14:33:27,054 -   Accuracy gap:         -0.003511
2026-07-19 14:33:27,055 -   Epoch time:           1.40 sec
2026-07-19 14:33:27,056 - 
--- EPOCH 903/1000 ---
2026-07-19 14:33:27,056 - Starting epoch 903
2026-07-19 14:33:28,524 - Epoch 903 results:
2026-07-19 14:33:28,525 -   Train Loss:           0.204401
2026-07-19 14:33:28,526 -   Val/Test Loss:        0.202099
2026-07-19 14:33:28,527 -   Train Bal.Accuracy:   0.721538
2026-07-19 14:33:28,528 -   Val/Test Bal.Accuracy:0.725048
2026-07-19 14:33:28,529 -   Loss gap:             0.002302
2026-07-19 14:33:28,530 -   Accuracy gap:         -0.003511
2026-07-19 14:33:28,531 -   Epoch time:           1.47 sec
2026-07-19 14:33:28,532 - 
--- EPOCH 904/1000 ---
2026-07-19 14:33:28,533 - Starting epoch 904
2026-07-19 14:33:29,926 - Epoch 904 results:
2026-07-19 14:33:29,927 -   Train Loss:           0.204401
2026-07-19 14:33:29,928 -   Val/Test Loss:        0.202099
2026-07-19 14:33:29,929 -   Train Bal.Accuracy:   0.721538
2026-07-19 14:33:29,930 -   Val/Test Bal.Accuracy:0.725048
2026-07-19 14:33:29,931 -   Loss gap:             0.002302
2026-07-19 14:33:29,932 -   Accuracy gap:         -0.003511
2026-07-19 14:33:29,933 -   Epoch time:           1.39 sec
2026-07-19 14:33:29,934 - 
--- EPOCH 905/1000 ---
2026-07-19 14:33:29,935 - Starting epoch 905
2026-07-19 14:33:31,355 - Epoch 905 results:
2026-07-19 14:33:31,356 -   Train Loss:           0.204401
2026-07-19 14:33:31,357 -   Val/Test Loss:        0.202099
2026-07-19 14:33:31,357 -   Train Bal.Accuracy:   0.721538
2026-07-19 14:33:31,358 -   Val/Test Bal.Accuracy:0.725048
2026-07-19 14:33:31,359 -   Loss gap:             0.002302
2026-07-19 14:33:31,360 -   Accuracy gap:         -0.003511
2026-07-19 14:33:31,361 -   Epoch time:           1.42 sec
2026-07-19 14:33:31,362 - 
--- EPOCH 906/1000 ---
2026-07-19 14:33:31,363 - Starting epoch 906
2026-07-19 14:33:32,775 - Epoch 906 results:
2026-07-19 14:33:32,776 -   Train Loss:           0.204401
2026-07-19 14:33:32,778 -   Val/Test Loss:        0.202099
2026-07-19 14:33:32,779 -   Train Bal.Accuracy:   0.721550
2026-07-19 14:33:32,780 -   Val/Test Bal.Accuracy:0.725029
2026-07-19 14:33:32,781 -   Loss gap:             0.002302
2026-07-19 14:33:32,782 -   Accuracy gap:         -0.003479
2026-07-19 14:33:32,782 -   Epoch time:           1.41 sec
2026-07-19 14:33:32,783 - 
--- EPOCH 907/1000 ---
2026-07-19 14:33:32,784 - Starting epoch 907
2026-07-19 14:33:34,254 - Epoch 907 results:
2026-07-19 14:33:34,255 -   Train Loss:           0.204401
2026-07-19 14:33:34,256 -   Val/Test Loss:        0.202099
2026-07-19 14:33:34,257 -   Train Bal.Accuracy:   0.721550
2026-07-19 14:33:34,258 -   Val/Test Bal.Accuracy:0.725029
2026-07-19 14:33:34,259 -   Loss gap:             0.002302
2026-07-19 14:33:34,259 -   Accuracy gap:         -0.003479
2026-07-19 14:33:34,260 -   Epoch time:           1.47 sec
2026-07-19 14:33:34,261 - 
--- EPOCH 908/1000 ---
2026-07-19 14:33:34,262 - Starting epoch 908
2026-07-19 14:33:35,647 - Epoch 908 results:
2026-07-19 14:33:35,648 -   Train Loss:           0.204401
2026-07-19 14:33:35,649 -   Val/Test Loss:        0.202099
2026-07-19 14:33:35,650 -   Train Bal.Accuracy:   0.721550
2026-07-19 14:33:35,650 -   Val/Test Bal.Accuracy:0.725029
2026-07-19 14:33:35,652 -   Loss gap:             0.002302
2026-07-19 14:33:35,652 -   Accuracy gap:         -0.003479
2026-07-19 14:33:35,653 -   Epoch time:           1.39 sec
2026-07-19 14:33:35,654 - 
--- EPOCH 909/1000 ---
2026-07-19 14:33:35,655 - Starting epoch 909
2026-07-19 14:33:37,085 - Epoch 909 results:
2026-07-19 14:33:37,086 -   Train Loss:           0.204401
2026-07-19 14:33:37,087 -   Val/Test Loss:        0.202099
2026-07-19 14:33:37,087 -   Train Bal.Accuracy:   0.721550
2026-07-19 14:33:37,088 -   Val/Test Bal.Accuracy:0.725029
2026-07-19 14:33:37,089 -   Loss gap:             0.002302
2026-07-19 14:33:37,090 -   Accuracy gap:         -0.003479
2026-07-19 14:33:37,090 -   Epoch time:           1.43 sec
2026-07-19 14:33:37,092 - 
--- EPOCH 910/1000 ---
2026-07-19 14:33:37,092 - Starting epoch 910
2026-07-19 14:33:38,477 - Epoch 910 results:
2026-07-19 14:33:38,479 -   Train Loss:           0.204401
2026-07-19 14:33:38,480 -   Val/Test Loss:        0.202099
2026-07-19 14:33:38,481 -   Train Bal.Accuracy:   0.721550
2026-07-19 14:33:38,483 -   Val/Test Bal.Accuracy:0.725009
2026-07-19 14:33:38,484 -   Loss gap:             0.002302
2026-07-19 14:33:38,485 -   Accuracy gap:         -0.003459
2026-07-19 14:33:38,486 -   Epoch time:           1.39 sec
2026-07-19 14:33:38,488 - 
--- EPOCH 911/1000 ---
2026-07-19 14:33:38,489 - Starting epoch 911
2026-07-19 14:33:40,167 - Epoch 911 results:
2026-07-19 14:33:40,168 -   Train Loss:           0.204401
2026-07-19 14:33:40,169 -   Val/Test Loss:        0.202099
2026-07-19 14:33:40,170 -   Train Bal.Accuracy:   0.721550
2026-07-19 14:33:40,171 -   Val/Test Bal.Accuracy:0.725009
2026-07-19 14:33:40,172 -   Loss gap:             0.002302
2026-07-19 14:33:40,172 -   Accuracy gap:         -0.003459
2026-07-19 14:33:40,173 -   Epoch time:           1.68 sec
2026-07-19 14:33:40,174 - 
--- EPOCH 912/1000 ---
2026-07-19 14:33:40,175 - Starting epoch 912
2026-07-19 14:33:41,875 - Epoch 912 results:
2026-07-19 14:33:41,876 -   Train Loss:           0.204401
2026-07-19 14:33:41,877 -   Val/Test Loss:        0.202099
2026-07-19 14:33:41,878 -   Train Bal.Accuracy:   0.721550
2026-07-19 14:33:41,879 -   Val/Test Bal.Accuracy:0.725009
2026-07-19 14:33:41,879 -   Loss gap:             0.002302
2026-07-19 14:33:41,880 -   Accuracy gap:         -0.003459
2026-07-19 14:33:41,881 -   Epoch time:           1.70 sec
2026-07-19 14:33:41,882 - 
--- EPOCH 913/1000 ---
2026-07-19 14:33:41,884 - Starting epoch 913
2026-07-19 14:33:44,020 - Epoch 913 results:
2026-07-19 14:33:44,022 -   Train Loss:           0.204401
2026-07-19 14:33:44,023 -   Val/Test Loss:        0.202099
2026-07-19 14:33:44,024 -   Train Bal.Accuracy:   0.721550
2026-07-19 14:33:44,026 -   Val/Test Bal.Accuracy:0.725009
2026-07-19 14:33:44,027 -   Loss gap:             0.002302
2026-07-19 14:33:44,029 -   Accuracy gap:         -0.003459
2026-07-19 14:33:44,030 -   Epoch time:           2.14 sec
2026-07-19 14:33:44,032 - 
--- EPOCH 914/1000 ---
2026-07-19 14:33:44,033 - Starting epoch 914
2026-07-19 14:33:46,535 - Epoch 914 results:
2026-07-19 14:33:46,537 -   Train Loss:           0.204401
2026-07-19 14:33:46,537 -   Val/Test Loss:        0.202099
2026-07-19 14:33:46,539 -   Train Bal.Accuracy:   0.721550
2026-07-19 14:33:46,539 -   Val/Test Bal.Accuracy:0.725009
2026-07-19 14:33:46,541 -   Loss gap:             0.002302
2026-07-19 14:33:46,542 -   Accuracy gap:         -0.003459
2026-07-19 14:33:46,543 -   Epoch time:           2.50 sec
2026-07-19 14:33:46,544 - 
--- EPOCH 915/1000 ---
2026-07-19 14:33:46,545 - Starting epoch 915
2026-07-19 14:33:48,346 - Epoch 915 results:
2026-07-19 14:33:48,348 -   Train Loss:           0.204401
2026-07-19 14:33:48,349 -   Val/Test Loss:        0.202099
2026-07-19 14:33:48,350 -   Train Bal.Accuracy:   0.721550
2026-07-19 14:33:48,351 -   Val/Test Bal.Accuracy:0.725009
2026-07-19 14:33:48,352 -   Loss gap:             0.002302
2026-07-19 14:33:48,352 -   Accuracy gap:         -0.003459
2026-07-19 14:33:48,353 -   Epoch time:           1.80 sec
2026-07-19 14:33:48,354 - 
--- EPOCH 916/1000 ---
2026-07-19 14:33:48,356 - Starting epoch 916
2026-07-19 14:33:50,004 - Epoch 916 results:
2026-07-19 14:33:50,006 -   Train Loss:           0.204401
2026-07-19 14:33:50,007 -   Val/Test Loss:        0.202099
2026-07-19 14:33:50,009 -   Train Bal.Accuracy:   0.721550
2026-07-19 14:33:50,010 -   Val/Test Bal.Accuracy:0.725009
2026-07-19 14:33:50,011 -   Loss gap:             0.002302
2026-07-19 14:33:50,012 -   Accuracy gap:         -0.003459
2026-07-19 14:33:50,013 -   Epoch time:           1.65 sec
2026-07-19 14:33:50,015 - 
--- EPOCH 917/1000 ---
2026-07-19 14:33:50,016 - Starting epoch 917
2026-07-19 14:33:52,011 - Epoch 917 results:
2026-07-19 14:33:52,012 -   Train Loss:           0.204401
2026-07-19 14:33:52,014 -   Val/Test Loss:        0.202099
2026-07-19 14:33:52,015 -   Train Bal.Accuracy:   0.721550
2026-07-19 14:33:52,016 -   Val/Test Bal.Accuracy:0.725009
2026-07-19 14:33:52,017 -   Loss gap:             0.002302
2026-07-19 14:33:52,018 -   Accuracy gap:         -0.003459
2026-07-19 14:33:52,019 -   Epoch time:           2.00 sec
2026-07-19 14:33:52,020 - 
--- EPOCH 918/1000 ---
2026-07-19 14:33:52,021 - Starting epoch 918
2026-07-19 14:33:54,350 - Epoch 918 results:
2026-07-19 14:33:54,351 -   Train Loss:           0.204401
2026-07-19 14:33:54,353 -   Val/Test Loss:        0.202099
2026-07-19 14:33:54,354 -   Train Bal.Accuracy:   0.721550
2026-07-19 14:33:54,355 -   Val/Test Bal.Accuracy:0.725009
2026-07-19 14:33:54,356 -   Loss gap:             0.002302
2026-07-19 14:33:54,358 -   Accuracy gap:         -0.003459
2026-07-19 14:33:54,359 -   Epoch time:           2.33 sec
2026-07-19 14:33:54,360 - 
--- EPOCH 919/1000 ---
2026-07-19 14:33:54,362 - Starting epoch 919
2026-07-19 14:33:56,085 - Epoch 919 results:
2026-07-19 14:33:56,086 -   Train Loss:           0.204401
2026-07-19 14:33:56,087 -   Val/Test Loss:        0.202099
2026-07-19 14:33:56,088 -   Train Bal.Accuracy:   0.721550
2026-07-19 14:33:56,089 -   Val/Test Bal.Accuracy:0.725009
2026-07-19 14:33:56,090 -   Loss gap:             0.002302
2026-07-19 14:33:56,091 -   Accuracy gap:         -0.003459
2026-07-19 14:33:56,092 -   Epoch time:           1.72 sec
2026-07-19 14:33:56,093 - 
--- EPOCH 920/1000 ---
2026-07-19 14:33:56,094 - Starting epoch 920
2026-07-19 14:33:57,646 - Epoch 920 results:
2026-07-19 14:33:57,647 -   Train Loss:           0.204401
2026-07-19 14:33:57,648 -   Val/Test Loss:        0.202099
2026-07-19 14:33:57,649 -   Train Bal.Accuracy:   0.721541
2026-07-19 14:33:57,650 -   Val/Test Bal.Accuracy:0.725009
2026-07-19 14:33:57,650 -   Loss gap:             0.002302
2026-07-19 14:33:57,651 -   Accuracy gap:         -0.003468
2026-07-19 14:33:57,652 -   Epoch time:           1.55 sec
2026-07-19 14:33:57,653 - 
--- EPOCH 921/1000 ---
2026-07-19 14:33:57,654 - Starting epoch 921
2026-07-19 14:33:59,282 - Epoch 921 results:
2026-07-19 14:33:59,283 -   Train Loss:           0.204401
2026-07-19 14:33:59,284 -   Val/Test Loss:        0.202099
2026-07-19 14:33:59,285 -   Train Bal.Accuracy:   0.721541
2026-07-19 14:33:59,286 -   Val/Test Bal.Accuracy:0.725009
2026-07-19 14:33:59,287 -   Loss gap:             0.002302
2026-07-19 14:33:59,287 -   Accuracy gap:         -0.003468
2026-07-19 14:33:59,288 -   Epoch time:           1.63 sec
2026-07-19 14:33:59,289 - 
--- EPOCH 922/1000 ---
2026-07-19 14:33:59,289 - Starting epoch 922
2026-07-19 14:34:01,170 - Epoch 922 results:
2026-07-19 14:34:01,171 -   Train Loss:           0.204401
2026-07-19 14:34:01,172 -   Val/Test Loss:        0.202099
2026-07-19 14:34:01,172 -   Train Bal.Accuracy:   0.721541
2026-07-19 14:34:01,173 -   Val/Test Bal.Accuracy:0.725009
2026-07-19 14:34:01,175 -   Loss gap:             0.002302
2026-07-19 14:34:01,176 -   Accuracy gap:         -0.003468
2026-07-19 14:34:01,177 -   Epoch time:           1.88 sec
2026-07-19 14:34:01,178 - 
--- EPOCH 923/1000 ---
2026-07-19 14:34:01,179 - Starting epoch 923
2026-07-19 14:34:02,820 - Epoch 923 results:
2026-07-19 14:34:02,821 -   Train Loss:           0.204401
2026-07-19 14:34:02,822 -   Val/Test Loss:        0.202099
2026-07-19 14:34:02,824 -   Train Bal.Accuracy:   0.721541
2026-07-19 14:34:02,825 -   Val/Test Bal.Accuracy:0.725009
2026-07-19 14:34:02,826 -   Loss gap:             0.002302
2026-07-19 14:34:02,827 -   Accuracy gap:         -0.003468
2026-07-19 14:34:02,828 -   Epoch time:           1.64 sec
2026-07-19 14:34:02,829 - 
--- EPOCH 924/1000 ---
2026-07-19 14:34:02,830 - Starting epoch 924
2026-07-19 14:34:04,633 - Epoch 924 results:
2026-07-19 14:34:04,634 -   Train Loss:           0.204401
2026-07-19 14:34:04,635 -   Val/Test Loss:        0.202099
2026-07-19 14:34:04,636 -   Train Bal.Accuracy:   0.721541
2026-07-19 14:34:04,637 -   Val/Test Bal.Accuracy:0.725009
2026-07-19 14:34:04,638 -   Loss gap:             0.002302
2026-07-19 14:34:04,638 -   Accuracy gap:         -0.003468
2026-07-19 14:34:04,640 -   Epoch time:           1.80 sec
2026-07-19 14:34:04,641 - 
--- EPOCH 925/1000 ---
2026-07-19 14:34:04,642 - Starting epoch 925
2026-07-19 14:34:06,664 - Epoch 925 results:
2026-07-19 14:34:06,666 -   Train Loss:           0.204401
2026-07-19 14:34:06,667 -   Val/Test Loss:        0.202099
2026-07-19 14:34:06,667 -   Train Bal.Accuracy:   0.721541
2026-07-19 14:34:06,668 -   Val/Test Bal.Accuracy:0.725009
2026-07-19 14:34:06,669 -   Loss gap:             0.002302
2026-07-19 14:34:06,670 -   Accuracy gap:         -0.003468
2026-07-19 14:34:06,671 -   Epoch time:           2.02 sec
2026-07-19 14:34:06,672 - 
--- EPOCH 926/1000 ---
2026-07-19 14:34:06,673 - Starting epoch 926
2026-07-19 14:34:08,384 - Epoch 926 results:
2026-07-19 14:34:08,385 -   Train Loss:           0.204401
2026-07-19 14:34:08,386 -   Val/Test Loss:        0.202099
2026-07-19 14:34:08,387 -   Train Bal.Accuracy:   0.721541
2026-07-19 14:34:08,388 -   Val/Test Bal.Accuracy:0.725009
2026-07-19 14:34:08,389 -   Loss gap:             0.002302
2026-07-19 14:34:08,389 -   Accuracy gap:         -0.003468
2026-07-19 14:34:08,391 -   Epoch time:           1.71 sec
2026-07-19 14:34:08,392 - 
--- EPOCH 927/1000 ---
2026-07-19 14:34:08,393 - Starting epoch 927
2026-07-19 14:34:10,114 - Epoch 927 results:
2026-07-19 14:34:10,115 -   Train Loss:           0.204401
2026-07-19 14:34:10,116 -   Val/Test Loss:        0.202099
2026-07-19 14:34:10,117 -   Train Bal.Accuracy:   0.721541
2026-07-19 14:34:10,118 -   Val/Test Bal.Accuracy:0.725009
2026-07-19 14:34:10,119 -   Loss gap:             0.002302
2026-07-19 14:34:10,120 -   Accuracy gap:         -0.003468
2026-07-19 14:34:10,121 -   Epoch time:           1.72 sec
2026-07-19 14:34:10,122 - 
--- EPOCH 928/1000 ---
2026-07-19 14:34:10,123 - Starting epoch 928
2026-07-19 14:34:11,860 - Epoch 928 results:
2026-07-19 14:34:11,861 -   Train Loss:           0.204401
2026-07-19 14:34:11,862 -   Val/Test Loss:        0.202099
2026-07-19 14:34:11,863 -   Train Bal.Accuracy:   0.721541
2026-07-19 14:34:11,864 -   Val/Test Bal.Accuracy:0.725009
2026-07-19 14:34:11,865 -   Loss gap:             0.002302
2026-07-19 14:34:11,866 -   Accuracy gap:         -0.003468
2026-07-19 14:34:11,867 -   Epoch time:           1.74 sec
2026-07-19 14:34:11,868 - 
--- EPOCH 929/1000 ---
2026-07-19 14:34:11,869 - Starting epoch 929
2026-07-19 14:34:13,628 - Epoch 929 results:
2026-07-19 14:34:13,629 -   Train Loss:           0.204401
2026-07-19 14:34:13,630 -   Val/Test Loss:        0.202099
2026-07-19 14:34:13,632 -   Train Bal.Accuracy:   0.721541
2026-07-19 14:34:13,633 -   Val/Test Bal.Accuracy:0.725009
2026-07-19 14:34:13,634 -   Loss gap:             0.002302
2026-07-19 14:34:13,635 -   Accuracy gap:         -0.003468
2026-07-19 14:34:13,636 -   Epoch time:           1.76 sec
2026-07-19 14:34:13,637 - 
--- EPOCH 930/1000 ---
2026-07-19 14:34:13,638 - Starting epoch 930
2026-07-19 14:34:15,581 - Epoch 930 results:
2026-07-19 14:34:15,582 -   Train Loss:           0.204401
2026-07-19 14:34:15,583 -   Val/Test Loss:        0.202099
2026-07-19 14:34:15,584 -   Train Bal.Accuracy:   0.721541
2026-07-19 14:34:15,584 -   Val/Test Bal.Accuracy:0.725009
2026-07-19 14:34:15,585 -   Loss gap:             0.002302
2026-07-19 14:34:15,586 -   Accuracy gap:         -0.003468
2026-07-19 14:34:15,587 -   Epoch time:           1.94 sec
2026-07-19 14:34:15,588 - 
--- EPOCH 931/1000 ---
2026-07-19 14:34:15,589 - Starting epoch 931
2026-07-19 14:34:17,203 - Epoch 931 results:
2026-07-19 14:34:17,204 -   Train Loss:           0.204401
2026-07-19 14:34:17,205 -   Val/Test Loss:        0.202099
2026-07-19 14:34:17,206 -   Train Bal.Accuracy:   0.721541
2026-07-19 14:34:17,207 -   Val/Test Bal.Accuracy:0.725009
2026-07-19 14:34:17,208 -   Loss gap:             0.002302
2026-07-19 14:34:17,209 -   Accuracy gap:         -0.003468
2026-07-19 14:34:17,210 -   Epoch time:           1.61 sec
2026-07-19 14:34:17,211 - 
--- EPOCH 932/1000 ---
2026-07-19 14:34:17,213 - Starting epoch 932
2026-07-19 14:34:18,880 - Epoch 932 results:
2026-07-19 14:34:18,881 -   Train Loss:           0.204401
2026-07-19 14:34:18,882 -   Val/Test Loss:        0.202099
2026-07-19 14:34:18,883 -   Train Bal.Accuracy:   0.721541
2026-07-19 14:34:18,884 -   Val/Test Bal.Accuracy:0.725009
2026-07-19 14:34:18,885 -   Loss gap:             0.002302
2026-07-19 14:34:18,886 -   Accuracy gap:         -0.003468
2026-07-19 14:34:18,887 -   Epoch time:           1.67 sec
2026-07-19 14:34:18,888 - 
--- EPOCH 933/1000 ---
2026-07-19 14:34:18,889 - Starting epoch 933
2026-07-19 14:34:20,601 - Epoch 933 results:
2026-07-19 14:34:20,602 -   Train Loss:           0.204401
2026-07-19 14:34:20,603 -   Val/Test Loss:        0.202099
2026-07-19 14:34:20,604 -   Train Bal.Accuracy:   0.721541
2026-07-19 14:34:20,605 -   Val/Test Bal.Accuracy:0.725009
2026-07-19 14:34:20,606 -   Loss gap:             0.002302
2026-07-19 14:34:20,607 -   Accuracy gap:         -0.003468
2026-07-19 14:34:20,609 -   Epoch time:           1.71 sec
2026-07-19 14:34:20,610 - 
--- EPOCH 934/1000 ---
2026-07-19 14:34:20,611 - Starting epoch 934
2026-07-19 14:34:22,486 - Epoch 934 results:
2026-07-19 14:34:22,487 -   Train Loss:           0.204401
2026-07-19 14:34:22,488 -   Val/Test Loss:        0.202099
2026-07-19 14:34:22,489 -   Train Bal.Accuracy:   0.721541
2026-07-19 14:34:22,490 -   Val/Test Bal.Accuracy:0.725009
2026-07-19 14:34:22,491 -   Loss gap:             0.002302
2026-07-19 14:34:22,492 -   Accuracy gap:         -0.003468
2026-07-19 14:34:22,493 -   Epoch time:           1.88 sec
2026-07-19 14:34:22,494 - 
--- EPOCH 935/1000 ---
2026-07-19 14:34:22,495 - Starting epoch 935
2026-07-19 14:34:24,793 - Epoch 935 results:
2026-07-19 14:34:24,795 -   Train Loss:           0.204401
2026-07-19 14:34:24,796 -   Val/Test Loss:        0.202099
2026-07-19 14:34:24,797 -   Train Bal.Accuracy:   0.721541
2026-07-19 14:34:24,798 -   Val/Test Bal.Accuracy:0.725009
2026-07-19 14:34:24,799 -   Loss gap:             0.002302
2026-07-19 14:34:24,800 -   Accuracy gap:         -0.003468
2026-07-19 14:34:24,801 -   Epoch time:           2.30 sec
2026-07-19 14:34:24,802 - 
--- EPOCH 936/1000 ---
2026-07-19 14:34:24,803 - Starting epoch 936
2026-07-19 14:34:26,840 - Epoch 936 results:
2026-07-19 14:34:26,842 -   Train Loss:           0.204401
2026-07-19 14:34:26,843 -   Val/Test Loss:        0.202099
2026-07-19 14:34:26,844 -   Train Bal.Accuracy:   0.721541
2026-07-19 14:34:26,845 -   Val/Test Bal.Accuracy:0.725009
2026-07-19 14:34:26,846 -   Loss gap:             0.002302
2026-07-19 14:34:26,847 -   Accuracy gap:         -0.003468
2026-07-19 14:34:26,848 -   Epoch time:           2.04 sec
2026-07-19 14:34:26,849 - 
--- EPOCH 937/1000 ---
2026-07-19 14:34:26,850 - Starting epoch 937
2026-07-19 14:34:28,594 - Epoch 937 results:
2026-07-19 14:34:28,595 -   Train Loss:           0.204401
2026-07-19 14:34:28,596 -   Val/Test Loss:        0.202099
2026-07-19 14:34:28,597 -   Train Bal.Accuracy:   0.721541
2026-07-19 14:34:28,598 -   Val/Test Bal.Accuracy:0.725009
2026-07-19 14:34:28,600 -   Loss gap:             0.002302
2026-07-19 14:34:28,600 -   Accuracy gap:         -0.003468
2026-07-19 14:34:28,601 -   Epoch time:           1.75 sec
2026-07-19 14:34:28,602 - 
--- EPOCH 938/1000 ---
2026-07-19 14:34:28,603 - Starting epoch 938
2026-07-19 14:34:30,719 - Epoch 938 results:
2026-07-19 14:34:30,720 -   Train Loss:           0.204401
2026-07-19 14:34:30,721 -   Val/Test Loss:        0.202099
2026-07-19 14:34:30,722 -   Train Bal.Accuracy:   0.721541
2026-07-19 14:34:30,723 -   Val/Test Bal.Accuracy:0.725009
2026-07-19 14:34:30,724 -   Loss gap:             0.002302
2026-07-19 14:34:30,726 -   Accuracy gap:         -0.003468
2026-07-19 14:34:30,727 -   Epoch time:           2.12 sec
2026-07-19 14:34:30,729 - 
--- EPOCH 939/1000 ---
2026-07-19 14:34:30,732 - Starting epoch 939
2026-07-19 14:34:33,015 - Epoch 939 results:
2026-07-19 14:34:33,016 -   Train Loss:           0.204401
2026-07-19 14:34:33,017 -   Val/Test Loss:        0.202099
2026-07-19 14:34:33,018 -   Train Bal.Accuracy:   0.721541
2026-07-19 14:34:33,019 -   Val/Test Bal.Accuracy:0.725009
2026-07-19 14:34:33,020 -   Loss gap:             0.002302
2026-07-19 14:34:33,021 -   Accuracy gap:         -0.003468
2026-07-19 14:34:33,022 -   Epoch time:           2.29 sec
2026-07-19 14:34:33,023 - 
--- EPOCH 940/1000 ---
2026-07-19 14:34:33,024 - Starting epoch 940
2026-07-19 14:34:35,057 - Epoch 940 results:
2026-07-19 14:34:35,058 -   Train Loss:           0.204401
2026-07-19 14:34:35,060 -   Val/Test Loss:        0.202099
2026-07-19 14:34:35,061 -   Train Bal.Accuracy:   0.721541
2026-07-19 14:34:35,062 -   Val/Test Bal.Accuracy:0.725009
2026-07-19 14:34:35,063 -   Loss gap:             0.002302
2026-07-19 14:34:35,064 -   Accuracy gap:         -0.003468
2026-07-19 14:34:35,065 -   Epoch time:           2.03 sec
2026-07-19 14:34:35,066 - 
--- EPOCH 941/1000 ---
2026-07-19 14:34:35,067 - Starting epoch 941
2026-07-19 14:34:37,039 - Epoch 941 results:
2026-07-19 14:34:37,040 -   Train Loss:           0.204401
2026-07-19 14:34:37,041 -   Val/Test Loss:        0.202099
2026-07-19 14:34:37,043 -   Train Bal.Accuracy:   0.721541
2026-07-19 14:34:37,044 -   Val/Test Bal.Accuracy:0.725009
2026-07-19 14:34:37,045 -   Loss gap:             0.002302
2026-07-19 14:34:37,046 -   Accuracy gap:         -0.003468
2026-07-19 14:34:37,047 -   Epoch time:           1.97 sec
2026-07-19 14:34:37,048 - 
--- EPOCH 942/1000 ---
2026-07-19 14:34:37,049 - Starting epoch 942
2026-07-19 14:34:38,841 - Epoch 942 results:
2026-07-19 14:34:38,842 -   Train Loss:           0.204401
2026-07-19 14:34:38,843 -   Val/Test Loss:        0.202099
2026-07-19 14:34:38,844 -   Train Bal.Accuracy:   0.721541
2026-07-19 14:34:38,845 -   Val/Test Bal.Accuracy:0.725009
2026-07-19 14:34:38,846 -   Loss gap:             0.002302
2026-07-19 14:34:38,849 -   Accuracy gap:         -0.003468
2026-07-19 14:34:38,851 -   Epoch time:           1.79 sec
2026-07-19 14:34:38,852 - 
--- EPOCH 943/1000 ---
2026-07-19 14:34:38,853 - Starting epoch 943
2026-07-19 14:34:40,827 - Epoch 943 results:
2026-07-19 14:34:40,828 -   Train Loss:           0.204401
2026-07-19 14:34:40,829 -   Val/Test Loss:        0.202099
2026-07-19 14:34:40,830 -   Train Bal.Accuracy:   0.721541
2026-07-19 14:34:40,831 -   Val/Test Bal.Accuracy:0.725009
2026-07-19 14:34:40,832 -   Loss gap:             0.002302
2026-07-19 14:34:40,833 -   Accuracy gap:         -0.003468
2026-07-19 14:34:40,834 -   Epoch time:           1.97 sec
2026-07-19 14:34:40,834 - 
--- EPOCH 944/1000 ---
2026-07-19 14:34:40,836 - Starting epoch 944
2026-07-19 14:34:42,829 - Epoch 944 results:
2026-07-19 14:34:42,830 -   Train Loss:           0.204401
2026-07-19 14:34:42,831 -   Val/Test Loss:        0.202099
2026-07-19 14:34:42,832 -   Train Bal.Accuracy:   0.721541
2026-07-19 14:34:42,833 -   Val/Test Bal.Accuracy:0.725009
2026-07-19 14:34:42,833 -   Loss gap:             0.002302
2026-07-19 14:34:42,834 -   Accuracy gap:         -0.003468
2026-07-19 14:34:42,835 -   Epoch time:           1.99 sec
2026-07-19 14:34:42,836 - 
--- EPOCH 945/1000 ---
2026-07-19 14:34:42,837 - Starting epoch 945
2026-07-19 14:34:44,639 - Epoch 945 results:
2026-07-19 14:34:44,641 -   Train Loss:           0.204401
2026-07-19 14:34:44,643 -   Val/Test Loss:        0.202099
2026-07-19 14:34:44,644 -   Train Bal.Accuracy:   0.721541
2026-07-19 14:34:44,645 -   Val/Test Bal.Accuracy:0.725009
2026-07-19 14:34:44,646 -   Loss gap:             0.002302
2026-07-19 14:34:44,647 -   Accuracy gap:         -0.003468
2026-07-19 14:34:44,647 -   Epoch time:           1.80 sec
2026-07-19 14:34:44,648 - 
--- EPOCH 946/1000 ---
2026-07-19 14:34:44,649 - Starting epoch 946
2026-07-19 14:34:46,492 - Epoch 946 results:
2026-07-19 14:34:46,494 -   Train Loss:           0.204401
2026-07-19 14:34:46,495 -   Val/Test Loss:        0.202099
2026-07-19 14:34:46,496 -   Train Bal.Accuracy:   0.721541
2026-07-19 14:34:46,497 -   Val/Test Bal.Accuracy:0.725009
2026-07-19 14:34:46,497 -   Loss gap:             0.002302
2026-07-19 14:34:46,498 -   Accuracy gap:         -0.003468
2026-07-19 14:34:46,499 -   Epoch time:           1.84 sec
2026-07-19 14:34:46,500 - 
--- EPOCH 947/1000 ---
2026-07-19 14:34:46,501 - Starting epoch 947
2026-07-19 14:34:48,201 - Epoch 947 results:
2026-07-19 14:34:48,202 -   Train Loss:           0.204401
2026-07-19 14:34:48,203 -   Val/Test Loss:        0.202099
2026-07-19 14:34:48,204 -   Train Bal.Accuracy:   0.721541
2026-07-19 14:34:48,205 -   Val/Test Bal.Accuracy:0.725009
2026-07-19 14:34:48,207 -   Loss gap:             0.002302
2026-07-19 14:34:48,208 -   Accuracy gap:         -0.003468
2026-07-19 14:34:48,209 -   Epoch time:           1.70 sec
2026-07-19 14:34:48,210 - 
--- EPOCH 948/1000 ---
2026-07-19 14:34:48,211 - Starting epoch 948
2026-07-19 14:34:49,923 - Epoch 948 results:
2026-07-19 14:34:49,925 -   Train Loss:           0.204401
2026-07-19 14:34:49,926 -   Val/Test Loss:        0.202099
2026-07-19 14:34:49,927 -   Train Bal.Accuracy:   0.721541
2026-07-19 14:34:49,929 -   Val/Test Bal.Accuracy:0.725009
2026-07-19 14:34:49,930 -   Loss gap:             0.002302
2026-07-19 14:34:49,931 -   Accuracy gap:         -0.003468
2026-07-19 14:34:49,932 -   Epoch time:           1.71 sec
2026-07-19 14:34:49,933 - 
--- EPOCH 949/1000 ---
2026-07-19 14:34:49,934 - Starting epoch 949
2026-07-19 14:34:51,760 - Epoch 949 results:
2026-07-19 14:34:51,761 -   Train Loss:           0.204401
2026-07-19 14:34:51,762 -   Val/Test Loss:        0.202099
2026-07-19 14:34:51,763 -   Train Bal.Accuracy:   0.721541
2026-07-19 14:34:51,764 -   Val/Test Bal.Accuracy:0.725009
2026-07-19 14:34:51,765 -   Loss gap:             0.002302
2026-07-19 14:34:51,766 -   Accuracy gap:         -0.003468
2026-07-19 14:34:51,767 -   Epoch time:           1.83 sec
2026-07-19 14:34:51,767 - 
--- EPOCH 950/1000 ---
2026-07-19 14:34:51,768 - Starting epoch 950
2026-07-19 14:34:53,501 - Epoch 950 results:
2026-07-19 14:34:53,502 -   Train Loss:           0.204401
2026-07-19 14:34:53,503 -   Val/Test Loss:        0.202099
2026-07-19 14:34:53,504 -   Train Bal.Accuracy:   0.721541
2026-07-19 14:34:53,504 -   Val/Test Bal.Accuracy:0.725009
2026-07-19 14:34:53,505 -   Loss gap:             0.002302
2026-07-19 14:34:53,506 -   Accuracy gap:         -0.003468
2026-07-19 14:34:53,507 -   Epoch time:           1.73 sec
2026-07-19 14:34:53,508 - 
--- EPOCH 951/1000 ---
2026-07-19 14:34:53,510 - Starting epoch 951
2026-07-19 14:34:55,347 - Epoch 951 results:
2026-07-19 14:34:55,348 -   Train Loss:           0.204401
2026-07-19 14:34:55,349 -   Val/Test Loss:        0.202099
2026-07-19 14:34:55,350 -   Train Bal.Accuracy:   0.721541
2026-07-19 14:34:55,351 -   Val/Test Bal.Accuracy:0.725009
2026-07-19 14:34:55,353 -   Loss gap:             0.002302
2026-07-19 14:34:55,353 -   Accuracy gap:         -0.003468
2026-07-19 14:34:55,354 -   Epoch time:           1.84 sec
2026-07-19 14:34:55,355 - 
--- EPOCH 952/1000 ---
2026-07-19 14:34:55,356 - Starting epoch 952
2026-07-19 14:34:57,040 - Epoch 952 results:
2026-07-19 14:34:57,042 -   Train Loss:           0.204401
2026-07-19 14:34:57,043 -   Val/Test Loss:        0.202099
2026-07-19 14:34:57,045 -   Train Bal.Accuracy:   0.721541
2026-07-19 14:34:57,046 -   Val/Test Bal.Accuracy:0.725009
2026-07-19 14:34:57,047 -   Loss gap:             0.002302
2026-07-19 14:34:57,048 -   Accuracy gap:         -0.003468
2026-07-19 14:34:57,049 -   Epoch time:           1.68 sec
2026-07-19 14:34:57,050 - 
--- EPOCH 953/1000 ---
2026-07-19 14:34:57,051 - Starting epoch 953
2026-07-19 14:34:58,800 - Epoch 953 results:
2026-07-19 14:34:58,801 -   Train Loss:           0.204401
2026-07-19 14:34:58,802 -   Val/Test Loss:        0.202099
2026-07-19 14:34:58,803 -   Train Bal.Accuracy:   0.721541
2026-07-19 14:34:58,804 -   Val/Test Bal.Accuracy:0.725009
2026-07-19 14:34:58,805 -   Loss gap:             0.002302
2026-07-19 14:34:58,806 -   Accuracy gap:         -0.003468
2026-07-19 14:34:58,807 -   Epoch time:           1.75 sec
2026-07-19 14:34:58,808 - 
--- EPOCH 954/1000 ---
2026-07-19 14:34:58,810 - Starting epoch 954
2026-07-19 14:35:00,669 - Epoch 954 results:
2026-07-19 14:35:00,671 -   Train Loss:           0.204401
2026-07-19 14:35:00,672 -   Val/Test Loss:        0.202099
2026-07-19 14:35:00,674 -   Train Bal.Accuracy:   0.721541
2026-07-19 14:35:00,675 -   Val/Test Bal.Accuracy:0.725009
2026-07-19 14:35:00,677 -   Loss gap:             0.002302
2026-07-19 14:35:00,679 -   Accuracy gap:         -0.003468
2026-07-19 14:35:00,682 -   Epoch time:           1.86 sec
2026-07-19 14:35:00,683 - 
--- EPOCH 955/1000 ---
2026-07-19 14:35:00,684 - Starting epoch 955
2026-07-19 14:35:02,708 - Epoch 955 results:
2026-07-19 14:35:02,710 -   Train Loss:           0.204401
2026-07-19 14:35:02,711 -   Val/Test Loss:        0.202099
2026-07-19 14:35:02,712 -   Train Bal.Accuracy:   0.721541
2026-07-19 14:35:02,713 -   Val/Test Bal.Accuracy:0.725009
2026-07-19 14:35:02,714 -   Loss gap:             0.002302
2026-07-19 14:35:02,715 -   Accuracy gap:         -0.003468
2026-07-19 14:35:02,715 -   Epoch time:           2.02 sec
2026-07-19 14:35:02,716 - 
--- EPOCH 956/1000 ---
2026-07-19 14:35:02,717 - Starting epoch 956
2026-07-19 14:35:04,398 - Epoch 956 results:
2026-07-19 14:35:04,399 -   Train Loss:           0.204401
2026-07-19 14:35:04,400 -   Val/Test Loss:        0.202099
2026-07-19 14:35:04,400 -   Train Bal.Accuracy:   0.721541
2026-07-19 14:35:04,401 -   Val/Test Bal.Accuracy:0.725009
2026-07-19 14:35:04,402 -   Loss gap:             0.002302
2026-07-19 14:35:04,403 -   Accuracy gap:         -0.003468
2026-07-19 14:35:04,404 -   Epoch time:           1.68 sec
2026-07-19 14:35:04,405 - 
--- EPOCH 957/1000 ---
2026-07-19 14:35:04,406 - Starting epoch 957
2026-07-19 14:35:06,233 - Epoch 957 results:
2026-07-19 14:35:06,234 -   Train Loss:           0.204401
2026-07-19 14:35:06,235 -   Val/Test Loss:        0.202099
2026-07-19 14:35:06,236 -   Train Bal.Accuracy:   0.721541
2026-07-19 14:35:06,237 -   Val/Test Bal.Accuracy:0.725009
2026-07-19 14:35:06,238 -   Loss gap:             0.002302
2026-07-19 14:35:06,239 -   Accuracy gap:         -0.003468
2026-07-19 14:35:06,240 -   Epoch time:           1.83 sec
2026-07-19 14:35:06,241 - 
--- EPOCH 958/1000 ---
2026-07-19 14:35:06,242 - Starting epoch 958
2026-07-19 14:35:08,148 - Epoch 958 results:
2026-07-19 14:35:08,149 -   Train Loss:           0.204401
2026-07-19 14:35:08,150 -   Val/Test Loss:        0.202099
2026-07-19 14:35:08,151 -   Train Bal.Accuracy:   0.721533
2026-07-19 14:35:08,152 -   Val/Test Bal.Accuracy:0.725009
2026-07-19 14:35:08,153 -   Loss gap:             0.002302
2026-07-19 14:35:08,154 -   Accuracy gap:         -0.003476
2026-07-19 14:35:08,155 -   Epoch time:           1.91 sec
2026-07-19 14:35:08,156 - 
--- EPOCH 959/1000 ---
2026-07-19 14:35:08,157 - Starting epoch 959
2026-07-19 14:35:09,979 - Epoch 959 results:
2026-07-19 14:35:09,980 -   Train Loss:           0.204401
2026-07-19 14:35:09,981 -   Val/Test Loss:        0.202099
2026-07-19 14:35:09,982 -   Train Bal.Accuracy:   0.721533
2026-07-19 14:35:09,983 -   Val/Test Bal.Accuracy:0.725009
2026-07-19 14:35:09,984 -   Loss gap:             0.002302
2026-07-19 14:35:09,985 -   Accuracy gap:         -0.003476
2026-07-19 14:35:09,986 -   Epoch time:           1.82 sec
2026-07-19 14:35:09,987 - 
--- EPOCH 960/1000 ---
2026-07-19 14:35:09,987 - Starting epoch 960
2026-07-19 14:35:11,844 - Epoch 960 results:
2026-07-19 14:35:11,845 -   Train Loss:           0.204401
2026-07-19 14:35:11,846 -   Val/Test Loss:        0.202099
2026-07-19 14:35:11,847 -   Train Bal.Accuracy:   0.721533
2026-07-19 14:35:11,848 -   Val/Test Bal.Accuracy:0.725009
2026-07-19 14:35:11,849 -   Loss gap:             0.002302
2026-07-19 14:35:11,850 -   Accuracy gap:         -0.003476
2026-07-19 14:35:11,851 -   Epoch time:           1.86 sec
2026-07-19 14:35:11,852 - 
--- EPOCH 961/1000 ---
2026-07-19 14:35:11,853 - Starting epoch 961
2026-07-19 14:35:13,683 - Epoch 961 results:
2026-07-19 14:35:13,684 -   Train Loss:           0.204401
2026-07-19 14:35:13,685 -   Val/Test Loss:        0.202099
2026-07-19 14:35:13,686 -   Train Bal.Accuracy:   0.721533
2026-07-19 14:35:13,687 -   Val/Test Bal.Accuracy:0.725009
2026-07-19 14:35:13,687 -   Loss gap:             0.002302
2026-07-19 14:35:13,688 -   Accuracy gap:         -0.003476
2026-07-19 14:35:13,689 -   Epoch time:           1.83 sec
2026-07-19 14:35:13,690 - 
--- EPOCH 962/1000 ---
2026-07-19 14:35:13,692 - Starting epoch 962
2026-07-19 14:35:15,415 - Epoch 962 results:
2026-07-19 14:35:15,417 -   Train Loss:           0.204401
2026-07-19 14:35:15,418 -   Val/Test Loss:        0.202099
2026-07-19 14:35:15,419 -   Train Bal.Accuracy:   0.721533
2026-07-19 14:35:15,420 -   Val/Test Bal.Accuracy:0.725009
2026-07-19 14:35:15,421 -   Loss gap:             0.002302
2026-07-19 14:35:15,422 -   Accuracy gap:         -0.003476
2026-07-19 14:35:15,423 -   Epoch time:           1.73 sec
2026-07-19 14:35:15,424 - 
--- EPOCH 963/1000 ---
2026-07-19 14:35:15,426 - Starting epoch 963
2026-07-19 14:35:17,325 - Epoch 963 results:
2026-07-19 14:35:17,326 -   Train Loss:           0.204401
2026-07-19 14:35:17,327 -   Val/Test Loss:        0.202099
2026-07-19 14:35:17,329 -   Train Bal.Accuracy:   0.721533
2026-07-19 14:35:17,330 -   Val/Test Bal.Accuracy:0.725009
2026-07-19 14:35:17,331 -   Loss gap:             0.002302
2026-07-19 14:35:17,332 -   Accuracy gap:         -0.003476
2026-07-19 14:35:17,332 -   Epoch time:           1.90 sec
2026-07-19 14:35:17,333 - 
--- EPOCH 964/1000 ---
2026-07-19 14:35:17,334 - Starting epoch 964
2026-07-19 14:35:19,114 - Epoch 964 results:
2026-07-19 14:35:19,115 -   Train Loss:           0.204401
2026-07-19 14:35:19,117 -   Val/Test Loss:        0.202099
2026-07-19 14:35:19,118 -   Train Bal.Accuracy:   0.721533
2026-07-19 14:35:19,119 -   Val/Test Bal.Accuracy:0.725009
2026-07-19 14:35:19,120 -   Loss gap:             0.002302
2026-07-19 14:35:19,121 -   Accuracy gap:         -0.003476
2026-07-19 14:35:19,122 -   Epoch time:           1.78 sec
2026-07-19 14:35:19,122 - 
--- EPOCH 965/1000 ---
2026-07-19 14:35:19,124 - Starting epoch 965
2026-07-19 14:35:20,984 - Epoch 965 results:
2026-07-19 14:35:20,985 -   Train Loss:           0.204401
2026-07-19 14:35:20,986 -   Val/Test Loss:        0.202099
2026-07-19 14:35:20,988 -   Train Bal.Accuracy:   0.721533
2026-07-19 14:35:20,988 -   Val/Test Bal.Accuracy:0.725009
2026-07-19 14:35:20,989 -   Loss gap:             0.002302
2026-07-19 14:35:20,990 -   Accuracy gap:         -0.003476
2026-07-19 14:35:20,992 -   Epoch time:           1.86 sec
2026-07-19 14:35:20,994 - 
--- EPOCH 966/1000 ---
2026-07-19 14:35:20,996 - Starting epoch 966
2026-07-19 14:35:22,810 - Epoch 966 results:
2026-07-19 14:35:22,811 -   Train Loss:           0.204401
2026-07-19 14:35:22,812 -   Val/Test Loss:        0.202099
2026-07-19 14:35:22,813 -   Train Bal.Accuracy:   0.721533
2026-07-19 14:35:22,814 -   Val/Test Bal.Accuracy:0.725009
2026-07-19 14:35:22,815 -   Loss gap:             0.002302
2026-07-19 14:35:22,816 -   Accuracy gap:         -0.003476
2026-07-19 14:35:22,817 -   Epoch time:           1.82 sec
2026-07-19 14:35:22,817 - 
--- EPOCH 967/1000 ---
2026-07-19 14:35:22,818 - Starting epoch 967
2026-07-19 14:35:24,530 - Epoch 967 results:
2026-07-19 14:35:24,531 -   Train Loss:           0.204401
2026-07-19 14:35:24,532 -   Val/Test Loss:        0.202099
2026-07-19 14:35:24,533 -   Train Bal.Accuracy:   0.721533
2026-07-19 14:35:24,534 -   Val/Test Bal.Accuracy:0.725009
2026-07-19 14:35:24,535 -   Loss gap:             0.002302
2026-07-19 14:35:24,535 -   Accuracy gap:         -0.003476
2026-07-19 14:35:24,536 -   Epoch time:           1.71 sec
2026-07-19 14:35:24,537 - 
--- EPOCH 968/1000 ---
2026-07-19 14:35:24,538 - Starting epoch 968
2026-07-19 14:35:26,332 - Epoch 968 results:
2026-07-19 14:35:26,333 -   Train Loss:           0.204401
2026-07-19 14:35:26,334 -   Val/Test Loss:        0.202099
2026-07-19 14:35:26,335 -   Train Bal.Accuracy:   0.721533
2026-07-19 14:35:26,336 -   Val/Test Bal.Accuracy:0.725009
2026-07-19 14:35:26,336 -   Loss gap:             0.002302
2026-07-19 14:35:26,337 -   Accuracy gap:         -0.003476
2026-07-19 14:35:26,338 -   Epoch time:           1.79 sec
2026-07-19 14:35:26,341 - 
--- EPOCH 969/1000 ---
2026-07-19 14:35:26,342 - Starting epoch 969
2026-07-19 14:35:28,162 - Epoch 969 results:
2026-07-19 14:35:28,163 -   Train Loss:           0.204401
2026-07-19 14:35:28,165 -   Val/Test Loss:        0.202099
2026-07-19 14:35:28,166 -   Train Bal.Accuracy:   0.721533
2026-07-19 14:35:28,167 -   Val/Test Bal.Accuracy:0.725009
2026-07-19 14:35:28,168 -   Loss gap:             0.002302
2026-07-19 14:35:28,169 -   Accuracy gap:         -0.003476
2026-07-19 14:35:28,170 -   Epoch time:           1.82 sec
2026-07-19 14:35:28,171 - 
--- EPOCH 970/1000 ---
2026-07-19 14:35:28,173 - Starting epoch 970
2026-07-19 14:35:30,010 - Epoch 970 results:
2026-07-19 14:35:30,012 -   Train Loss:           0.204401
2026-07-19 14:35:30,013 -   Val/Test Loss:        0.202099
2026-07-19 14:35:30,014 -   Train Bal.Accuracy:   0.721533
2026-07-19 14:35:30,015 -   Val/Test Bal.Accuracy:0.725009
2026-07-19 14:35:30,016 -   Loss gap:             0.002302
2026-07-19 14:35:30,017 -   Accuracy gap:         -0.003476
2026-07-19 14:35:30,018 -   Epoch time:           1.84 sec
2026-07-19 14:35:30,019 - 
--- EPOCH 971/1000 ---
2026-07-19 14:35:30,020 - Starting epoch 971
2026-07-19 14:35:31,818 - Epoch 971 results:
2026-07-19 14:35:31,819 -   Train Loss:           0.204401
2026-07-19 14:35:31,819 -   Val/Test Loss:        0.202099
2026-07-19 14:35:31,820 -   Train Bal.Accuracy:   0.721533
2026-07-19 14:35:31,821 -   Val/Test Bal.Accuracy:0.725009
2026-07-19 14:35:31,822 -   Loss gap:             0.002302
2026-07-19 14:35:31,823 -   Accuracy gap:         -0.003476
2026-07-19 14:35:31,824 -   Epoch time:           1.80 sec
2026-07-19 14:35:31,825 - 
--- EPOCH 972/1000 ---
2026-07-19 14:35:31,826 - Starting epoch 972
2026-07-19 14:35:33,490 - Epoch 972 results:
2026-07-19 14:35:33,492 -   Train Loss:           0.204401
2026-07-19 14:35:33,493 -   Val/Test Loss:        0.202099
2026-07-19 14:35:33,494 -   Train Bal.Accuracy:   0.721533
2026-07-19 14:35:33,495 -   Val/Test Bal.Accuracy:0.725009
2026-07-19 14:35:33,496 -   Loss gap:             0.002302
2026-07-19 14:35:33,497 -   Accuracy gap:         -0.003476
2026-07-19 14:35:33,498 -   Epoch time:           1.67 sec
2026-07-19 14:35:33,499 - 
--- EPOCH 973/1000 ---
2026-07-19 14:35:33,500 - Starting epoch 973
2026-07-19 14:35:36,063 - Epoch 973 results:
2026-07-19 14:35:36,064 -   Train Loss:           0.204401
2026-07-19 14:35:36,065 -   Val/Test Loss:        0.202099
2026-07-19 14:35:36,067 -   Train Bal.Accuracy:   0.721533
2026-07-19 14:35:36,068 -   Val/Test Bal.Accuracy:0.725009
2026-07-19 14:35:36,070 -   Loss gap:             0.002302
2026-07-19 14:35:36,071 -   Accuracy gap:         -0.003476
2026-07-19 14:35:36,072 -   Epoch time:           2.56 sec
2026-07-19 14:35:36,073 - 
--- EPOCH 974/1000 ---
2026-07-19 14:35:36,074 - Starting epoch 974
2026-07-19 14:35:37,916 - Epoch 974 results:
2026-07-19 14:35:37,917 -   Train Loss:           0.204401
2026-07-19 14:35:37,919 -   Val/Test Loss:        0.202099
2026-07-19 14:35:37,920 -   Train Bal.Accuracy:   0.721533
2026-07-19 14:35:37,921 -   Val/Test Bal.Accuracy:0.725009
2026-07-19 14:35:37,923 -   Loss gap:             0.002302
2026-07-19 14:35:37,924 -   Accuracy gap:         -0.003476
2026-07-19 14:35:37,926 -   Epoch time:           1.84 sec
2026-07-19 14:35:37,928 - 
--- EPOCH 975/1000 ---
2026-07-19 14:35:37,929 - Starting epoch 975
2026-07-19 14:35:40,486 - Epoch 975 results:
2026-07-19 14:35:40,488 -   Train Loss:           0.204401
2026-07-19 14:35:40,489 -   Val/Test Loss:        0.202099
2026-07-19 14:35:40,491 -   Train Bal.Accuracy:   0.721534
2026-07-19 14:35:40,493 -   Val/Test Bal.Accuracy:0.725009
2026-07-19 14:35:40,495 -   Loss gap:             0.002302
2026-07-19 14:35:40,497 -   Accuracy gap:         -0.003476
2026-07-19 14:35:40,498 -   Epoch time:           2.56 sec
2026-07-19 14:35:40,500 - 
--- EPOCH 976/1000 ---
2026-07-19 14:35:40,502 - Starting epoch 976
2026-07-19 14:35:43,451 - Epoch 976 results:
2026-07-19 14:35:43,452 -   Train Loss:           0.204401
2026-07-19 14:35:43,453 -   Val/Test Loss:        0.202099
2026-07-19 14:35:43,454 -   Train Bal.Accuracy:   0.721534
2026-07-19 14:35:43,455 -   Val/Test Bal.Accuracy:0.725009
2026-07-19 14:35:43,456 -   Loss gap:             0.002302
2026-07-19 14:35:43,457 -   Accuracy gap:         -0.003476
2026-07-19 14:35:43,458 -   Epoch time:           2.95 sec
2026-07-19 14:35:43,459 - 
--- EPOCH 977/1000 ---
2026-07-19 14:35:43,460 - Starting epoch 977
2026-07-19 14:35:45,259 - Epoch 977 results:
2026-07-19 14:35:45,260 -   Train Loss:           0.204401
2026-07-19 14:35:45,261 -   Val/Test Loss:        0.202099
2026-07-19 14:35:45,262 -   Train Bal.Accuracy:   0.721534
2026-07-19 14:35:45,263 -   Val/Test Bal.Accuracy:0.725009
2026-07-19 14:35:45,264 -   Loss gap:             0.002302
2026-07-19 14:35:45,265 -   Accuracy gap:         -0.003476
2026-07-19 14:35:45,266 -   Epoch time:           1.80 sec
2026-07-19 14:35:45,267 - 
--- EPOCH 978/1000 ---
2026-07-19 14:35:45,268 - Starting epoch 978
2026-07-19 14:35:46,834 - Epoch 978 results:
2026-07-19 14:35:46,835 -   Train Loss:           0.204401
2026-07-19 14:35:46,836 -   Val/Test Loss:        0.202099
2026-07-19 14:35:46,837 -   Train Bal.Accuracy:   0.721534
2026-07-19 14:35:46,838 -   Val/Test Bal.Accuracy:0.725009
2026-07-19 14:35:46,839 -   Loss gap:             0.002302
2026-07-19 14:35:46,839 -   Accuracy gap:         -0.003476
2026-07-19 14:35:46,840 -   Epoch time:           1.57 sec
2026-07-19 14:35:46,841 - 
--- EPOCH 979/1000 ---
2026-07-19 14:35:46,842 - Starting epoch 979
2026-07-19 14:35:48,540 - Epoch 979 results:
2026-07-19 14:35:48,541 -   Train Loss:           0.204401
2026-07-19 14:35:48,543 -   Val/Test Loss:        0.202099
2026-07-19 14:35:48,544 -   Train Bal.Accuracy:   0.721534
2026-07-19 14:35:48,545 -   Val/Test Bal.Accuracy:0.725009
2026-07-19 14:35:48,547 -   Loss gap:             0.002302
2026-07-19 14:35:48,548 -   Accuracy gap:         -0.003476
2026-07-19 14:35:48,549 -   Epoch time:           1.70 sec
2026-07-19 14:35:48,551 - 
--- EPOCH 980/1000 ---
2026-07-19 14:35:48,553 - Starting epoch 980
2026-07-19 14:35:50,131 - Epoch 980 results:
2026-07-19 14:35:50,132 -   Train Loss:           0.204401
2026-07-19 14:35:50,132 -   Val/Test Loss:        0.202099
2026-07-19 14:35:50,133 -   Train Bal.Accuracy:   0.721534
2026-07-19 14:35:50,134 -   Val/Test Bal.Accuracy:0.725009
2026-07-19 14:35:50,135 -   Loss gap:             0.002302
2026-07-19 14:35:50,136 -   Accuracy gap:         -0.003476
2026-07-19 14:35:50,137 -   Epoch time:           1.58 sec
2026-07-19 14:35:50,137 - 
--- EPOCH 981/1000 ---
2026-07-19 14:35:50,138 - Starting epoch 981
2026-07-19 14:35:51,661 - Epoch 981 results:
2026-07-19 14:35:51,662 -   Train Loss:           0.204401
2026-07-19 14:35:51,663 -   Val/Test Loss:        0.202099
2026-07-19 14:35:51,664 -   Train Bal.Accuracy:   0.721534
2026-07-19 14:35:51,665 -   Val/Test Bal.Accuracy:0.725009
2026-07-19 14:35:51,666 -   Loss gap:             0.002302
2026-07-19 14:35:51,667 -   Accuracy gap:         -0.003476
2026-07-19 14:35:51,668 -   Epoch time:           1.52 sec
2026-07-19 14:35:51,669 - 
--- EPOCH 982/1000 ---
2026-07-19 14:35:51,670 - Starting epoch 982
2026-07-19 14:35:53,239 - Epoch 982 results:
2026-07-19 14:35:53,240 -   Train Loss:           0.204401
2026-07-19 14:35:53,240 -   Val/Test Loss:        0.202099
2026-07-19 14:35:53,241 -   Train Bal.Accuracy:   0.721534
2026-07-19 14:35:53,242 -   Val/Test Bal.Accuracy:0.725009
2026-07-19 14:35:53,243 -   Loss gap:             0.002302
2026-07-19 14:35:53,244 -   Accuracy gap:         -0.003476
2026-07-19 14:35:53,245 -   Epoch time:           1.57 sec
2026-07-19 14:35:53,246 - 
--- EPOCH 983/1000 ---
2026-07-19 14:35:53,246 - Starting epoch 983
2026-07-19 14:35:54,777 - Epoch 983 results:
2026-07-19 14:35:54,779 -   Train Loss:           0.204401
2026-07-19 14:35:54,779 -   Val/Test Loss:        0.202099
2026-07-19 14:35:54,780 -   Train Bal.Accuracy:   0.721534
2026-07-19 14:35:54,781 -   Val/Test Bal.Accuracy:0.725009
2026-07-19 14:35:54,782 -   Loss gap:             0.002302
2026-07-19 14:35:54,783 -   Accuracy gap:         -0.003476
2026-07-19 14:35:54,784 -   Epoch time:           1.53 sec
2026-07-19 14:35:54,785 - 
--- EPOCH 984/1000 ---
2026-07-19 14:35:54,786 - Starting epoch 984
2026-07-19 14:35:56,331 - Epoch 984 results:
2026-07-19 14:35:56,333 -   Train Loss:           0.204401
2026-07-19 14:35:56,334 -   Val/Test Loss:        0.202099
2026-07-19 14:35:56,335 -   Train Bal.Accuracy:   0.721534
2026-07-19 14:35:56,336 -   Val/Test Bal.Accuracy:0.725009
2026-07-19 14:35:56,337 -   Loss gap:             0.002302
2026-07-19 14:35:56,338 -   Accuracy gap:         -0.003476
2026-07-19 14:35:56,339 -   Epoch time:           1.55 sec
2026-07-19 14:35:56,339 - 
--- EPOCH 985/1000 ---
2026-07-19 14:35:56,341 - Starting epoch 985
2026-07-19 14:35:57,970 - Epoch 985 results:
2026-07-19 14:35:57,971 -   Train Loss:           0.204401
2026-07-19 14:35:57,972 -   Val/Test Loss:        0.202099
2026-07-19 14:35:57,973 -   Train Bal.Accuracy:   0.721534
2026-07-19 14:35:57,974 -   Val/Test Bal.Accuracy:0.725009
2026-07-19 14:35:57,974 -   Loss gap:             0.002302
2026-07-19 14:35:57,975 -   Accuracy gap:         -0.003476
2026-07-19 14:35:57,976 -   Epoch time:           1.63 sec
2026-07-19 14:35:57,977 - 
--- EPOCH 986/1000 ---
2026-07-19 14:35:57,978 - Starting epoch 986
2026-07-19 14:35:59,497 - Epoch 986 results:
2026-07-19 14:35:59,498 -   Train Loss:           0.204401
2026-07-19 14:35:59,499 -   Val/Test Loss:        0.202099
2026-07-19 14:35:59,500 -   Train Bal.Accuracy:   0.721534
2026-07-19 14:35:59,501 -   Val/Test Bal.Accuracy:0.725009
2026-07-19 14:35:59,502 -   Loss gap:             0.002302
2026-07-19 14:35:59,503 -   Accuracy gap:         -0.003476
2026-07-19 14:35:59,504 -   Epoch time:           1.52 sec
2026-07-19 14:35:59,505 - 
--- EPOCH 987/1000 ---
2026-07-19 14:35:59,505 - Starting epoch 987
2026-07-19 14:36:01,059 - Epoch 987 results:
2026-07-19 14:36:01,060 -   Train Loss:           0.204401
2026-07-19 14:36:01,061 -   Val/Test Loss:        0.202099
2026-07-19 14:36:01,063 -   Train Bal.Accuracy:   0.721534
2026-07-19 14:36:01,064 -   Val/Test Bal.Accuracy:0.725009
2026-07-19 14:36:01,065 -   Loss gap:             0.002302
2026-07-19 14:36:01,066 -   Accuracy gap:         -0.003476
2026-07-19 14:36:01,067 -   Epoch time:           1.55 sec
2026-07-19 14:36:01,067 - 
--- EPOCH 988/1000 ---
2026-07-19 14:36:01,069 - Starting epoch 988
2026-07-19 14:36:02,642 - Epoch 988 results:
2026-07-19 14:36:02,643 -   Train Loss:           0.204401
2026-07-19 14:36:02,644 -   Val/Test Loss:        0.202099
2026-07-19 14:36:02,645 -   Train Bal.Accuracy:   0.721534
2026-07-19 14:36:02,646 -   Val/Test Bal.Accuracy:0.725009
2026-07-19 14:36:02,648 -   Loss gap:             0.002302
2026-07-19 14:36:02,649 -   Accuracy gap:         -0.003476
2026-07-19 14:36:02,650 -   Epoch time:           1.57 sec
2026-07-19 14:36:02,650 - 
--- EPOCH 989/1000 ---
2026-07-19 14:36:02,651 - Starting epoch 989
2026-07-19 14:36:04,223 - Epoch 989 results:
2026-07-19 14:36:04,225 -   Train Loss:           0.204401
2026-07-19 14:36:04,226 -   Val/Test Loss:        0.202099
2026-07-19 14:36:04,227 -   Train Bal.Accuracy:   0.721534
2026-07-19 14:36:04,228 -   Val/Test Bal.Accuracy:0.725009
2026-07-19 14:36:04,229 -   Loss gap:             0.002302
2026-07-19 14:36:04,230 -   Accuracy gap:         -0.003476
2026-07-19 14:36:04,232 -   Epoch time:           1.57 sec
2026-07-19 14:36:04,233 - 
--- EPOCH 990/1000 ---
2026-07-19 14:36:04,234 - Starting epoch 990
2026-07-19 14:36:05,839 - Epoch 990 results:
2026-07-19 14:36:05,840 -   Train Loss:           0.204401
2026-07-19 14:36:05,841 -   Val/Test Loss:        0.202099
2026-07-19 14:36:05,842 -   Train Bal.Accuracy:   0.721534
2026-07-19 14:36:05,843 -   Val/Test Bal.Accuracy:0.725009
2026-07-19 14:36:05,844 -   Loss gap:             0.002302
2026-07-19 14:36:05,845 -   Accuracy gap:         -0.003476
2026-07-19 14:36:05,846 -   Epoch time:           1.61 sec
2026-07-19 14:36:05,847 - 
--- EPOCH 991/1000 ---
2026-07-19 14:36:05,848 - Starting epoch 991
2026-07-19 14:36:07,362 - Epoch 991 results:
2026-07-19 14:36:07,363 -   Train Loss:           0.204401
2026-07-19 14:36:07,364 -   Val/Test Loss:        0.202099
2026-07-19 14:36:07,365 -   Train Bal.Accuracy:   0.721534
2026-07-19 14:36:07,366 -   Val/Test Bal.Accuracy:0.725009
2026-07-19 14:36:07,367 -   Loss gap:             0.002302
2026-07-19 14:36:07,368 -   Accuracy gap:         -0.003476
2026-07-19 14:36:07,369 -   Epoch time:           1.51 sec
2026-07-19 14:36:07,369 - 
--- EPOCH 992/1000 ---
2026-07-19 14:36:07,370 - Starting epoch 992
2026-07-19 14:36:09,001 - Epoch 992 results:
2026-07-19 14:36:09,002 -   Train Loss:           0.204401
2026-07-19 14:36:09,003 -   Val/Test Loss:        0.202099
2026-07-19 14:36:09,004 -   Train Bal.Accuracy:   0.721534
2026-07-19 14:36:09,004 -   Val/Test Bal.Accuracy:0.725009
2026-07-19 14:36:09,005 -   Loss gap:             0.002302
2026-07-19 14:36:09,006 -   Accuracy gap:         -0.003476
2026-07-19 14:36:09,007 -   Epoch time:           1.63 sec
2026-07-19 14:36:09,008 - 
--- EPOCH 993/1000 ---
2026-07-19 14:36:09,009 - Starting epoch 993
2026-07-19 14:36:10,513 - Epoch 993 results:
2026-07-19 14:36:10,514 -   Train Loss:           0.204401
2026-07-19 14:36:10,515 -   Val/Test Loss:        0.202099
2026-07-19 14:36:10,516 -   Train Bal.Accuracy:   0.721534
2026-07-19 14:36:10,517 -   Val/Test Bal.Accuracy:0.725009
2026-07-19 14:36:10,518 -   Loss gap:             0.002302
2026-07-19 14:36:10,519 -   Accuracy gap:         -0.003476
2026-07-19 14:36:10,520 -   Epoch time:           1.50 sec
2026-07-19 14:36:10,521 - 
--- EPOCH 994/1000 ---
2026-07-19 14:36:10,523 - Starting epoch 994
2026-07-19 14:36:11,981 - Epoch 994 results:
2026-07-19 14:36:11,982 -   Train Loss:           0.204401
2026-07-19 14:36:11,983 -   Val/Test Loss:        0.202099
2026-07-19 14:36:11,984 -   Train Bal.Accuracy:   0.721534
2026-07-19 14:36:11,985 -   Val/Test Bal.Accuracy:0.725009
2026-07-19 14:36:11,986 -   Loss gap:             0.002302
2026-07-19 14:36:11,987 -   Accuracy gap:         -0.003476
2026-07-19 14:36:11,988 -   Epoch time:           1.46 sec
2026-07-19 14:36:11,989 - 
--- EPOCH 995/1000 ---
2026-07-19 14:36:11,989 - Starting epoch 995
2026-07-19 14:36:13,461 - Epoch 995 results:
2026-07-19 14:36:13,462 -   Train Loss:           0.204401
2026-07-19 14:36:13,463 -   Val/Test Loss:        0.202099
2026-07-19 14:36:13,464 -   Train Bal.Accuracy:   0.721534
2026-07-19 14:36:13,465 -   Val/Test Bal.Accuracy:0.725009
2026-07-19 14:36:13,466 -   Loss gap:             0.002302
2026-07-19 14:36:13,467 -   Accuracy gap:         -0.003476
2026-07-19 14:36:13,468 -   Epoch time:           1.47 sec
2026-07-19 14:36:13,469 - 
--- EPOCH 996/1000 ---
2026-07-19 14:36:13,469 - Starting epoch 996
2026-07-19 14:36:14,977 - Epoch 996 results:
2026-07-19 14:36:14,978 -   Train Loss:           0.204401
2026-07-19 14:36:14,979 -   Val/Test Loss:        0.202099
2026-07-19 14:36:14,980 -   Train Bal.Accuracy:   0.721534
2026-07-19 14:36:14,980 -   Val/Test Bal.Accuracy:0.725009
2026-07-19 14:36:14,981 -   Loss gap:             0.002302
2026-07-19 14:36:14,982 -   Accuracy gap:         -0.003476
2026-07-19 14:36:14,983 -   Epoch time:           1.51 sec
2026-07-19 14:36:14,984 - 
--- EPOCH 997/1000 ---
2026-07-19 14:36:14,985 - Starting epoch 997
2026-07-19 14:36:16,582 - Epoch 997 results:
2026-07-19 14:36:16,583 -   Train Loss:           0.204401
2026-07-19 14:36:16,584 -   Val/Test Loss:        0.202099
2026-07-19 14:36:16,585 -   Train Bal.Accuracy:   0.721534
2026-07-19 14:36:16,586 -   Val/Test Bal.Accuracy:0.725009
2026-07-19 14:36:16,587 -   Loss gap:             0.002302
2026-07-19 14:36:16,588 -   Accuracy gap:         -0.003476
2026-07-19 14:36:16,589 -   Epoch time:           1.60 sec
2026-07-19 14:36:16,590 - 
--- EPOCH 998/1000 ---
2026-07-19 14:36:16,591 - Starting epoch 998
2026-07-19 14:36:18,168 - Epoch 998 results:
2026-07-19 14:36:18,169 -   Train Loss:           0.204401
2026-07-19 14:36:18,170 -   Val/Test Loss:        0.202099
2026-07-19 14:36:18,171 -   Train Bal.Accuracy:   0.721534
2026-07-19 14:36:18,172 -   Val/Test Bal.Accuracy:0.725009
2026-07-19 14:36:18,173 -   Loss gap:             0.002302
2026-07-19 14:36:18,174 -   Accuracy gap:         -0.003476
2026-07-19 14:36:18,175 -   Epoch time:           1.58 sec
2026-07-19 14:36:18,176 - 
--- EPOCH 999/1000 ---
2026-07-19 14:36:18,178 - Starting epoch 999
2026-07-19 14:36:20,003 - Epoch 999 results:
2026-07-19 14:36:20,004 -   Train Loss:           0.204401
2026-07-19 14:36:20,005 -   Val/Test Loss:        0.202099
2026-07-19 14:36:20,006 -   Train Bal.Accuracy:   0.721534
2026-07-19 14:36:20,007 -   Val/Test Bal.Accuracy:0.725009
2026-07-19 14:36:20,008 -   Loss gap:             0.002302
2026-07-19 14:36:20,009 -   Accuracy gap:         -0.003476
2026-07-19 14:36:20,010 -   Epoch time:           1.83 sec
2026-07-19 14:36:20,011 - 
--- EPOCH 1000/1000 ---
2026-07-19 14:36:20,012 - Starting epoch 1000
2026-07-19 14:36:21,591 - Epoch 1000 results:
2026-07-19 14:36:21,592 -   Train Loss:           0.204401
2026-07-19 14:36:21,593 -   Val/Test Loss:        0.202099
2026-07-19 14:36:21,594 -   Train Bal.Accuracy:   0.721525
2026-07-19 14:36:21,595 -   Val/Test Bal.Accuracy:0.725009
2026-07-19 14:36:21,596 -   Loss gap:             0.002302
2026-07-19 14:36:21,597 -   Accuracy gap:         -0.003484
2026-07-19 14:36:21,598 -   Epoch time:           1.58 sec
2026-07-19 14:36:21,599 - 
============================================================
2026-07-19 14:36:21,600 - TRAINING COMPLETED
2026-07-19 14:36:21,601 - ============================================================
2026-07-19 14:36:21,602 - 
FINAL RESULTS (epoch 1000):
2026-07-19 14:36:21,603 -   Train Loss:           0.204401
2026-07-19 14:36:21,604 -   Val/Test Loss:        0.202099
2026-07-19 14:36:21,605 -   Train Bal.Accuracy:   0.721525
2026-07-19 14:36:21,606 -   Val/Test Bal.Accuracy:0.725009
2026-07-19 14:36:21,608 - 
BEST VALUES:
2026-07-19 14:36:21,609 -   Best Train Loss:     0.204401 (epoch 845)
2026-07-19 14:36:21,610 -   Best Val/Test Loss:  0.202099 (epoch 732)
2026-07-19 14:36:21,611 -   Best Train Acc:      0.721550 (epoch 906)
2026-07-19 14:36:21,613 -   Best Val/Test Acc:   0.725070 (epoch 795)
2026-07-19 14:36:21,614 - 
Log saved to: logs\training_log_20260719_140901.log
2026-07-19 14:36:21,615 - ============================================================
